product_id,product,subcategory,category,retail_price
1,Acqua di Parma Blu Mediterraneo Arancia di Capri Bath & Shower Gel,"bath oils, bubbles and soaks",Body care,5.0
2,Aesop Geranium Leaf Hydrating Body Treatment,"bath oils, bubbles and soaks",Body care,8.0
3,Aesop Petitgrain Reviving Body Gel,"bath oils, bubbles and soaks",Body care,7.0
4,Aesop Rind Concentrate Body Balm,"bath oils, bubbles and soaks",Body care,7.0
5,Ahava Dead Sea Mineral Bath Salts,body moisturizers,Body care,3.0
6,Ahava Dead Sea Osmoter™ Concentrate Even Tone Serum,body moisturizers,Body care,5.0
7,Ahava Mineral Bath Salts,Body soaps and washes,Body care,18.0
8,Ahava Mineral Shower Gel,"bath oils, bubbles and soaks",Body care,4.0
9,Amethyst Blaze Bracelet,face moisturizing products,Face care,161.0
10,Amethyst Bliss Bracelet,face masks and exfoliators,Body care,165.0
11,Amethyst Blossom Earrings,face masks and exfoliators,Body care,42.0
12,Amethyst Crown Earrings,hand creams,Body care,27.0
13,Amethyst Echo Earrings,face masks and exfoliators,Body care,182.0
14,Amethyst Feather Necklace,face moisturizing products,Face care,198.0
15,Amethyst Glimmer Anklet,"bath oils, bubbles and soaks",Body care,37.0
16,Amethyst Horizon Pendant,hand creams,Body care,54.0
17,Amethyst Horizon Ring,hand creams,Body care,106.0
18,Amethyst Mirage Pendant,Body soaps and washes,Body care,28.0
19,Amethyst Solstice Ring,face masks and exfoliators,Body care,72.0
20,Amethyst Starburst Bracelet,hair colors and toners,Hair care,140.0
21,Amethyst Veil Anklet,Nail care products,Body care,26.0
22,Amethyst Wave Anklet,Body soaps and washes,Body care,34.0
23,Amethyst Whisper Bracelet,body moisturizers,Body care,182.0
24,Anastasia Beverly Hills Brow Definer Auburn,"bath oils, bubbles and soaks",Body care,7.0
25,Anastasia Beverly Hills Brow Definer Chocolate,body moisturizers,Body care,17.0
26,Anastasia Beverly Hills Brow Definer Dark Brown,"bath oils, bubbles and soaks",Body care,15.0
27,Anastasia Beverly Hills Brow Definer Granite,"bath oils, bubbles and soaks",Body care,18.0
28,Anastasia Beverly Hills Brow Definer Soft Brown,"bath oils, bubbles and soaks",Body care,12.0
29,Anastasia Beverly Hills Brow Wiz Caramel,"bath oils, bubbles and soaks",Body care,18.0
30,Anastasia Beverly Hills Brow Wiz Ebony,"bath oils, bubbles and soaks",Body care,8.0
31,Anastasia Beverly Hills Brow Wiz Medium Brown,hair colors and toners,Hair care,9.0
32,Anastasia Beverly Hills Brow Wiz Soft Brown,face masks and exfoliators,Body care,13.0
33,Anastasia Beverly Hills Brow Wiz Taupe,hand creams,Body care,11.0
34,Anastasia Beverly Hills Modern Renaissance Eyeshadow Palette Buon Fresco,"bath oils, bubbles and soaks",Body care,9.0
35,Anastasia Beverly Hills Modern Renaissance Eyeshadow Palette Burnt Orange,hand creams,Body care,17.0
36,Anastasia Beverly Hills Modern Renaissance Eyeshadow Palette Cyprus Umber,body moisturizers,Body care,11.0
37,Anastasia Beverly Hills Modern Renaissance Eyeshadow Palette Love Letter,brushes and applicators,Home and Accessories,11.0
38,Anastasia Beverly Hills Modern Renaissance Eyeshadow Palette Primavera Shimmer Gold,"bath oils, bubbles and soaks",Body care,9.0
39,Anastasia Beverly Hills Modern Renaissance Eyeshadow Palette Realgar Burnt Orange,"bath oils, bubbles and soaks",Body care,6.0
40,Anastasia Beverly Hills Modern Renaissance Eyeshadow Palette Red Ochre,face masks and exfoliators,Body care,20.0
41,Anastasia Beverly Hills Modern Renaissance Eyeshadow Palette Venetian Red,"bath oils, bubbles and soaks",Body care,7.0
42,Anastasia Beverly Hills Modern Renaissance Eyeshadow Palette Vermeer Iridescent Pink,Nail care products,Body care,6.0
43,Anastasia Beverly Hills Modern Renaissance Eyeshadow Palette Warm Taupe,"bath oils, bubbles and soaks",Body care,15.0
44,Anastasia Beverly Hills Norvina Eyeshadow Palette Base Cream Matte,body moisturizers,Body care,17.0
45,Anastasia Beverly Hills Norvina Eyeshadow Palette Celestial Purple with Blue Shift,face moisturizing products,Face care,13.0
46,Anastasia Beverly Hills Norvina Eyeshadow Palette Drama Deep Plum,"bath oils, bubbles and soaks",Body care,18.0
47,Anastasia Beverly Hills Norvina Eyeshadow Palette Dreamer Metallic Champagne,body moisturizers,Body care,7.0
48,Anastasia Beverly Hills Norvina Eyeshadow Palette Eccentric Warm Ochre,body moisturizers,Body care,11.0
49,Anastasia Beverly Hills Norvina Eyeshadow Palette Incense Cool Brown Matte,"bath oils, bubbles and soaks",Body care,7.0
50,Anastasia Beverly Hills Norvina Eyeshadow Palette Passion Red Brown Matte,"bath oils, bubbles and soaks",Body care,16.0
51,Anastasia Beverly Hills Norvina Eyeshadow Palette Rose Gold,vitamins and supplements,Body care,6.0
52,Anastasia Beverly Hills Norvina Eyeshadow Palette Soul Matte Periwinkle,hair colors and toners,Hair care,9.0
53,Anastasia Beverly Hills Norvina Eyeshadow Palette Wild Child Hot Pink,"bath oils, bubbles and soaks",Body care,18.0
54,Archipelago Cedar Stack Candle,"bath oils, bubbles and soaks",Body care,11.0
55,Archipelago Feu de Bois Candle,body moisturizers,Body care,16.0
56,Archipelago French Cade Lavender Candle,"bath oils, bubbles and soaks",Body care,15.0
57,Archipelago Geranium Candle,hand creams,Body care,14.0
58,Archipelago Grapefruit Candle,face masks and exfoliators,Body care,14.0
59,Archipelago Lime Basil & Mandarin Diffuser,"bath oils, bubbles and soaks",Body care,9.0
60,Archipelago REPLICA Lazy Sunday Morning Candle,"bath oils, bubbles and soaks",Body care,17.0
61,Archipelago Smell of Spring Spray,body moisturizers,Body care,8.0
62,Archipelago Volcano Candle,"bath oils, bubbles and soaks",Body care,13.0
63,Argan Oil of Morocco Conditioner,face masks and exfoliators,Body care,29.0
64,Argan Oil of Morocco Shampoo,"bath oils, bubbles and soaks",Body care,12.0
65,Aromatherapy Associates De-Stress Mind Bath & Shower Oil,"bath oils, bubbles and soaks",Body care,11.0
66,Aromatherapy Associates Deep Relax Bath Oil,body moisturizers,Body care,5.0
67,Aromatherapy Associates Light Relax Bath & Shower Oil,hand creams,Body care,7.0
68,Aromatherapy Associates Renewing Rose Body Cream,"bath oils, bubbles and soaks",Body care,4.0
69,Aromatherapy Associates Revive Evening Bath & Shower Oil,body moisturizers,Body care,18.0
70,Aromatherapy Associates Support Breathe Bath & Shower Oil,"bath oils, bubbles and soaks",Body care,7.0
71,Aromatherapy Associates Support Equilibrium Bath & Shower Oil,Body soaps and washes,Body care,3.0
72,Aromatique Black Forest Candle,"bath oils, bubbles and soaks",Body care,3.0
73,Aromatique Eucalyptus Spearmint Candle,body moisturizers,Body care,15.0
74,Aromatique French Cade Lavender Candle,body moisturizers,Body care,13.0
75,Aromatique Geranium Candle,"bath oils, bubbles and soaks",Body care,15.0
76,Aromatique Mediterranean Fig Candle,body moisturizers,Body care,3.0
77,Aromatique REPLICA Lazy Sunday Morning Candle,"bath oils, bubbles and soaks",Body care,11.0
78,Aromatique Russian Leather Candle,"bath oils, bubbles and soaks",Body care,4.0
79,Aromatique Smell of Spring Spray,body moisturizers,Body care,10.0
80,Aveda Beautifying Composition Oil,"bath oils, bubbles and soaks",Body care,3.0
81,Aveda Invati Advanced Exfoliating Shampoo,"bath oils, bubbles and soaks",Body care,11.0
82,Aveda Rosemary Mint Composition Oil,"bath oils, bubbles and soaks",Body care,8.0
83,Aveda Shampure Composition Oil,"bath oils, bubbles and soaks",Body care,3.0
84,Aveda Stress-Fix Bath Soak,"bath oils, bubbles and soaks",Body care,13.0
85,Aveda Stress-Fix Soaking Salts,body moisturizers,Body care,6.0
86,Aveeno Absolutely Ageless Daily Moisturizer SPF 30,"bath oils, bubbles and soaks",Body care,39.0
87,Aveeno Absolutely Ageless Intensive Renewal Night Cream,body moisturizers,Body care,33.0
88,Aveeno Absolutely Ageless Intensive Renewal Serum,Nail care products,Body care,48.0
89,Aveeno Absolutely Ageless Pre-Tox Peel Off Mask,"bath oils, bubbles and soaks",Body care,28.0
90,Aveeno Absolutely Ageless Restorative Night Cream,body moisturizers,Body care,23.0
91,Aveeno Active Naturals Hand Cream,"bath oils, bubbles and soaks",Body care,7.0
92,Aveeno Baby Calming Comfort Lotion,"bath oils, bubbles and soaks",Body care,11.0
93,Aveeno Baby Cleansing Therapy Moisturizing Wash,hair colors and toners,Hair care,14.0
94,Aveeno Baby Continuous Protection Sensitive Skin Sunscreen SPF 50,hand creams,Body care,27.0
95,Aveeno Baby Daily Moisture Lotion,"bath oils, bubbles and soaks",Body care,28.0
96,Aveeno Baby Gentle Wash & Shampoo,Accessories,Home and Accessories,9.0
97,Aveeno Baby Soothing Relief Moisturizing Cream,Body soaps and washes,Body care,20.0
98,Aveeno Calm + Restore Oat Gel Moisturizer,"bath oils, bubbles and soaks",Body care,33.0
99,Aveeno Clear Complexion BB Cream,"bath oils, bubbles and soaks",Body care,26.0
100,Aveeno Clear Complexion Daily Moisturizer,"bath oils, bubbles and soaks",Body care,47.0
101,Aveeno Daily Moisturizing Body Wash,Body soaps and washes,Body care,8.0
102,Aveeno Daily Moisturizing Hand Cream,Nail care products,Body care,21.0
103,Aveeno Daily Moisturizing Hand Cream with Oat,"bath oils, bubbles and soaks",Body care,13.0
104,Aveeno Daily Moisturizing Lotion,"bath oils, bubbles and soaks",Body care,22.0
105,Aveeno Daily Moisturizing Yogurt Body Cream,"bath oils, bubbles and soaks",Body care,34.0
106,Aveeno Daily Moisturizing Yogurt Body Wash,body moisturizers,Body care,6.0
107,Aveeno Dermexa Fast & Long-Lasting Balm,"bath oils, bubbles and soaks",Body care,19.0
108,Aveeno Eczema Therapy Daily Moisturizing Cream,body moisturizers,Body care,19.0
109,Aveeno Eczema Therapy Hand Cream,body moisturizers,Body care,37.0
110,Aveeno MaxGlow Infusion Drops,body moisturizers,Body care,30.0
111,Aveeno Positively Ageless Restructuring Treatment Cream,body moisturizers,Body care,34.0
112,Aveeno Positively Mineral Sensitive Skin Sunscreen SPF 50,"bath oils, bubbles and soaks",Body care,41.0
113,Aveeno Positively Nourishing Hydrating Body Wash,"bath oils, bubbles and soaks",Body care,5.0
114,Aveeno Positively Radiant Body Lotion,body moisturizers,Body care,34.0
115,Aveeno Positively Radiant CC Cream SPF 30,"bath oils, bubbles and soaks",Body care,10.0
116,Aveeno Positively Radiant Daily Moisturizer SPF 30,"bath oils, bubbles and soaks",Body care,50.0
117,Aveeno Positively Radiant Exfoliating Body Wash,body moisturizers,Body care,8.0
118,Aveeno Positively Radiant Hand Cream,hand creams,Body care,7.0
119,Aveeno Positively Radiant Intensive Night Cream,body moisturizers,Body care,47.0
120,Aveeno Positively Radiant MaxGlow Infusion Drops,body moisturizers,Body care,12.0
121,Aveeno Positively Radiant Overnight Hydrating Facial Moisturizer,hand creams,Body care,19.0
122,Aveeno Positively Radiant Sheer Daily Moisturizer SPF 30,face masks and exfoliators,Body care,10.0
123,Aveeno Positively Radiant Skin Brightening Daily Scrub,face masks and exfoliators,Body care,9.0
124,Aveeno Positively Radiant Targeted Tone Corrector,body moisturizers,Body care,46.0
125,Aveeno Pure Renewal Gentle Conditioner,"bath oils, bubbles and soaks",Body care,24.0
126,Aveeno Sheer Hydration Daily Moisturizing Lotion,"bath oils, bubbles and soaks",Body care,17.0
127,Aveeno Skin Relief 24Hr Moisturizing Lotion,body moisturizers,Body care,10.0
128,Aveeno Skin Relief Body Wash,body moisturizers,Body care,11.0
129,Aveeno Skin Relief Fragrance-Free Body Wash,"bath oils, bubbles and soaks",Body care,4.0
130,Aveeno Skin Relief Hand Cream,"bath oils, bubbles and soaks",Body care,35.0
131,Aveeno Skin Relief Healing Ointment,"bath oils, bubbles and soaks",Body care,13.0
132,Aveeno Skin Relief Moisturizing Hand Cream,hand creams,Body care,10.0
133,Aveeno Skin Relief Moisturizing Lotion,body moisturizers,Body care,30.0
134,Aveeno Smart Essentials Daily Nourishing Moisturizer SPF 30,body moisturizers,Body care,45.0
135,Aveeno Smart Essentials Nighttime Moisture Infusion,vitamins and supplements,Body care,34.0
136,Aveeno Soothing Bath Treatment,"bath oils, bubbles and soaks",Body care,10.0
137,Aveeno Stress Relief Body Wash,hand creams,Body care,7.0
138,Aveeno Stress Relief Moisturizing Lotion,face masks and exfoliators,Body care,21.0
139,Aveeno Ultra-Calming Daily Moisturizer SPF 15,"bath oils, bubbles and soaks",Body care,36.0
140,Aveeno Ultra-Calming Daily Moisturizer SPF 30,body moisturizers,Body care,17.0
141,Aveeno Ultra-Calming Foaming Cleanser,hand creams,Body care,43.0
142,Aveeno Ultra-Calming Hydrating Gel Cleanser,Body soaps and washes,Body care,13.0
143,Aveeno Ultra-Calming Makeup Removing Wipes,body moisturizers,Body care,42.0
144,Aveeno Ultra-Calming Nourishing Night Cream,"bath oils, bubbles and soaks",Body care,22.0
145,Aztec Secret Indian Healing Clay,body moisturizers,Body care,18.0
146,Bamford B Silent Night-Time Bath Concentrate,"bath oils, bubbles and soaks",Body care,6.0
147,Bamford Baby Bath & Massage Oil,body moisturizers,Body care,18.0
148,Bamford Botanic Bath Salts,Body soaps and washes,Body care,7.0
149,Bamford Geranium Bath Oil,"bath oils, bubbles and soaks",Body care,18.0
150,Bamford Organic Geranium Bath Oil,Nail care products,Body care,10.0
151,Bamford Rose Bath Oil,body moisturizers,Body care,16.0
152,BareMinerals Angled Blush Brush,Body soaps and washes,Body care,5.0
153,BareMinerals Angled Face Brush,body moisturizers,Body care,9.0
154,BareMinerals Beautiful Finish Brush,body moisturizers,Body care,5.0
155,BareMinerals Blooming Blush Brush,Body soaps and washes,Body care,8.0
156,BareMinerals Core Coverage Brush,"bath oils, bubbles and soaks",Body care,6.0
157,BareMinerals Diffused Highlight Brush,"bath oils, bubbles and soaks",Body care,4.0
158,BareMinerals Dual Finish Blush & Contour Brush,"bath oils, bubbles and soaks",Body care,3.0
159,BareMinerals Expert Shadow & Liner Brush,Nail care products,Body care,8.0
160,BareMinerals Flawless Application Face Brush,"bath oils, bubbles and soaks",Body care,2.0
161,BareMinerals Full Coverage Kabuki Brush,"bath oils, bubbles and soaks",Body care,7.0
162,BareMinerals Full Flawless Face Brush,face masks and exfoliators,Body care,8.0
163,BareMinerals Maximum Coverage Concealer Brush,body moisturizers,Body care,6.0
164,BareMinerals Perfecting Face Brush,"bath oils, bubbles and soaks",Body care,3.0
165,BareMinerals Precision Face Brush,body moisturizers,Body care,2.0
166,BareMinerals Quick Change Brush Cleaner,hand creams,Body care,9.0
167,BareMinerals Seamless Buffing Brush,Body soaps and washes,Body care,4.0
168,BareMinerals Shade & Diffuse Eye Brush,"bath oils, bubbles and soaks",Body care,5.0
169,BareMinerals Smoothing Face Brush,"bath oils, bubbles and soaks",Body care,7.0
170,BareMinerals Tapered Face Brush,Nail care products,Body care,8.0
171,Bath & Body Works Feu de Bois Candle,"bath oils, bubbles and soaks",Body care,12.0
172,Bath & Body Works Garden Mint Candle,"bath oils, bubbles and soaks",Body care,6.0
173,Bath & Body Works Grapefruit Candle,"bath oils, bubbles and soaks",Body care,11.0
174,Bath & Body Works Mediterranean Fig Candle,body moisturizers,Body care,8.0
175,Bath & Body Works Sea & Dune Diffuser,body moisturizers,Body care,16.0
176,Bath & Body Works Volcano Candle,"bath oils, bubbles and soaks",Body care,12.0
177,Beautyblender Blusher Makeup Sponge,"candles, sprays, diffusers",Home and Accessories,2.0
178,Beautyblender Blusher Sponge,Body soaps and washes,Body care,4.0
179,Beautyblender Bubble Sponge,"bath oils, bubbles and soaks",Body care,7.0
180,Beautyblender Chill Makeup Sponge,"bath oils, bubbles and soaks",Body care,12.0
181,Beautyblender Chill Sponge,Body soaps and washes,Body care,6.0
182,Beautyblender Electric Violet Sponge,face masks and exfoliators,Body care,4.0
183,Beautyblender Glass Glow Shinelighter,Nail care products,Body care,11.0
184,Beautyblender Gold Mine Set,hand creams,Body care,11.0
185,Beautyblender Joy Sponge,"bath oils, bubbles and soaks",Body care,9.0
186,Beautyblender Micro Mini Bubble Sponge,"bath oils, bubbles and soaks",Body care,9.0
187,Beautyblender Micro Mini Sponge,Nail care products,Body care,11.0
188,Beautyblender Nude Makeup Sponge,Body soaps and washes,Body care,2.0
189,Beautyblender Nude Sponge,face moisturizing products,Face care,9.0
190,Beautyblender Original Makeup Sponge,"bath oils, bubbles and soaks",Body care,10.0
191,Beautyblender Original Pink Sponge,face masks and exfoliators,Body care,6.0
192,Beautyblender PRO Makeup Sponge,body moisturizers,Body care,10.0
193,Beautyblender Pro on the Go Set,body moisturizers,Body care,3.0
194,Beautyblender Red Carpet Sponge,"bath oils, bubbles and soaks",Body care,11.0
195,Beautyblender Royal Sponge,"bath oils, bubbles and soaks",Body care,9.0
196,Beautyblender Sapphire Sponge,"bath oils, bubbles and soaks",Body care,5.0
197,Beautyblender Swirl Sponge,"bath oils, bubbles and soaks",Body care,6.0
198,Beautyblender Zodiac Sponge,Body soaps and washes,Body care,11.0
199,BioSchwartz B-Complex,"bath oils, bubbles and soaks",Body care,34.0
200,BioSchwartz Magnesium Citrate,"bath oils, bubbles and soaks",Body care,35.0
201,BioSchwartz Melatonin,"bath oils, bubbles and soaks",Body care,27.0
202,BioSchwartz Prenatal Multivitamin,body moisturizers,Body care,22.0
203,BioSchwartz Probiotics,body moisturizers,Body care,32.0
204,BioSchwartz Vitamin C,hand creams,Body care,22.0
205,BioSchwartz Vitamin D3,face masks and exfoliators,Body care,22.0
206,Black Charcoal Conditioner,"bath oils, bubbles and soaks",Body care,37.0
207,Black Charcoal Shampoo,Body soaps and washes,Body care,8.0
208,Bliss Blood Orange & White Pepper Hand Cream,"bath oils, bubbles and soaks",Body care,9.0
209,Bliss Grapefruit & Aloe Hand Cream,"bath oils, bubbles and soaks",Body care,28.0
210,Bliss High Intensity Hand Cream,face masks and exfoliators,Body care,18.0
211,Bliss Lemon + Sage Hand Cream,vitamins and supplements,Body care,15.0
212,Bliss Mighty Marshmallow Bright & Radiant Whipped Mask,body moisturizers,Body care,13.0
213,Bliss Minty Hand Cream,"bath oils, bubbles and soaks",Body care,23.0
214,Bliss Rose Gold Hand Cream,"bath oils, bubbles and soaks",Body care,23.0
215,Bliss Snowflake Hand Cream,"bath oils, bubbles and soaks",Body care,38.0
216,Bliss Triple Oxygen Hand Cream,face masks and exfoliators,Body care,34.0
217,Blue Ginger & Micellar Water Conditioner,"bath oils, bubbles and soaks",Body care,32.0
218,Blue Ginger & Micellar Water Shampoo,"bath oils, bubbles and soaks",Body care,33.0
219,Bobbi Brown Backstage Foundation,"bath oils, bubbles and soaks",Body care,14.0
220,Bobbi Brown Crushed Lip Color Babe,body moisturizers,Body care,9.0
221,Bobbi Brown Crushed Lip Color Cranberry,body moisturizers,Body care,20.0
222,Bobbi Brown Crushed Lip Color Ruby,hand creams,Body care,17.0
223,Bobbi Brown Crushed Liquid Lip Juicy Date,body moisturizers,Body care,7.0
224,Bobbi Brown Crushed Liquid Lip Smoothie Move,Nail care products,Body care,16.0
225,Bobbi Brown Flawless Fusion Ultra-Longwear Foundation,"bath oils, bubbles and soaks",Body care,30.0
226,Bobbi Brown Luxe Lip Color Bond,body moisturizers,Body care,10.0
227,Bobbi Brown Luxe Lip Color Imperial Red,"bath oils, bubbles and soaks",Body care,20.0
228,Bobbi Brown Luxe Lip Color Neutral Rose,body moisturizers,Body care,19.0
229,Bobbi Brown Luxe Lip Color Pink Cloud,body moisturizers,Body care,10.0
230,Bobbi Brown Luxe Lip Color Russian Doll,body moisturizers,Body care,14.0
231,Bobbi Brown Pro Filt'r Foundation,"bath oils, bubbles and soaks",Body care,23.0
232,Bobbi Brown Skin Long-Wear Weightless Foundation,"bath oils, bubbles and soaks",Body care,29.0
233,Bobbi Brown Stay Naked Foundation,"bath oils, bubbles and soaks",Body care,29.0
234,Bobbi Brown Studio Fix Fluid,"bath oils, bubbles and soaks",Body care,21.0
235,Bobbi Brown True Match Foundation,Nail care products,Body care,32.0
236,Bobbi Brown Vanish Seamless Finish Foundation Stick,Body soaps and washes,Body care,15.0
237,Boscia Cactus Water Peel-Off Mask,"bath oils, bubbles and soaks",Body care,13.0
238,Boscia Charcoal Deep-Pore Cleansing Stick Treatment,"bath oils, bubbles and soaks",Body care,17.0
239,Boscia Charcoal Pore Pudding Intensive Wash-Off Treatment,body moisturizers,Body care,8.0
240,Boscia Exfoliating Peel Gel,body moisturizers,Body care,14.0
241,Boscia Fruit Acid Smoothing Foot Peel,"bath oils, bubbles and soaks",Body care,13.0
242,Boscia Green Tea Oil-Control Mask,"bath oils, bubbles and soaks",Body care,12.0
243,Boscia Luminizing Black Mask,Body soaps and washes,Body care,12.0
244,Boscia Luminizing Pink Mask,"bath oils, bubbles and soaks",Body care,15.0
245,Boscia Matcha Magic Super-Antioxidant Mask,"bath oils, bubbles and soaks",Body care,14.0
246,Boy Smells Baies Candle,"bath oils, bubbles and soaks",Body care,14.0
247,Boy Smells Black Forest Candle,face masks and exfoliators,Body care,15.0
248,Boy Smells Feu de Bois Candle,"bath oils, bubbles and soaks",Body care,8.0
249,Boy Smells Garden Mint Candle,hand creams,Body care,3.0
250,Boy Smells Geranium Candle,hair colors and toners,Hair care,17.0
251,Boy Smells Lavender Vanilla Candle,"bath oils, bubbles and soaks",Body care,7.0
252,Boy Smells Lime Basil & Mandarin Diffuser,body moisturizers,Body care,4.0
253,Boy Smells Russian Leather Candle,body moisturizers,Body care,10.0
254,Boy Smells Smell of Spring Spray,"bath oils, bubbles and soaks",Body care,18.0
255,Britney Spears Curios,"bath oils, bubbles and soaks",Body care,44.0
256,Britney Spears Fantasy,Accessories,Home and Accessories,96.0
257,Burberry Bloom,"bath oils, bubbles and soaks",Body care,104.0
258,Burberry Chance,Nail care products,Body care,113.0
259,Burberry Coco Mademoiselle,"bath oils, bubbles and soaks",Body care,55.0
260,Burberry Full Kisses English Rose,Nail care products,Body care,8.0
261,Burberry Full Kisses Rose Apricot,body moisturizers,Body care,8.0
262,Burberry Gentleman,body moisturizers,Body care,104.0
263,Burberry Her Eau de Parfum,face masks and exfoliators,Body care,104.0
264,Burberry Invictus,Accessories,Home and Accessories,58.0
265,Burberry Kisses Coral Pink,hand creams,Body care,16.0
266,Burberry Kisses Military Red,Lipsticks,Make up,13.0
267,Burberry Kisses Nude Pink,"bath oils, bubbles and soaks",Body care,6.0
268,Burberry Lip Velvet Bright Plum,Nail care products,Body care,17.0
269,Burberry Lip Velvet Damson,Nail care products,Body care,6.0
270,Burberry Lip Velvet Fuchsia Pink,shampoos and conditioners,Hair care,13.0
271,Burberry Lip Velvet Oxblood,body moisturizers,Body care,11.0
272,Burberry Lip Velvet Poppy Red,body moisturizers,Body care,7.0
273,Burberry Terre d'Hermès,Accessories,Home and Accessories,81.0
274,Burberry The One,body moisturizers,Body care,49.0
275,Burt's Bees Almond & Milk Hand Cream,Nail care products,Body care,24.0
276,Burt's Bees Baby Bee Bubble Bath,"bath oils, bubbles and soaks",Body care,14.0
277,Burt's Bees Baby Bee Buttermilk Soap,body moisturizers,Body care,9.0
278,Burt's Bees Baby Bee Calming Shampoo & Wash,foundations and concealers,Make up,3.0
279,Burt's Bees Baby Bee Shampoo & Wash,shampoos and conditioners,Hair care,12.0
280,Burt's Bees Banana Hand Cream,body moisturizers,Body care,33.0
281,Burt's Bees Body Wash for Sensitive Skin,"bath oils, bubbles and soaks",Body care,3.0
282,Burt's Bees Citrus & Ginger Body Wash,body moisturizers,Body care,4.0
283,Burt's Bees Energizing Citrus & Ginger Body Wash,"bath oils, bubbles and soaks",Body care,9.0
284,Burt's Bees Hand Salve,"bath oils, bubbles and soaks",Body care,18.0
285,Burt's Bees Honey & Grapeseed Hand Cream,"bath oils, bubbles and soaks",Body care,39.0
286,Burt's Bees Lavender & Honey Hand Cream,"bath oils, bubbles and soaks",Body care,33.0
287,Burt's Bees Lemon & Vitamin E Bath and Body Oil,body moisturizers,Body care,3.0
288,Burt's Bees Mama Bee Nourishing Body Oil,"bath oils, bubbles and soaks",Body care,16.0
289,Burt's Bees Natural Skin Care for Men Body Wash,"bath oils, bubbles and soaks",Body care,7.0
290,Burt's Bees Peppermint & Rosemary Body Wash,brushes and applicators,Home and Accessories,10.0
291,Burt's Bees Shea Butter Hand Repair Cream,"bath oils, bubbles and soaks",Body care,31.0
292,Burt's Bees Shea Butter Repair Hand Cream,face masks and exfoliators,Body care,35.0
293,Burt's Bees Ultimate Care Hand Cream,body moisturizers,Body care,21.0
294,Butter London Nail Lacquer All Hail the Queen Taupe with Glitter,"bath oils, bubbles and soaks",Body care,11.0
295,Butter London Nail Lacquer Big Smoke Deep Blue,vitamins and supplements,Body care,10.0
296,Butter London Nail Lacquer Bit Faker Bronze Glitter,vitamins and supplements,Body care,8.0
297,Butter London Nail Lacquer Blagger Bold Blue,"bath oils, bubbles and soaks",Body care,4.0
298,Butter London Nail Lacquer Bluey Metallic Teal,"bath oils, bubbles and soaks",Body care,11.0
299,Butter London Nail Lacquer British Racing Green Deep Green,body moisturizers,Body care,11.0
300,Butter London Nail Lacquer Champers Rose Gold Metallic,"bath oils, bubbles and soaks",Body care,10.0
301,Butter London Nail Lacquer Disco Biscuit Hot Pink with Blue Glitter,"bath oils, bubbles and soaks",Body care,9.0
302,Butter London Nail Lacquer Fiddlesticks Raspberry Glitter,Nail care products,Body care,6.0
303,Butter London Nail Lacquer Giddy Kipper Periwinkle Blue,"bath oils, bubbles and soaks",Body care,7.0
304,Butter London Nail Lacquer Jaffa Bright Orange,"bath oils, bubbles and soaks",Body care,7.0
305,Butter London Nail Lacquer Knackered Holographic Silver,Body soaps and washes,Body care,5.0
306,Butter London Nail Lacquer La Moss Deep Red,vitamins and supplements,Body care,6.0
307,Butter London Nail Lacquer Lady Muck Dusty Blue with Silver Shimmer,Body soaps and washes,Body care,3.0
308,Butter London Nail Lacquer Muggins Pale Lilac,face moisturizing products,Face care,3.0
309,Butter London Nail Lacquer No More Waity Katie Lilac with Glitter,"bath oils, bubbles and soaks",Body care,5.0
310,Butter London Nail Lacquer Pillar Box Red Bright Red,face moisturizing products,Face care,5.0
311,Butter London Nail Lacquer Primrose Hill Picnic Hot Pink,Body soaps and washes,Body care,9.0
312,Butter London Nail Lacquer Queen Vic Rich Burgundy,"bath oils, bubbles and soaks",Body care,9.0
313,Butter London Nail Lacquer Rosie Lee Rose Gold Glitter,Nail care products,Body care,11.0
314,Butter London Nail Lacquer Scouse Blue with Pink Shimmer,"bath oils, bubbles and soaks",Body care,3.0
315,Butter London Nail Lacquer Shag Metallic Copper,"bath oils, bubbles and soaks",Body care,8.0
316,Butter London Nail Lacquer Slapper Bright Teal,body moisturizers,Body care,7.0
317,Butter London Nail Lacquer Sloane Ranger Olive Green with Silver Shimmer,"bath oils, bubbles and soaks",Body care,9.0
318,Butter London Nail Lacquer Teddy Girl Pale Pink,body moisturizers,Body care,8.0
319,Butter London Nail Lacquer The Full Monty Metallic Gold,"bath oils, bubbles and soaks",Body care,6.0
320,Butter London Nail Lacquer Trout Pout Coral Pink,Nail care products,Body care,3.0
321,Butter London Nail Lacquer Union Jack Black Jet Black,"bath oils, bubbles and soaks",Body care,11.0
322,Butter London Nail Lacquer West End Wonderland Gold Glitter,Body soaps and washes,Body care,10.0
323,Butter London Nail Lacquer Yummy Mummy Cool Beige,"bath oils, bubbles and soaks",Body care,8.0
324,Bvlgari Acqua di Giò,body moisturizers,Body care,42.0
325,Bvlgari Black Opium,vitamins and supplements,Body care,82.0
326,Bvlgari Bloom,Body soaps and washes,Body care,113.0
327,Bvlgari Flowerbomb,Body soaps and washes,Body care,49.0
328,Bvlgari Good Girl,"bath oils, bubbles and soaks",Body care,113.0
329,Bvlgari Invictus,Body soaps and washes,Body care,48.0
330,Bvlgari J'adore,Body soaps and washes,Body care,46.0
331,Bvlgari L'Homme,"bath oils, bubbles and soaks",Body care,60.0
332,Bvlgari Light Blue,Body soaps and washes,Body care,45.0
333,Bvlgari My Way,hand creams,Body care,62.0
334,Bvlgari Sauvage,"candles, sprays, diffusers",Home and Accessories,76.0
335,Bvlgari Spicebomb,Body soaps and washes,Body care,120.0
336,Bvlgari The One,shampoos and conditioners,Hair care,93.0
337,CND Vinylux Weekly Polish Alluring Amethyst Shimmering Purple,body moisturizers,Body care,10.0
338,CND Vinylux Weekly Polish Bicycle Yellow Bright Yellow,Body soaps and washes,Body care,7.0
339,CND Vinylux Weekly Polish Black Pool Jet Black,"bath oils, bubbles and soaks",Body care,5.0
340,CND Vinylux Weekly Polish Butterfly Queen Magenta with Glitter,hand creams,Body care,4.0
341,CND Vinylux Weekly Polish Cake Pop Light Pink,body moisturizers,Body care,10.0
342,CND Vinylux Weekly Polish Cityscape Cool Gray,shampoos and conditioners,Hair care,8.0
343,CND Vinylux Weekly Polish Cobalt Blue Bold Blue,"bath oils, bubbles and soaks",Body care,5.0
344,CND Vinylux Weekly Polish Cream Puff Pure White,Nail care products,Body care,4.0
345,CND Vinylux Weekly Polish Crimson Sash Bold Red with Shimmer,Body soaps and washes,Body care,9.0
346,CND Vinylux Weekly Polish Dark Lava Shimmering Burgundy,"bath oils, bubbles and soaks",Body care,5.0
347,CND Vinylux Weekly Polish Denim Patch Deep Blue,"bath oils, bubbles and soaks",Body care,5.0
348,CND Vinylux Weekly Polish Fedora Deep Burgundy,"bath oils, bubbles and soaks",Body care,7.0
349,CND Vinylux Weekly Polish Field Fox Cool Beige,"bath oils, bubbles and soaks",Body care,4.0
350,CND Vinylux Weekly Polish Grapefruit Sparkle Pink with Shimmer,"bath oils, bubbles and soaks",Body care,10.0
351,CND Vinylux Weekly Polish Hot Pop Pink Bright Pink,"bath oils, bubbles and soaks",Body care,9.0
352,CND Vinylux Weekly Polish Lobster Roll Bright Orange-Red,hair colors and toners,Hair care,6.0
353,CND Vinylux Weekly Polish Married to the Mauve Mauve Pink,"bath oils, bubbles and soaks",Body care,5.0
354,CND Vinylux Weekly Polish Masquerade Shimmering Red,"bath oils, bubbles and soaks",Body care,3.0
355,CND Vinylux Weekly Polish Midnight Swim Shimmering Navy,Body soaps and washes,Body care,10.0
356,CND Vinylux Weekly Polish Mystic Slate Deep Gray,"bath oils, bubbles and soaks",Body care,9.0
357,CND Vinylux Weekly Polish Negligee Sheer White,Nail care products,Body care,5.0
358,CND Vinylux Weekly Polish Pink Pursuit Soft Pink,"bath oils, bubbles and soaks",Body care,4.0
359,CND Vinylux Weekly Polish Romantique Sheer Pink,"bath oils, bubbles and soaks",Body care,6.0
360,CND Vinylux Weekly Polish Rose Bud Classic Rose,body moisturizers,Body care,6.0
361,CND Vinylux Weekly Polish Rubble Cool Taupe,Body soaps and washes,Body care,5.0
362,CND Vinylux Weekly Polish Satin Pajamas Taupe,Body soaps and washes,Body care,6.0
363,CND Vinylux Weekly Polish Tango Passion Bright Purple,"bath oils, bubbles and soaks",Body care,5.0
364,CND Vinylux Weekly Polish Tartan Punk Bold Red,"bath oils, bubbles and soaks",Body care,9.0
365,CND Vinylux Weekly Polish Tropix Vibrant Coral,Body soaps and washes,Body care,9.0
366,CND Vinylux Weekly Polish Wildfire Classic Red,body moisturizers,Body care,8.0
367,Calvin Klein Black Opium,face moisturizing products,Face care,62.0
368,Calvin Klein J'adore,body moisturizers,Body care,90.0
369,Calvin Klein Joy,vitamins and supplements,Body care,98.0
370,Calvin Klein La Vie Est Belle,Body soaps and washes,Body care,108.0
371,Calvin Klein Libre,"bath oils, bubbles and soaks",Body care,64.0
372,Calvin Klein Light Blue,face masks and exfoliators,Body care,115.0
373,Calvin Klein My Way,face masks and exfoliators,Body care,108.0
374,Capri Blue Black Forest Candle,body moisturizers,Body care,10.0
375,Capri Blue Fireside Candle,body moisturizers,Body care,10.0
376,Capri Blue French Cade Lavender Candle,"bath oils, bubbles and soaks",Body care,8.0
377,Capri Blue Garden Mint Candle,"bath oils, bubbles and soaks",Body care,12.0
378,Capri Blue Geranium Candle,body moisturizers,Body care,12.0
379,Capri Blue Lavender Vanilla Candle,"bath oils, bubbles and soaks",Body care,7.0
380,Capri Blue Russian Leather Candle,"bath oils, bubbles and soaks",Body care,7.0
381,Capri Blue Rustic Pumpkin Candle,Nail care products,Body care,17.0
382,Capri Blue Sea & Dune Diffuser,"bath oils, bubbles and soaks",Body care,6.0
383,Caress Daily Silk Body Wash,body moisturizers,Body care,10.0
384,Caress Daily Silk White Peach & Silky Orange Blossom Body Wash,"bath oils, bubbles and soaks",Body care,9.0
385,Caress Evenly Gorgeous Exfoliating Body Wash,body moisturizers,Body care,16.0
386,Caress Evenly Gorgeous Exfoliating Body Wash with Burnt Brown Sugar & Karite Butter,Lipsticks,Make up,9.0
387,Caress Forever Collection Love Forever Body Wash,body moisturizers,Body care,4.0
388,Caress Joy Forever Body Wash,face masks and exfoliators,Body care,6.0
389,Caress Love Forever Body Wash,Body soaps and washes,Body care,10.0
390,Caress Mystique Forever Body Wash,Body soaps and washes,Body care,4.0
391,Caress Scarlet Blossom Body Wash,brushes and applicators,Home and Accessories,13.0
392,Caress Tahitian Renewal Exfoliating Body Wash,vitamins and supplements,Body care,15.0
393,Caudalie Divine Oil,face masks and exfoliators,Body care,11.0
394,Caudalie Glycolic Peel Mask,"bath oils, bubbles and soaks",Body care,17.0
395,Caudalie Grape Water Gel Moisturizer,"bath oils, bubbles and soaks",Body care,20.0
396,Caudalie Hand and Nail Cream,Nail care products,Body care,35.0
397,Caudalie Instant Detox Mask,face moisturizing products,Face care,19.0
398,Caudalie Moisturizing Mask,hand creams,Body care,13.0
399,Caudalie Premier Cru The Eye Cream,body moisturizers,Body care,11.0
400,Caudalie Premier Cru The Precious Oil,"bath oils, bubbles and soaks",Body care,19.0
401,Caudalie Resveratrol Lift Face Lifting Soft Cream,"bath oils, bubbles and soaks",Body care,9.0
402,Caudalie Thé des Vignes Shower Gel,"bath oils, bubbles and soaks",Body care,3.0
403,Caudalie Vinoperfect Brightening Glycolic Peel Mask,"bath oils, bubbles and soaks",Body care,8.0
404,Caudalie Vinosource Moisturizing Sorbet,"bath oils, bubbles and soaks",Body care,10.0
405,Caudalie Vinotherapist Hand & Nail Repairing Cream,"bath oils, bubbles and soaks",Body care,26.0
406,Centrum Biotin,body moisturizers,Body care,41.0
407,Centrum Calcium Gummies,"bath oils, bubbles and soaks",Body care,26.0
408,Centrum Glucosamine Chondroitin,Body soaps and washes,Body care,48.0
409,Centrum Iron Supplement,face masks and exfoliators,Body care,33.0
410,Centrum Magnesium Citrate,"bath oils, bubbles and soaks",Body care,32.0
411,Centrum Melatonin,"bath oils, bubbles and soaks",Body care,48.0
412,Centrum Probiotics,hand creams,Body care,40.0
413,Centrum Silver Multivitamin,hand creams,Body care,50.0
414,Centrum Vitamin D3,body moisturizers,Body care,36.0
415,Centrum Zinc Tablets,body moisturizers,Body care,50.0
416,CeraVe AM Facial Moisturizing Lotion SPF 30,Body soaps and washes,Body care,17.0
417,CeraVe Anti-Itch Hand Cream,"bath oils, bubbles and soaks",Body care,34.0
418,CeraVe Baby Healing Ointment,body moisturizers,Body care,44.0
419,CeraVe Baby Moisturizing Cream,"bath oils, bubbles and soaks",Body care,21.0
420,CeraVe Baby Moisturizing Lotion,Nail care products,Body care,31.0
421,CeraVe Daily Moisturizing Lotion for Normal to Dry Skin,"bath oils, bubbles and soaks",Body care,25.0
422,CeraVe Diabetics' Dry Skin Relief Hand & Foot Cream,face masks and exfoliators,Body care,15.0
423,CeraVe Diabetics' Dry Skin Relief Moisturizing Cream,"bath oils, bubbles and soaks",Body care,18.0
424,CeraVe Eye Repair Cream,Nail care products,Body care,36.0
425,CeraVe Facial Moisturizing Lotion SPF 15,hair colors and toners,Hair care,8.0
426,CeraVe Hand Repair Cream,"bath oils, bubbles and soaks",Body care,11.0
427,CeraVe Hand Repair Cream with Niacinamide,body moisturizers,Body care,32.0
428,CeraVe Healing Hand Cream,"bath oils, bubbles and soaks",Body care,27.0
429,CeraVe Healing Ointment,"bath oils, bubbles and soaks",Body care,19.0
430,CeraVe Hydrating Body Wash,"bath oils, bubbles and soaks",Body care,33.0
431,CeraVe Hydrating Facial Cleanser,body moisturizers,Body care,17.0
432,CeraVe Hydrating Hand Cream,"bath oils, bubbles and soaks",Body care,35.0
433,CeraVe Hydrating Hyaluronic Acid Serum,body moisturizers,Body care,16.0
434,CeraVe Hydrating Mineral Sunscreen SPF 30,hair colors and toners,Hair care,46.0
435,CeraVe Hydrating Sunscreen Face Lotion SPF 50,hair colors and toners,Hair care,44.0
436,CeraVe Intensive Stretch Marks Cream,"bath oils, bubbles and soaks",Body care,15.0
437,CeraVe Itch Relief Hand Cream,Body soaps and washes,Body care,7.0
438,CeraVe Itch Relief Moisturizing Cream,Nail care products,Body care,12.0
439,CeraVe Itch Relief Moisturizing Lotion,"bath oils, bubbles and soaks",Body care,30.0
440,CeraVe Mineral Sunscreen Face Lotion SPF 50,body moisturizers,Body care,12.0
441,CeraVe Mineral Sunscreen SPF 30,"bath oils, bubbles and soaks",Body care,21.0
442,CeraVe Mineral Sunscreen SPF 50,"bath oils, bubbles and soaks",Body care,29.0
443,CeraVe Moisturizing Cream,body moisturizers,Body care,23.0
444,CeraVe Moisturizing Cream for Face & Body,hair colors and toners,Hair care,47.0
445,CeraVe Moisturizing Cream for Face and Body,"bath oils, bubbles and soaks",Body care,11.0
446,CeraVe Moisturizing Cream for Hands,face masks and exfoliators,Body care,37.0
447,CeraVe Moisturizing Cream with Ceramides,"bath oils, bubbles and soaks",Body care,45.0
448,CeraVe Moisturizing Cream with Hyaluronic Acid,Nail care products,Body care,32.0
449,CeraVe Moisturizing Lotion,"bath oils, bubbles and soaks",Body care,13.0
450,CeraVe Moisturizing Lotion for Normal to Dry Skin,"bath oils, bubbles and soaks",Body care,19.0
451,CeraVe PM Facial Moisturizing Lotion,body moisturizers,Body care,35.0
452,CeraVe Renewing SA Cream,"bath oils, bubbles and soaks",Body care,22.0
453,CeraVe Renewing SA Cream for Rough & Bumpy Skin,face moisturizing products,Face care,49.0
454,CeraVe Renewing SA Hand Cream,Body soaps and washes,Body care,29.0
455,CeraVe Resurfacing Retinol Serum,"bath oils, bubbles and soaks",Body care,13.0
456,CeraVe SA Lotion for Rough & Bumpy Skin,"bath oils, bubbles and soaks",Body care,32.0
457,CeraVe Skin Renewing Day Cream SPF 30,hand creams,Body care,19.0
458,CeraVe Skin Renewing Night Cream,Nail care products,Body care,30.0
459,CeraVe Skin Renewing Night Cream with Peptides,Body soaps and washes,Body care,17.0
460,CeraVe Skin Renewing Retinol Day Cream SPF 30,Body soaps and washes,Body care,13.0
461,CeraVe Skin Renewing Retinol Serum,face moisturizing products,Face care,32.0
462,CeraVe Skin Renewing Vitamin C Serum,"bath oils, bubbles and soaks",Body care,20.0
463,CeraVe Sunscreen Face Lotion SPF 50,"bath oils, bubbles and soaks",Body care,20.0
464,CeraVe Therapeutic Hand Cream,"bath oils, bubbles and soaks",Body care,20.0
465,CeraVe Ultra-Light Moisturizing Lotion SPF 30,hand creams,Body care,24.0
466,CeraVe Ultra-Light Moisturizing Lotion SPF 30 for Normal to Oily Skin,"bath oils, bubbles and soaks",Body care,8.0
467,Cetaphil Baby Wash & Shampoo,"bath oils, bubbles and soaks",Body care,9.0
468,Cetaphil Daily Facial Moisturizer SPF 15,Body soaps and washes,Body care,27.0
469,Cetaphil Daily Hydrating Lotion,face masks and exfoliators,Body care,50.0
470,Cetaphil Deep Cleansing Bar,vitamins and supplements,Body care,4.0
471,Cetaphil Gentle Cleansing Bar,"candles, sprays, diffusers",Home and Accessories,3.0
472,Cetaphil Gentle Skin Cleanser,"bath oils, bubbles and soaks",Body care,13.0
473,Cetaphil Oil Absorbing Moisturizer SPF 30,face moisturizing products,Face care,26.0
474,Cetaphil Pro DermaControl Oil Removing Foam Wash,Body soaps and washes,Body care,12.0
475,Cetaphil Pro Soothing Body Wash,hair colors and toners,Hair care,9.0
476,Cetaphil Pro Soothing Wash,body moisturizers,Body care,12.0
477,Cetaphil Restoraderm Eczema Calming Body Wash,body moisturizers,Body care,6.0
478,Cetaphil Rich Hydrating Night Cream,vitamins and supplements,Body care,9.0
479,Cetaphil Ultra Gentle Body Wash,body moisturizers,Body care,10.0
480,Cetaphil Ultra Gentle Refreshing Body Wash,shampoos and conditioners,Hair care,4.0
481,Chanel Coco Mademoiselle,Nail care products,Body care,89.0
482,Chanel Joy,"bath oils, bubbles and soaks",Body care,117.0
483,Chanel Light Blue,"bath oils, bubbles and soaks",Body care,110.0
484,Chanel Olympea,brushes and applicators,Home and Accessories,94.0
485,Chanel Rouge Allure Luminous Intense,Nail care products,Body care,18.0
486,Chanel Rouge Allure Pirate Red,"bath oils, bubbles and soaks",Body care,9.0
487,Chanel Rouge Allure Velvet Extrême Ideal,"bath oils, bubbles and soaks",Body care,6.0
488,Chanel Rouge Allure Velvet Intense Pink,face masks and exfoliators,Body care,12.0
489,Chanel Rouge Allure Velvet L'Exubérante,body moisturizers,Body care,10.0
490,Chanel Rouge Allure Velvet La Sensuelle,vitamins and supplements,Body care,18.0
491,Chanel Rouge Coco Flash Amour,body moisturizers,Body care,17.0
492,Chanel Rouge Coco Flash Boy Nude,body moisturizers,Body care,17.0
493,Chanel Rouge Coco Gabrielle Red,Nail care products,Body care,8.0
494,Chanel Rouge Coco Mademoiselle,face masks and exfoliators,Body care,7.0
495,Chanel The One,"bath oils, bubbles and soaks",Body care,113.0
496,Charlotte Tilbury Backstage Foundation,Nail care products,Body care,32.0
497,Charlotte Tilbury Born This Way Foundation,Body soaps and washes,Body care,32.0
498,Charlotte Tilbury ColorStay Foundation,"bath oils, bubbles and soaks",Body care,18.0
499,Charlotte Tilbury Double Wear Foundation,face masks and exfoliators,Body care,18.0
500,Charlotte Tilbury Even Better Makeup,body moisturizers,Body care,28.0
501,Charlotte Tilbury Eyes to Mesmerise Rose Gold,body moisturizers,Body care,20.0
502,Charlotte Tilbury Eyes to Mesmerise Star Gold,face moisturizing products,Face care,16.0
503,Charlotte Tilbury Flawless Fusion Ultra-Longwear Foundation,"bath oils, bubbles and soaks",Body care,35.0
504,Charlotte Tilbury Goddess Skin Clay Mask,"bath oils, bubbles and soaks",Body care,11.0
505,Charlotte Tilbury Hot Lips Carina’s Love,face masks and exfoliators,Body care,19.0
506,Charlotte Tilbury Hot Lips Kim KW,face moisturizing products,Face care,8.0
507,Charlotte Tilbury Hot Lips Secret Salma,hand creams,Body care,14.0
508,Charlotte Tilbury K.I.S.S.I.N.G Bitch Perfect,"bath oils, bubbles and soaks",Body care,19.0
509,Charlotte Tilbury K.I.S.S.I.N.G Love Bite Red,hand creams,Body care,12.0
510,Charlotte Tilbury K.I.S.S.I.N.G Penelope Pink,Nail care products,Body care,17.0
511,Charlotte Tilbury Luminous Silk Foundation,Nail care products,Body care,30.0
512,Charlotte Tilbury Luxury Palette The Golden Goddess,hand creams,Body care,13.0
513,Charlotte Tilbury Luxury Palette The Vintage Vamp,vitamins and supplements,Body care,19.0
514,Charlotte Tilbury Matte Revolution Amazing Amal,"bath oils, bubbles and soaks",Body care,9.0
515,Charlotte Tilbury Matte Revolution Pillow Talk,Accessories,Home and Accessories,14.0
516,Charlotte Tilbury Matte Revolution Red Carpet Red,body moisturizers,Body care,18.0
517,Charlotte Tilbury Matte Revolution Walk of Shame,body moisturizers,Body care,17.0
518,Charlotte Tilbury Pro Filt'r Foundation,body moisturizers,Body care,28.0
519,Charlotte Tilbury Radiant Creamy Concealer,body moisturizers,Body care,30.0
520,Charlotte Tilbury Rock 'N' Kohl Eye Pencil Barbarella Brown,Nail care products,Body care,10.0
521,Charlotte Tilbury Rock 'N' Kohl Eye Pencil Bedroom Black,Nail care products,Body care,19.0
522,Charlotte Tilbury Rock 'N' Kohl Eye Pencil Marlene Midnight,vitamins and supplements,Body care,19.0
523,Charlotte Tilbury Rock 'N' Kohl Eye Pencil Veruschka Mink,Nail care products,Body care,14.0
524,Charlotte Tilbury Teint Idole Ultra Wear Foundation,Body soaps and washes,Body care,30.0
525,Charlotte Tilbury True Match Foundation,body moisturizers,Body care,15.0
526,Charlotte Tilbury Vanish Seamless Finish Foundation Stick,vitamins and supplements,Body care,35.0
527,China Glaze Nail Lacquer Ahoy! Raspberry Pink with Gold Shimmer,"bath oils, bubbles and soaks",Body care,3.0
528,China Glaze Nail Lacquer Blue Year's Eve Shimmering Blue,hand creams,Body care,5.0
529,China Glaze Nail Lacquer Champagne Kisses Gold Glitter,face masks and exfoliators,Body care,11.0
530,China Glaze Nail Lacquer Electrify Gold and Red Glitter,Body soaps and washes,Body care,3.0
531,China Glaze Nail Lacquer Fairy Dust Shimmering Silver,"bath oils, bubbles and soaks",Body care,8.0
532,China Glaze Nail Lacquer Flip Flop Fantasy Neon Coral,body moisturizers,Body care,5.0
533,China Glaze Nail Lacquer For Audrey Tiffany Blue,"bath oils, bubbles and soaks",Body care,10.0
534,China Glaze Nail Lacquer Frostbite Bold Blue,"bath oils, bubbles and soaks",Body care,5.0
535,China Glaze Nail Lacquer Gaga for Green Bright Green,vitamins and supplements,Body care,6.0
536,China Glaze Nail Lacquer Grape Pop Deep Purple,"bath oils, bubbles and soaks",Body care,11.0
537,China Glaze Nail Lacquer Happy Go Lucky Bright Yellow,face masks and exfoliators,Body care,4.0
538,China Glaze Nail Lacquer Heli-Yum Bright Berry Pink,body moisturizers,Body care,9.0
539,China Glaze Nail Lacquer Lemon Fizz Soft Yellow,"bath oils, bubbles and soaks",Body care,4.0
540,China Glaze Nail Lacquer Liquid Leather Glossy Black,face masks and exfoliators,Body care,9.0
541,China Glaze Nail Lacquer Love's a Beach Neon Fuchsia,Nail care products,Body care,3.0
542,China Glaze Nail Lacquer Lubu Heels Black with Red Glitter,"bath oils, bubbles and soaks",Body care,11.0
543,China Glaze Nail Lacquer Passion Soft Gold,body moisturizers,Body care,11.0
544,China Glaze Nail Lacquer Peachy Keen Soft Peach,body moisturizers,Body care,7.0
545,China Glaze Nail Lacquer Pool Party Neon Pink,"bath oils, bubbles and soaks",Body care,11.0
546,China Glaze Nail Lacquer Re-Fresh Mint Pastel Mint,body moisturizers,Body care,8.0
547,China Glaze Nail Lacquer Ruby Pumps Glittery Red,"bath oils, bubbles and soaks",Body care,3.0
548,China Glaze Nail Lacquer Secret Peri-Wink-Le Periwinkle Blue,"bath oils, bubbles and soaks",Body care,5.0
549,China Glaze Nail Lacquer Sexy in the City Shimmering Teal,face masks and exfoliators,Body care,6.0
550,China Glaze Nail Lacquer Shocking Pink Neon Pink,hand creams,Body care,11.0
551,China Glaze Nail Lacquer Smoke and Ashes Black with Green Shimmer,"bath oils, bubbles and soaks",Body care,9.0
552,China Glaze Nail Lacquer Snow Globe Iridescent Glitter,"bath oils, bubbles and soaks",Body care,4.0
553,China Glaze Nail Lacquer Strawberry Fields Pink with Gold Shimmer,Body soaps and washes,Body care,9.0
554,China Glaze Nail Lacquer Turned Up Turquoise Neon Teal,face masks and exfoliators,Body care,5.0
555,China Glaze Nail Lacquer White on White Pure White,Body soaps and washes,Body care,3.0
556,Cire Trudon Eucalyptus Spearmint Candle,"bath oils, bubbles and soaks",Body care,5.0
557,Cire Trudon Fireside Candle,"bath oils, bubbles and soaks",Body care,16.0
558,Cire Trudon Garden Mint Candle,Body soaps and washes,Body care,9.0
559,Cire Trudon Lavender Vanilla Candle,Body soaps and washes,Body care,5.0
560,Cire Trudon Santal 26 Candle,Nail care products,Body care,12.0
561,Cire Trudon Smell of Spring Spray,Body soaps and washes,Body care,6.0
562,Cire Trudon Volcano Candle,hair colors and toners,Hair care,16.0
563,Clairol Age Defy Permanent Hair Color - Dark Ash Brown,Body soaps and washes,Body care,11.0
564,Clairol Age Defy Permanent Hair Color - Dark Cool Blonde,body moisturizers,Body care,18.0
565,Clairol Age Defy Permanent Hair Color - Dark Warm Brown,"bath oils, bubbles and soaks",Body care,11.0
566,Clairol Age Defy Permanent Hair Color - Light Brown,hand creams,Body care,10.0
567,Clairol Age Defy Permanent Hair Color - Light Golden Brown,body moisturizers,Body care,12.0
568,Clairol Age Defy Permanent Hair Color - Light Warm Blonde,brushes and applicators,Home and Accessories,9.0
569,Clairol Age Defy Permanent Hair Color - Medium Blonde,"bath oils, bubbles and soaks",Body care,16.0
570,Clairol Age Defy Permanent Hair Color - Medium Cool Blonde,Nail care products,Body care,14.0
571,Clairol Age Defy Permanent Hair Color - Medium Warm Brown,vitamins and supplements,Body care,10.0
572,Clairol Age Defy Permanent Hair Color - Soft Black,"bath oils, bubbles and soaks",Body care,9.0
573,Clairol Flare Me Dark Permanent Cream Color - Blue Black,hand creams,Body care,18.0
574,Clairol Flare Me Dark Permanent Cream Color - Cool Espresso,Body soaps and washes,Body care,14.0
575,Clairol Flare Me Dark Permanent Cream Color - Dark Plum,"bath oils, bubbles and soaks",Body care,17.0
576,Clairol Flare Me Dark Permanent Cream Color - Dark Teal,"bath oils, bubbles and soaks",Body care,19.0
577,Clairol Flare Me Dark Permanent Cream Color - Deep Burgundy,"bath oils, bubbles and soaks",Body care,12.0
578,Clairol Flare Me Dark Permanent Cream Color - Deep Mahogany,"bath oils, bubbles and soaks",Body care,12.0
579,Clairol Flare Me Dark Permanent Cream Color - Light Ash Brown,"bath oils, bubbles and soaks",Body care,10.0
580,Clairol Flare Me Dark Permanent Cream Color - Magenta,face masks and exfoliators,Body care,17.0
581,Clairol Flare Me Dark Permanent Cream Color - Warm Chestnut Brown,Nail care products,Body care,19.0
582,Clairol Flare Me Dark Permanent Cream Color - Warm Honey,"bath oils, bubbles and soaks",Body care,12.0
583,Clairol Natural Instincts - Dark Auburn,Nail care products,Body care,10.0
584,Clairol Natural Instincts - Dark Chocolate Brown,"bath oils, bubbles and soaks",Body care,16.0
585,Clairol Natural Instincts - Dark Cool Blonde,body moisturizers,Body care,8.0
586,Clairol Natural Instincts - Dark Mocha Brown,Eye shadows and pencils,Make up,16.0
587,Clairol Natural Instincts - Darkest Brown,"bath oils, bubbles and soaks",Body care,14.0
588,Clairol Natural Instincts - Light Auburn,hair colors and toners,Hair care,14.0
589,Clairol Natural Instincts - Medium Auburn,hand creams,Body care,20.0
590,Clairol Natural Instincts - Medium Cool Blonde,Body soaps and washes,Body care,11.0
591,Clairol Natural Instincts - Medium Warm Brown,body moisturizers,Body care,13.0
592,Clairol Natural Instincts - Warm Caramel Brown,body moisturizers,Body care,9.0
593,Clairol Nice'n Easy Permanent Hair Color - Cool Medium Brown,hair colors and toners,Hair care,15.0
594,Clairol Nice'n Easy Permanent Hair Color - Dark Chocolate Brown,body moisturizers,Body care,16.0
595,Clairol Nice'n Easy Permanent Hair Color - Dark Warm Blonde,body moisturizers,Body care,13.0
596,Clairol Nice'n Easy Permanent Hair Color - Dark Warm Brown,Nail care products,Body care,19.0
597,Clairol Nice'n Easy Permanent Hair Color - Extra Light Ash Blonde,Body soaps and washes,Body care,19.0
598,Clairol Nice'n Easy Permanent Hair Color - Extra Light Natural Blonde,"bath oils, bubbles and soaks",Body care,8.0
599,Clairol Nice'n Easy Permanent Hair Color - Light Ash Blonde,"bath oils, bubbles and soaks",Body care,14.0
600,Clairol Nice'n Easy Permanent Hair Color - Light Cool Brown,hand creams,Body care,12.0
601,Clairol Nice'n Easy Permanent Hair Color - Light Copper,hand creams,Body care,14.0
602,Clairol Nice'n Easy Permanent Hair Color - Light Warm Blonde,face masks and exfoliators,Body care,8.0
603,Clairol Nice'n Easy Permanent Hair Color - Light Warm Brown,"bath oils, bubbles and soaks",Body care,15.0
604,Clairol Nice'n Easy Permanent Hair Color - Lightest Golden Blonde,"bath oils, bubbles and soaks",Body care,16.0
605,Clairol Nice'n Easy Permanent Hair Color - Medium Copper,"bath oils, bubbles and soaks",Body care,8.0
606,Clairol Nice'n Easy Permanent Hair Color - Medium Golden Brown,face masks and exfoliators,Body care,19.0
607,Clairol Nice'n Easy Permanent Hair Color - Natural Black,"bath oils, bubbles and soaks",Body care,9.0
608,Clairol Nice'n Easy Permanent Hair Color - Natural Medium Brown,"bath oils, bubbles and soaks",Body care,19.0
609,Clairol Nice'n Easy Permanent Hair Color - Soft Black,"bath oils, bubbles and soaks",Body care,16.0
610,Clairol Nice'n Easy Permanent Hair Color - Soft Light Blonde,hand creams,Body care,14.0
611,Clairol Nice'n Easy Permanent Hair Color - Soft Medium Brown,"bath oils, bubbles and soaks",Body care,17.0
612,Clairol Nice'n Easy Root Touch-Up - Medium Brown,face masks and exfoliators,Body care,9.0
613,Clarins Bright Plus HP Hand Cream,"bath oils, bubbles and soaks",Body care,11.0
614,Clarins Eau Dynamisante Bath & Shower Gel,"bath oils, bubbles and soaks",Body care,16.0
615,Clarins Eau Ressourçante Bath & Shower Milk,"bath oils, bubbles and soaks",Body care,16.0
616,Clarins Extra-Firming Body Cream,"bath oils, bubbles and soaks",Body care,4.0
617,Clarins Extra-Firming Hand Cream,body moisturizers,Body care,32.0
618,Clarins Gentle Exfoliating Hand Cream,"bath oils, bubbles and soaks",Body care,40.0
619,Clarins Hand Cream Trio,"bath oils, bubbles and soaks",Body care,10.0
620,Clarins Hand and Nail Treatment Cream,Nail care products,Body care,8.0
621,Clarins Jeunesse des Mains Hand Cream,"bath oils, bubbles and soaks",Body care,11.0
622,Clarins Multi-Active Hand Cream,body moisturizers,Body care,21.0
623,Clarins Relax Bath & Shower Concentrate,"bath oils, bubbles and soaks",Body care,16.0
624,Clarins SOS Hydra Refreshing Hydration Mask,"bath oils, bubbles and soaks",Body care,12.0
625,Clarins Super Restorative Age Spot Correcting Hand Cream,body moisturizers,Body care,34.0
626,Clarins Super Restorative Hand Cream,Nail care products,Body care,28.0
627,Clarins Tonic Bath & Shower Concentrate,body moisturizers,Body care,16.0
628,Clarins Tonic Body Treatment Oil,body moisturizers,Body care,11.0
629,Clinique 7 Day Scrub Cream Rinse-Off Formula,body moisturizers,Body care,16.0
630,Clinique Airbrush Flawless Foundation,Body soaps and washes,Body care,31.0
631,Clinique All About Clean 2-in-1 Cleansing + Exfoliating Jelly,"bath oils, bubbles and soaks",Body care,16.0
632,Clinique All About Eyes Cream,Nail care products,Body care,8.0
633,Clinique All About Eyes Rich,"bath oils, bubbles and soaks",Body care,23.0
634,Clinique All About Eyes Serum,"bath oils, bubbles and soaks",Body care,22.0
635,Clinique Almost Lipstick Black Honey,"bath oils, bubbles and soaks",Body care,7.0
636,Clinique Born This Way Foundation,body moisturizers,Body care,31.0
637,Clinique Charcoal Clay Mask + Scrub,"bath oils, bubbles and soaks",Body care,17.0
638,Clinique Double Wear Foundation,"bath oils, bubbles and soaks",Body care,31.0
639,Clinique Dramatically Different Hydrating Jelly,hand creams,Body care,25.0
640,Clinique Dramatically Different Moisturizing BB-Gel,"bath oils, bubbles and soaks",Body care,38.0
641,Clinique Dramatically Different Moisturizing Gel,body moisturizers,Body care,38.0
642,Clinique Dramatically Different Moisturizing Lotion+,Nail care products,Body care,31.0
643,Clinique Even Better Brightening Moisture Mask,"bath oils, bubbles and soaks",Body care,14.0
644,Clinique Even Better Clinical Radical Dark Spot Corrector + Interrupter,body moisturizers,Body care,15.0
645,Clinique Even Better Makeup,body moisturizers,Body care,17.0
646,Clinique Even Better Skin Tone Correcting Moisturizer SPF 20,"bath oils, bubbles and soaks",Body care,10.0
647,Clinique Flawless Fusion Ultra-Longwear Foundation,Body soaps and washes,Body care,32.0
648,Clinique For Men Maximum Hydrator,body moisturizers,Body care,19.0
649,Clinique Long Last Lipstick Bamboo Pink,body moisturizers,Body care,20.0
650,Clinique Long Last Lipstick Blushing Nude,body moisturizers,Body care,15.0
651,Clinique Long Last Lipstick Pink Chocolate,body moisturizers,Body care,11.0
652,Clinique Long Last Lipstick Twilight Nude,body moisturizers,Body care,17.0
653,Clinique Moisture Surge 72-Hour Auto-Replenishing Hydrator,"bath oils, bubbles and soaks",Body care,15.0
654,Clinique Moisture Surge Extended Thirst Relief,"bath oils, bubbles and soaks",Body care,21.0
655,Clinique Moisture Surge Eye 96-Hour Hydro-Filler Concentrate,Body soaps and washes,Body care,46.0
656,Clinique Moisture Surge Intense Skin Fortifying Hydrator,Body soaps and washes,Body care,44.0
657,Clinique Moisture Surge Overnight Mask,"bath oils, bubbles and soaks",Body care,20.0
658,Clinique Pep-Start Double Bubble Purifying Mask,"bath oils, bubbles and soaks",Body care,15.0
659,Clinique Pep-Start HydroBlur Moisturizer,"bath oils, bubbles and soaks",Body care,47.0
660,Clinique Pep-Start Hydrorush Moisturizer SPF 20,hand creams,Body care,12.0
661,Clinique Pop Lip Colour Cherry Pop,"bath oils, bubbles and soaks",Body care,13.0
662,Clinique Pop Lip Colour Love Pop,"bath oils, bubbles and soaks",Body care,16.0
663,Clinique Pop Lip Colour Passion Pop,"bath oils, bubbles and soaks",Body care,19.0
664,Clinique Pop Lip Colour Poppy Pop,hand creams,Body care,15.0
665,Clinique Pop Lip Colour Punch Pop,hand creams,Body care,10.0
666,Clinique Pore Refining Solutions Charcoal Mask,"bath oils, bubbles and soaks",Body care,18.0
667,Clinique Pore Refining Solutions Stay-Matte Hydrator,"bath oils, bubbles and soaks",Body care,8.0
668,Clinique Radiant Creamy Concealer,face masks and exfoliators,Body care,30.0
669,Clinique Redness Solutions Daily Protective Base SPF 15,"bath oils, bubbles and soaks",Body care,26.0
670,Clinique Repairwear Intensive Night Cream,Body soaps and washes,Body care,44.0
671,Clinique Repairwear Laser Focus Night Line Smoothing Cream,"bath oils, bubbles and soaks",Body care,13.0
672,Clinique Repairwear Laser Focus Wrinkle Correcting Eye Cream,body moisturizers,Body care,46.0
673,Clinique Repairwear Uplifting Firming Cream,face masks and exfoliators,Body care,17.0
674,Clinique Repairwear Uplifting Firming Cream SPF 15,hand creams,Body care,18.0
675,Clinique Sculptwear Contouring Massage Cream Mask,Body soaps and washes,Body care,11.0
676,Clinique Smart Custom-Repair Serum,Nail care products,Body care,25.0
677,Clinique Smart Night Custom-Repair Moisturizer,Nail care products,Body care,8.0
678,Clinique Studio Fix Fluid,"bath oils, bubbles and soaks",Body care,16.0
679,Clinique Studio Skin 24 Hour Foundation,Nail care products,Body care,20.0
680,Clinique Super Rescue Antioxidant Night Moisturizer,body moisturizers,Body care,50.0
681,Clinique Superbalanced Silk Makeup SPF 15,Body soaps and washes,Body care,31.0
682,Clinique Superdefense Daily Defense Moisturizer SPF 20,"bath oils, bubbles and soaks",Body care,34.0
683,Clinique Superdefense SPF 25 Age Defense Moisturizer,"bath oils, bubbles and soaks",Body care,21.0
684,Clinique Superdefense SPF 25 Fatigue + 1st Signs of Age Multi-Correcting Cream,"bath oils, bubbles and soaks",Body care,35.0
685,Clinique Superdefense SPF 40 Fatigue + 1st Signs of Age Multi-Correcting Cream,face moisturizing products,Face care,29.0
686,Clinique Teint Idole Ultra Wear Foundation,body moisturizers,Body care,13.0
687,Clinique Turnaround Overnight Revitalizing Moisturizer,"bath oils, bubbles and soaks",Body care,50.0
688,Clinique Turnaround Revitalizing Instant Facial,"bath oils, bubbles and soaks",Body care,42.0
689,Clinique Turnaround Revitalizing Lotion,body moisturizers,Body care,43.0
690,Clinique Vanish Seamless Finish Foundation Stick,Body soaps and washes,Body care,27.0
691,Clinique Youth Surge Night Age Decelerating Moisturizer,hand creams,Body care,39.0
692,Coconut Milk Conditioner,"bath oils, bubbles and soaks",Body care,11.0
693,Coconut Milk Shampoo,face masks and exfoliators,Body care,29.0
694,"Crabtree & Evelyn Avocado, Olive & Basil Hand Therapy",face masks and exfoliators,Body care,12.0
695,Crabtree & Evelyn Citron & Coriander Hand Therapy,Body soaps and washes,Body care,36.0
696,Crabtree & Evelyn Gardener's Bath & Shower Gel,Nail care products,Body care,3.0
697,Crabtree & Evelyn Gardeners Hand Therapy,"bath oils, bubbles and soaks",Body care,32.0
698,Crabtree & Evelyn Goatmilk & Oat Hand Therapy,Nail care products,Body care,31.0
699,Crabtree & Evelyn La Source Bath & Shower Gel,face masks and exfoliators,Body care,5.0
700,Crabtree & Evelyn La Source Hand Therapy,"bath oils, bubbles and soaks",Body care,18.0
701,Crabtree & Evelyn Pear & Pink Magnolia Hand Therapy,body moisturizers,Body care,13.0
702,Crabtree & Evelyn Pomegranate & Argan Oil Hand Therapy,"bath oils, bubbles and soaks",Body care,13.0
703,Crabtree & Evelyn Rosewater & Pink Peppercorn Hand Therapy,"bath oils, bubbles and soaks",Body care,17.0
704,Crabtree & Evelyn Rosewater Bath & Shower Gel,"bath oils, bubbles and soaks",Body care,4.0
705,Crabtree & Evelyn Spiced Earl Grey Hand Therapy,body moisturizers,Body care,24.0
706,Crabtree & Evelyn Summer Hill Bath & Shower Gel,Nail care products,Body care,16.0
707,Crabtree & Evelyn White Cardamom Hand Therapy,shampoos and conditioners,Hair care,17.0
708,Deborah Lippmann Gel Lab Pro Break 4 Love Vibrant Pink,body moisturizers,Body care,6.0
709,Deborah Lippmann Gel Lab Pro Call Me Maybe Soft Pink,Body soaps and washes,Body care,7.0
710,Deborah Lippmann Gel Lab Pro Chain Reaction Gunmetal Gray,"bath oils, bubbles and soaks",Body care,4.0
711,Deborah Lippmann Gel Lab Pro Don’t Stop Believin’ Orange-Red,"bath oils, bubbles and soaks",Body care,4.0
712,Deborah Lippmann Gel Lab Pro Fashion Warm Beige,"bath oils, bubbles and soaks",Body care,8.0
713,Deborah Lippmann Gel Lab Pro Glitter and Be Gay Gold with Holographic Glitter,Body soaps and washes,Body care,6.0
714,Deborah Lippmann Gel Lab Pro Happy Birthday Multi-Color Glitter,body moisturizers,Body care,5.0
715,Deborah Lippmann Gel Lab Pro It’s Raining Men Bright Red,"bath oils, bubbles and soaks",Body care,4.0
716,Deborah Lippmann Gel Lab Pro Let’s Go Crazy Purple with Glitter,vitamins and supplements,Body care,9.0
717,Deborah Lippmann Gel Lab Pro Naked Sheer Nude,Body soaps and washes,Body care,11.0
718,Deborah Lippmann Gel Lab Pro Rolling in the Deep Deep Blue,Body soaps and washes,Body care,4.0
719,Deborah Lippmann Gel Lab Pro Shifting Sands Sandy Beige,Nail care products,Body care,6.0
720,Deborah Lippmann Gel Lab Pro Stairway to Heaven Iridescent Glitter,"bath oils, bubbles and soaks",Body care,11.0
721,"Deborah Lippmann Gel Lab Pro Sugar, Sugar Shimmering Red",face masks and exfoliators,Body care,6.0
722,Deborah Lippmann Gel Lab Pro Wow White,Nail care products,Body care,11.0
723,Deborah Lippmann Nail Polish Across the Universe Navy with Blue Glitter,Body soaps and washes,Body care,3.0
724,Deborah Lippmann Nail Polish Between the Sheets Bright Fuchsia,brushes and applicators,Home and Accessories,3.0
725,Deborah Lippmann Nail Polish Cleopatra in New York Black with Gold Glitter,"bath oils, bubbles and soaks",Body care,4.0
726,Deborah Lippmann Nail Polish Dark Side of the Moon Deep Plum,"bath oils, bubbles and soaks",Body care,4.0
727,Deborah Lippmann Nail Polish Daytripper Soft Coral,"bath oils, bubbles and soaks",Body care,6.0
728,Deborah Lippmann Nail Polish Footloose Bright Red,"bath oils, bubbles and soaks",Body care,5.0
729,Deborah Lippmann Nail Polish Glamorous Life Rose Gold Metallic,"bath oils, bubbles and soaks",Body care,6.0
730,Deborah Lippmann Nail Polish I’m Not Edible Bubblegum Pink with Black Glitter,vitamins and supplements,Body care,3.0
731,Deborah Lippmann Nail Polish La Vie En Rose Pale Pink,"bath oils, bubbles and soaks",Body care,5.0
732,Deborah Lippmann Nail Polish Lady is a Tramp Classic Red,body moisturizers,Body care,3.0
733,Deborah Lippmann Nail Polish Mermaid’s Dream Seafoam Green with Glitter,face moisturizing products,Face care,10.0
734,Deborah Lippmann Nail Polish Naked Truth Sheer Beige,"bath oils, bubbles and soaks",Body care,4.0
735,Deborah Lippmann Nail Polish She Drives Me Crazy Teal,"bath oils, bubbles and soaks",Body care,4.0
736,Deborah Lippmann Nail Polish Stormy Weather Cool Gray,"bath oils, bubbles and soaks",Body care,6.0
737,Deborah Lippmann Nail Polish Whatever Lola Wants Lilac with Shimmer,"bath oils, bubbles and soaks",Body care,6.0
738,Dial Clean + Gentle Body Wash,"bath oils, bubbles and soaks",Body care,11.0
739,Dial Coconut Water & Bamboo Leaf Extract Hydrating Body Wash,Nail care products,Body care,7.0
740,Dial For Men Body Wash,"bath oils, bubbles and soaks",Body care,14.0
741,Dial Greek Yogurt Moisturizing Body Wash,Nail care products,Body care,10.0
742,Dial Hibiscus Water Hydrating Body Wash,"bath oils, bubbles and soaks",Body care,15.0
743,Dial Himalayan Salt Hydrating Body Wash,body moisturizers,Body care,8.0
744,Dial Manuka Honey Body Wash,hand creams,Body care,14.0
745,Dial Marula Oil Hydrating Body Wash,"bath oils, bubbles and soaks",Body care,7.0
746,Dial Miracle Oil Restoring Body Wash,Accessories,Home and Accessories,8.0
747,Dial Spring Water Hydrating Body Wash,Nail care products,Body care,13.0
748,Dior Acqua di Giò,face moisturizing products,Face care,99.0
749,Dior Addict Lip Glow Coral,body moisturizers,Body care,10.0
750,Dior Addict Lipstick Be Dior Fuchsia,body moisturizers,Body care,17.0
751,Dior Addict Lipstick Diorkiss,"bath oils, bubbles and soaks",Body care,20.0
752,Dior Addict Lipstick Rosewood,face masks and exfoliators,Body care,14.0
753,Dior Airbrush Flawless Foundation,face masks and exfoliators,Body care,19.0
754,Dior Crystal Noir,body moisturizers,Body care,46.0
755,Dior Double Wear Foundation,face masks and exfoliators,Body care,35.0
756,Dior Explorer,face masks and exfoliators,Body care,99.0
757,Dior Fit Me Foundation,"bath oils, bubbles and soaks",Body care,20.0
758,Dior Flawless Fusion Ultra-Longwear Foundation,"bath oils, bubbles and soaks",Body care,15.0
759,Dior Gentleman,shampoos and conditioners,Hair care,106.0
760,Dior Hydra Life Glow Better Fresh Jelly Mask,"bath oils, bubbles and soaks",Body care,16.0
761,Dior Invictus,face moisturizing products,Face care,106.0
762,Dior L'Interdit,"bath oils, bubbles and soaks",Body care,104.0
763,Dior Pro Filt'r Foundation,"bath oils, bubbles and soaks",Body care,19.0
764,Dior Rouge 080 Red Smile,Nail care products,Body care,16.0
765,Dior Rouge 434 Promenade Nude,"bath oils, bubbles and soaks",Body care,16.0
766,Dior Rouge 772 Classic Rose,face masks and exfoliators,Body care,7.0
767,Dior Rouge 869 Sophisticated Plum,body moisturizers,Body care,11.0
768,Dior Rouge 910 Arsène Noir,"bath oils, bubbles and soaks",Body care,20.0
769,Dior Rouge 999 Iconic Red,body moisturizers,Body care,13.0
770,Dior Studio Fix Fluid,"bath oils, bubbles and soaks",Body care,17.0
771,Dior Teint Idole Ultra Wear Foundation,vitamins and supplements,Body care,35.0
772,Dior Vanish Seamless Finish Foundation Stick,"bath oils, bubbles and soaks",Body care,32.0
773,Dior Your Skin But Better CC+ Cream,body moisturizers,Body care,30.0
774,Diptyque Baies Candle,"bath oils, bubbles and soaks",Body care,6.0
775,Diptyque Eucalyptus Spearmint Candle,Body soaps and washes,Body care,10.0
776,Diptyque French Cade Lavender Candle,Body soaps and washes,Body care,11.0
777,Diptyque Geranium Candle,body moisturizers,Body care,11.0
778,Diptyque REPLICA Lazy Sunday Morning Candle,"bath oils, bubbles and soaks",Body care,5.0
779,Diptyque Rustic Pumpkin Candle,body moisturizers,Body care,9.0
780,Diptyque Santal 26 Candle,face masks and exfoliators,Body care,10.0
781,Diptyque Smell of Spring Spray,"bath oils, bubbles and soaks",Body care,9.0
782,Dolce & Gabbana 1 Million,vitamins and supplements,Body care,70.0
783,Dolce & Gabbana Black Opium,vitamins and supplements,Body care,54.0
784,Dolce & Gabbana Daisy,"bath oils, bubbles and soaks",Body care,52.0
785,Dolce & Gabbana Her Eau de Parfum,Nail care products,Body care,76.0
786,Dove Advanced Hair Series Quench Absolute Shampoo,hand creams,Body care,39.0
787,Dove Advanced Hair Series Regenerative Nourishment Conditioner,hair colors and toners,Hair care,39.0
788,Dove Advanced Hair Series Regenerative Nourishment Shampoo,"bath oils, bubbles and soaks",Body care,33.0
789,Dove Deep Moisture Body Wash,"bath oils, bubbles and soaks",Body care,3.0
790,Dove DermaCare Scalp Soothing Moisture Conditioner,Nail care products,Body care,20.0
791,Dove DermaCare Scalp Soothing Moisture Shampoo,Body soaps and washes,Body care,13.0
792,Dove Dermacare Scalp Anti-Dandruff Conditioner,"bath oils, bubbles and soaks",Body care,33.0
793,Dove Dermacare Scalp Anti-Dandruff Shampoo,body moisturizers,Body care,31.0
794,Dove Exfoliating Body Polish - Crushed Macadamia & Rice Milk,Body soaps and washes,Body care,3.0
795,Dove Gentle Exfoliating Body Wash,body moisturizers,Body care,9.0
796,Dove Go Fresh Cucumber & Green Tea Body Wash,face masks and exfoliators,Body care,6.0
797,Dove Go Fresh Revitalize Body Wash,"bath oils, bubbles and soaks",Body care,11.0
798,Dove Intensive Repair Conditioner,body moisturizers,Body care,8.0
799,Dove Intensive Repair Shampoo,"bath oils, bubbles and soaks",Body care,36.0
800,Dove Men+Care Clean Comfort Body Wash,face masks and exfoliators,Body care,15.0
801,Dove Men+Care Fresh & Clean Fortifying Conditioner,"bath oils, bubbles and soaks",Body care,14.0
802,Dove Men+Care Fresh & Clean Fortifying Shampoo,"bath oils, bubbles and soaks",Body care,35.0
803,Dove Men+Care Hydration Balance Body Wash,shampoos and conditioners,Hair care,8.0
804,Dove Nourishing Secrets Glowing Ritual Bath Soak,"bath oils, bubbles and soaks",Body care,10.0
805,Dove Nutritive Solutions Anti-Frizz Oil Therapy Conditioner,Body soaps and washes,Body care,14.0
806,Dove Nutritive Solutions Anti-Frizz Oil Therapy Shampoo,"bath oils, bubbles and soaks",Body care,23.0
807,Dove Nutritive Solutions Daily Moisture Conditioner,"bath oils, bubbles and soaks",Body care,19.0
808,Dove Nutritive Solutions Daily Moisture Shampoo,"bath oils, bubbles and soaks",Body care,20.0
809,Dove Nutritive Solutions Intensive Repair Conditioner,"bath oils, bubbles and soaks",Body care,21.0
810,Dove Nutritive Solutions Intensive Repair Shampoo,"bath oils, bubbles and soaks",Body care,34.0
811,Dove Nutritive Solutions Oxygen Moisture Conditioner,Body soaps and washes,Body care,23.0
812,Dove Nutritive Solutions Oxygen Moisture Shampoo,"bath oils, bubbles and soaks",Body care,29.0
813,Dove Pure Care Dry Oil Conditioner,"bath oils, bubbles and soaks",Body care,37.0
814,Dove Pure Care Dry Oil Shampoo,"bath oils, bubbles and soaks",Body care,31.0
815,Dove Purely Pampering Almond Cream Bath Soak,"bath oils, bubbles and soaks",Body care,7.0
816,Dove Purely Pampering Coconut Milk Body Wash,hand creams,Body care,15.0
817,Dove Purely Pampering Shea Butter with Warm Vanilla Body Wash,Accessories,Home and Accessories,3.0
818,Dove Sensitive Skin Body Wash,body moisturizers,Body care,16.0
819,Dr Hauschka Lemon Lemongrass Vitalising Bath Essence,"bath oils, bubbles and soaks",Body care,15.0
820,Dr Hauschka Moor Lavender Calming Bath Essence,"bath oils, bubbles and soaks",Body care,16.0
821,Dr Teal's Eucalyptus & Spearmint Bath Soak,"bath oils, bubbles and soaks",Body care,12.0
822,Dr Teal's Pink Himalayan Foaming Bath,"bath oils, bubbles and soaks",Body care,4.0
823,Dr Teal's Soothe & Sleep Lavender Foaming Bath,"bath oils, bubbles and soaks",Body care,13.0
824,Dr. Bronner's Eucalyptus Pure-Castile Liquid Soap,body moisturizers,Body care,5.0
825,Dr. Bronner's Lavender Pure-Castile Liquid Soap,"bath oils, bubbles and soaks",Body care,12.0
826,Dr. Bronner's Peppermint Pure-Castile Liquid Soap,body moisturizers,Body care,13.0
827,Dr. Bronner's Pure-Castile Liquid Soap,Body soaps and washes,Body care,3.0
828,Dr. Bronner's Tea Tree Pure-Castile Liquid Soap,Body soaps and washes,Body care,10.0
829,Dr. Jart+ Cicapair Tiger Grass Calming Gel Cream,body moisturizers,Body care,15.0
830,Dr. Jart+ Cryo Rubber with Brightening Vitamin C,Nail care products,Body care,8.0
831,Dr. Jart+ Dermask Water Jet Vital Hydra Solution,Nail care products,Body care,11.0
832,Dr. Teal's Eucalyptus & Spearmint Foaming Bath,face masks and exfoliators,Body care,9.0
833,Dr. Teal's Pink Himalayan Foaming Bath,body moisturizers,Body care,9.0
834,Dr. Teal's Relax & Relief Eucalyptus & Spearmint Foaming Bath,face masks and exfoliators,Body care,3.0
835,Dr. Teal's Shea Butter & Almond Oil Foaming Bath,brushes and applicators,Home and Accessories,16.0
836,Dr. Teal's Soothe & Sleep Lavender Foaming Bath,Nail care products,Body care,11.0
837,Drunk Elephant Babyfacial Mask,"bath oils, bubbles and soaks",Body care,10.0
838,Drunk Elephant F-Balm Electrolyte Waterfacial Mask,"bath oils, bubbles and soaks",Body care,17.0
839,Drunk Elephant Juju Bar Exfoliating Cleanser,"bath oils, bubbles and soaks",Body care,9.0
840,Drunk Elephant T.L.C. Framboos Glycolic Night Serum,"bath oils, bubbles and soaks",Body care,14.0
841,Drunk Elephant T.L.C. Sukari Babyfacial,"bath oils, bubbles and soaks",Body care,11.0
842,Drunk Elephant Umbra Sheer Physical Daily Defense SPF 30,body moisturizers,Body care,11.0
843,ELEMIS Aching Muscle Super Soak,vitamins and supplements,Body care,18.0
844,ELEMIS Exotic Frangipani Monoi Hand Cream,"bath oils, bubbles and soaks",Body care,8.0
845,ELEMIS Frangipani Monoi Hand & Nail Cream,hand creams,Body care,18.0
846,ELEMIS Garden of England Rose Restore Hand & Nail Cream,"bath oils, bubbles and soaks",Body care,15.0
847,ELEMIS Jasmine & Rose Hand & Nail Cream,"bath oils, bubbles and soaks",Body care,21.0
848,ELEMIS Pro-Radiance Hand & Nail Cream,face masks and exfoliators,Body care,20.0
849,ELEMIS Revitalise-Me Bath & Shower Gel,"bath oils, bubbles and soaks",Body care,13.0
850,ELEMIS White Flowers Hand & Nail Cream,face masks and exfoliators,Body care,31.0
851,ESPA Fitness Bath Oil,"bath oils, bubbles and soaks",Body care,12.0
852,ESPA Soothing Bath Oil,"bath oils, bubbles and soaks",Body care,16.0
853,EcoTools Angled Blush Brush,Nail care products,Body care,9.0
854,EcoTools Angled Face Brush,hand creams,Body care,8.0
855,EcoTools Angled Kabuki Brush,"bath oils, bubbles and soaks",Body care,10.0
856,EcoTools Bamboo Powder Brush,"bath oils, bubbles and soaks",Body care,3.0
857,EcoTools Blending & Bronzing Brush,body moisturizers,Body care,3.0
858,EcoTools Blending Sponge Duo,Nail care products,Body care,5.0
859,EcoTools Complexion Buffer Brush,body moisturizers,Body care,7.0
860,EcoTools Custom Coverage Buffing Brush,face masks and exfoliators,Body care,4.0
861,EcoTools Define & Highlight Duo,"bath oils, bubbles and soaks",Body care,3.0
862,EcoTools Flat Foundation Brush,face masks and exfoliators,Body care,12.0
863,EcoTools Full Blush Brush,"bath oils, bubbles and soaks",Body care,10.0
864,EcoTools Full Powder Brush,"bath oils, bubbles and soaks",Body care,4.0
865,EcoTools Mattifying Finish Brush,"bath oils, bubbles and soaks",Body care,12.0
866,EcoTools Perfecting Blender Applicator,"bath oils, bubbles and soaks",Body care,6.0
867,EcoTools Precision Blush Brush,"bath oils, bubbles and soaks",Body care,11.0
868,EcoTools Precision Foundation Brush,face masks and exfoliators,Body care,8.0
869,EcoTools Retractable Face Brush,face masks and exfoliators,Body care,7.0
870,EcoTools Retractable Kabuki Brush,"bath oils, bubbles and soaks",Body care,4.0
871,EcoTools Sheer Finish Blush Brush,"bath oils, bubbles and soaks",Body care,6.0
872,EcoTools Sheer Finish Kabuki Brush,"bath oils, bubbles and soaks",Body care,7.0
873,Elemis Frangipani Monoi Bath & Shower Nectar Oil,body moisturizers,Body care,10.0
874,Elemis Quiet Mind Relaxing Bath Elixir,"bath oils, bubbles and soaks",Body care,7.0
875,Elemis Skin Nourishing Milk Bath,"bath oils, bubbles and soaks",Body care,13.0
876,Emerald Blaze Earrings,body moisturizers,Body care,22.0
877,Emerald Blaze Necklace,Nail care products,Body care,177.0
878,Emerald Blossom Pendant,Nail care products,Body care,144.0
879,Emerald Crown Necklace,"bath oils, bubbles and soaks",Body care,194.0
880,Emerald Dream Necklace,"bath oils, bubbles and soaks",Body care,143.0
881,Emerald Echo Necklace,"bath oils, bubbles and soaks",Body care,24.0
882,Emerald Echo Pendant,hand creams,Body care,144.0
883,Emerald Glimmer Earrings,Nail care products,Body care,71.0
884,Emerald Horizon Earrings,face masks and exfoliators,Body care,41.0
885,Emerald Solstice Earrings,body moisturizers,Body care,90.0
886,Emerald Starburst Ring,hand creams,Body care,161.0
887,Emerald Tide Anklet,"bath oils, bubbles and soaks",Body care,166.0
888,Emerald Twilight Pendant,body moisturizers,Body care,29.0
889,Emerald Veil Necklace,Nail care products,Body care,132.0
890,Emerald Wave Bracelet,Nail care products,Body care,100.0
891,Emerald Whisper Bracelet,"bath oils, bubbles and soaks",Body care,126.0
892,Essie Nail Polish Angora Cardi Dusty Rose,body moisturizers,Body care,9.0
893,Essie Nail Polish Aruba Blue Shimmering Cobalt,"bath oils, bubbles and soaks",Body care,9.0
894,Essie Nail Polish Bahama Mama Plum Red,Nail care products,Body care,9.0
895,Essie Nail Polish Ballet Slippers Pale Pink,Body soaps and washes,Body care,10.0
896,Essie Nail Polish Bikini So Teeny Soft Blue,face masks and exfoliators,Body care,11.0
897,Essie Nail Polish Blanc Pure White,face masks and exfoliators,Body care,10.0
898,Essie Nail Polish Blossom Dandy Minty Turquoise,vitamins and supplements,Body care,9.0
899,Essie Nail Polish Chinchilly Cool Gray,Body soaps and washes,Body care,4.0
900,Essie Nail Polish Cute as a Button Bright Pink,"bath oils, bubbles and soaks",Body care,8.0
901,Essie Nail Polish Eternal Optimist Rose Beige,Body soaps and washes,Body care,10.0
902,Essie Nail Polish Fifth Avenue Bright Red-Orange,Body soaps and washes,Body care,8.0
903,Essie Nail Polish Fiji Soft Pink,Body soaps and washes,Body care,8.0
904,Essie Nail Polish Geranium Bright Orange,"bath oils, bubbles and soaks",Body care,5.0
905,Essie Nail Polish Go Ginza Soft Lilac,Body soaps and washes,Body care,10.0
906,Essie Nail Polish Lady Like Dusty Mauve,body moisturizers,Body care,4.0
907,Essie Nail Polish Limo-Scene Sheer White,Nail care products,Body care,11.0
908,Essie Nail Polish Mademoiselle Sheer Pink,Body soaps and washes,Body care,3.0
909,Essie Nail Polish Marshmallow Soft White,shampoos and conditioners,Hair care,10.0
910,Essie Nail Polish Merino Cool Purple-Toned Gray,"bath oils, bubbles and soaks",Body care,3.0
911,Essie Nail Polish Mesmerize Classic Blue,face moisturizing products,Face care,9.0
912,Essie Nail Polish Mint Candy Apple Mint Green,hand creams,Body care,6.0
913,Essie Nail Polish Mochacino Taupe with Shimmer,fragrances,Home and Accessories,4.0
914,Essie Nail Polish Penny Talk Metallic Copper,Body soaps and washes,Body care,3.0
915,Essie Nail Polish Sand Tropez Neutral Beige,"bath oils, bubbles and soaks",Body care,6.0
916,Essie Nail Polish Smokin' Hot Dark Gray,"bath oils, bubbles and soaks",Body care,5.0
917,Essie Nail Polish Sole Mate Rich Plum,"bath oils, bubbles and soaks",Body care,3.0
918,Essie Nail Polish Tart Deco Bright Coral,Body soaps and washes,Body care,4.0
919,Essie Nail Polish Topless & Barefoot Nude Beige,body moisturizers,Body care,10.0
920,Essie Nail Polish Watermelon Juicy Pink,body moisturizers,Body care,11.0
921,Essie Nail Polish Wicked Deep Burgundy,Body soaps and washes,Body care,6.0
922,Estee Lauder Advanced Night Repair Concentrated Recovery PowerFoil Mask,"bath oils, bubbles and soaks",Body care,9.0
923,Estée Lauder Even Better Makeup,"bath oils, bubbles and soaks",Body care,21.0
924,Estée Lauder Flawless Fusion Ultra-Longwear Foundation,face masks and exfoliators,Body care,30.0
925,Estée Lauder Pure Color Envy Carnal,body moisturizers,Body care,11.0
926,Estée Lauder Pure Color Envy Defiant Coral,"bath oils, bubbles and soaks",Body care,17.0
927,Estée Lauder Pure Color Envy Dynamic Nude,"bath oils, bubbles and soaks",Body care,19.0
928,Estée Lauder Pure Color Envy Irresistible,"bath oils, bubbles and soaks",Body care,10.0
929,Estée Lauder Pure Color Envy Rebellious Rose,vitamins and supplements,Body care,6.0
930,Estée Lauder Pure Color Envy Tumultuous Pink,face masks and exfoliators,Body care,13.0
931,Estée Lauder Pure Color Love Bar Red,hand creams,Body care,9.0
932,Estée Lauder Pure Color Love Burning Love,body moisturizers,Body care,10.0
933,Estée Lauder Pure Color Love Flash Chill,face masks and exfoliators,Body care,13.0
934,Estée Lauder Pure Color Love Shock & Awe,Body soaps and washes,Body care,7.0
935,Estée Lauder Radiant Creamy Concealer,"bath oils, bubbles and soaks",Body care,25.0
936,Estée Lauder Studio Skin 24 Hour Foundation,"bath oils, bubbles and soaks",Body care,17.0
937,Estée Lauder True Match Foundation,"bath oils, bubbles and soaks",Body care,20.0
938,Estée Lauder Ultra HD Foundation,body moisturizers,Body care,12.0
939,Estée Lauder Your Skin But Better CC+ Cream,"bath oils, bubbles and soaks",Body care,21.0
940,Eucerin Advanced Cleansing Body Wash,"bath oils, bubbles and soaks",Body care,9.0
941,Eucerin Advanced Dry Skin Relief Cream,"bath oils, bubbles and soaks",Body care,18.0
942,Eucerin Advanced Hydration Hand Cream,"bath oils, bubbles and soaks",Body care,25.0
943,Eucerin Advanced Hydration SPF 30,face masks and exfoliators,Body care,21.0
944,Eucerin Advanced Repair Cream,"bath oils, bubbles and soaks",Body care,12.0
945,Eucerin Advanced Repair Hand Cream,Nail care products,Body care,11.0
946,Eucerin Advanced Repair Lotion,Nail care products,Body care,9.0
947,Eucerin Anti-Age Hyaluron-Filler Body Wash,face moisturizing products,Face care,4.0
948,Eucerin Anti-Pigment Day SPF 30,Body soaps and washes,Body care,31.0
949,Eucerin Anti-Wrinkle Face Lotion SPF 15,Body soaps and washes,Body care,37.0
950,Eucerin AntiREDNESS Soothing Care,hand creams,Body care,32.0
951,Eucerin AntiREDNESS Soothing Night Care,Nail care products,Body care,17.0
952,Eucerin Aquaphor Body Wash,brushes and applicators,Home and Accessories,4.0
953,Eucerin Aquaphor Healing Ointment,hair colors and toners,Hair care,37.0
954,Eucerin Aquaphor Healing Ointment Advanced Therapy,hand creams,Body care,9.0
955,Eucerin Aquaphor Immediate Relief Lotion,face masks and exfoliators,Body care,43.0
956,Eucerin AtopiControl Acute Care Cream,face masks and exfoliators,Body care,13.0
957,Eucerin AtopiControl Face Care Cream,Nail care products,Body care,27.0
958,Eucerin Calming Hand Cream,"bath oils, bubbles and soaks",Body care,10.0
959,Eucerin DermoPURIFYER Oil Control Adjunctive Hydrating Care,body moisturizers,Body care,37.0
960,Eucerin DermoPURIFYER Oil Control Mattifying Fluid,Body soaps and washes,Body care,31.0
961,Eucerin DermoPURIFYER Oil Control Rehydrating Treatment,body moisturizers,Body care,40.0
962,Eucerin Dry Skin Relief Hand Cream,"bath oils, bubbles and soaks",Body care,15.0
963,Eucerin Eczema Relief Cream,"bath oils, bubbles and soaks",Body care,27.0
964,Eucerin Eczema Relief Hand Cream,"bath oils, bubbles and soaks",Body care,28.0
965,Eucerin Hyaluron-Filler + Volume-Lift Day Cream,Body soaps and washes,Body care,31.0
966,Eucerin Hyaluron-Filler Concentrate,body moisturizers,Body care,37.0
967,Eucerin Hyaluron-Filler Day Cream SPF 15,vitamins and supplements,Body care,34.0
968,Eucerin Hyaluron-Filler Day Cream SPF 30,Body soaps and washes,Body care,22.0
969,Eucerin Hyaluron-Filler Elasticity Day SPF 30,"bath oils, bubbles and soaks",Body care,30.0
970,Eucerin Hyaluron-Filler Night Cream,"bath oils, bubbles and soaks",Body care,50.0
971,Eucerin Hyaluron-Filler Vitamin C Booster,"bath oils, bubbles and soaks",Body care,34.0
972,Eucerin In-Shower Body Lotion,face masks and exfoliators,Body care,13.0
973,Eucerin Intensive Hand Repair Cream,"bath oils, bubbles and soaks",Body care,21.0
974,Eucerin Intensive Repair Hand Cream,hand creams,Body care,26.0
975,Eucerin Intensive Repair Lotion,body moisturizers,Body care,17.0
976,"Eucerin Intensive Repair Lotion for Dry, Flaky Skin",shampoos and conditioners,Hair care,11.0
977,Eucerin Intensive Repair Very Dry Skin Lotion,"bath oils, bubbles and soaks",Body care,21.0
978,Eucerin Original Healing Lotion,"bath oils, bubbles and soaks",Body care,10.0
979,Eucerin Original Healing Lotion for Very Dry Skin,body moisturizers,Body care,8.0
980,Eucerin Original Healing Rich Lotion,body moisturizers,Body care,14.0
981,Eucerin Professional Repair Lotion,body moisturizers,Body care,18.0
982,Eucerin Protective Hand Cream,face masks and exfoliators,Body care,40.0
983,Eucerin Q10 Anti-Wrinkle Face Cream,"bath oils, bubbles and soaks",Body care,9.0
984,Eucerin Q10 Anti-Wrinkle Night Cream,hair colors and toners,Hair care,28.0
985,Eucerin Q10 Anti-Wrinkle Sensitive Skin Face Cream,vitamins and supplements,Body care,14.0
986,Eucerin Redness Relief Day Lotion SPF 15,body moisturizers,Body care,21.0
987,Eucerin Redness Relief Night Creme,face masks and exfoliators,Body care,26.0
988,Eucerin Redness Relief Soothing Cleanser,"bath oils, bubbles and soaks",Body care,12.0
989,Eucerin Redness Relief Soothing Night Cream,"bath oils, bubbles and soaks",Body care,40.0
990,Eucerin Repair Hand Cream,body moisturizers,Body care,13.0
991,Eucerin Roughness Relief Cream,body moisturizers,Body care,15.0
992,Eucerin Sensitive Skin Experts Daily Protection Face Lotion SPF 30,face masks and exfoliators,Body care,46.0
993,Eucerin Sensitive Skin Experts Q10 Anti-Wrinkle Face Cream,Nail care products,Body care,16.0
994,Eucerin Sensitive Skin Redness Relief Soothing Cleanser,hair colors and toners,Hair care,16.0
995,Eucerin Skin Calming Body Wash,face masks and exfoliators,Body care,16.0
996,Eucerin Skin Calming Lotion,Body soaps and washes,Body care,24.0
997,Eucerin Smoothing Face Cream 5% Urea,"bath oils, bubbles and soaks",Body care,13.0
998,Eucerin Smoothing Repair Face Cream,"bath oils, bubbles and soaks",Body care,22.0
999,Eucerin Smoothing Repair Lotion,"bath oils, bubbles and soaks",Body care,31.0
1000,Eucerin Soothing Hand Cream,"bath oils, bubbles and soaks",Body care,37.0
1001,Eucerin UreaRepair Face Cream 5% Urea,"bath oils, bubbles and soaks",Body care,10.0
1002,Eucerin UreaRepair PLUS Face Cream,shampoos and conditioners,Hair care,32.0
1003,Eucerin UreaRepair PLUS Replenishing Body Wash,face masks and exfoliators,Body care,5.0
1004,Eucerin UreaRepair PLUS Replenishing Face Cream,body moisturizers,Body care,37.0
1005,Eucerin pH5 Sensitive Skin Body Wash,"bath oils, bubbles and soaks",Body care,9.0
1006,Eucerin pH5 Skin Protection Body Wash,hair colors and toners,Hair care,9.0
1007,Fenty Beauty Airbrush Flawless Foundation,body moisturizers,Body care,25.0
1008,Fenty Beauty ColorStay Foundation,body moisturizers,Body care,19.0
1009,Fenty Beauty Double Wear Foundation,Body soaps and washes,Body care,28.0
1010,Fenty Beauty Fit Me Foundation,Body soaps and washes,Body care,12.0
1011,Fenty Beauty Flawless Fusion Ultra-Longwear Foundation,hand creams,Body care,28.0
1012,Fenty Beauty Gloss Bomb Universal Lip Luminizer Fenty Glow,Body soaps and washes,Body care,11.0
1013,Fenty Beauty Gloss Bomb Universal Lip Luminizer Fu$$y Pink,hand creams,Body care,9.0
1014,Fenty Beauty Gloss Bomb Universal Lip Luminizer Hot Chocolit,"bath oils, bubbles and soaks",Body care,8.0
1015,Fenty Beauty Luminous Silk Foundation,"bath oils, bubbles and soaks",Body care,25.0
1016,Fenty Beauty Mattemoiselle Plush Matte Candy Venom,Nail care products,Body care,12.0
1017,Fenty Beauty Mattemoiselle Plush Matte Flamingo Acid,"bath oils, bubbles and soaks",Body care,20.0
1018,Fenty Beauty Mattemoiselle Plush Matte Spanked Dusty Rose,body moisturizers,Body care,17.0
1019,Fenty Beauty Skin Long-Wear Weightless Foundation,"bath oils, bubbles and soaks",Body care,19.0
1020,Fenty Beauty Stay Naked Foundation,body moisturizers,Body care,24.0
1021,Fenty Beauty Stunna Lip Paint Unattached Bright Coral,body moisturizers,Body care,17.0
1022,Fenty Beauty Stunna Lip Paint Uncensored Red,face masks and exfoliators,Body care,12.0
1023,Fenty Beauty Stunna Lip Paint Uncuffed Mauve Nude,face masks and exfoliators,Body care,15.0
1024,Fenty Beauty Stunna Lip Paint Unveil Brown Nude,body moisturizers,Body care,11.0
1025,Fenty Beauty Teint Idole Ultra Wear Foundation,face moisturizing products,Face care,27.0
1026,Fenty Beauty Your Skin But Better CC+ Cream,"bath oils, bubbles and soaks",Body care,30.0
1027,First Aid Beauty Ultra Repair Instant Oatmeal Mask,"bath oils, bubbles and soaks",Body care,14.0
1028,Fresh Black Tea Instant Perfecting Mask,body moisturizers,Body care,11.0
1029,Fresh Creme Ancienne Ultimate Nourishing Honey Mask,Nail care products,Body care,9.0
1030,Fresh Lotus Youth Preserve Rescue Mask,body moisturizers,Body care,18.0
1031,Fresh Peony Brightening Night Treatment Mask,"bath oils, bubbles and soaks",Body care,15.0
1032,Fresh Rose Deep Hydration Sleeping Mask,face masks and exfoliators,Body care,13.0
1033,Fresh Rose Face Mask,body moisturizers,Body care,15.0
1034,Fresh Sugar Face Polish,"bath oils, bubbles and soaks",Body care,14.0
1035,Fresh Umbrian Clay Mattifying Mask,body moisturizers,Body care,18.0
1036,Fresh Umbrian Clay Purifying Mask,Nail care products,Body care,14.0
1037,Fresh Vitamin Nectar Vibrancy-Boosting Face Mask,"bath oils, bubbles and soaks",Body care,10.0
1038,GNC B-Complex,body moisturizers,Body care,47.0
1039,GNC Biotin,face masks and exfoliators,Body care,23.0
1040,GNC CoQ10,"bath oils, bubbles and soaks",Body care,43.0
1041,GNC Collagen Peptides,"bath oils, bubbles and soaks",Body care,41.0
1042,GNC Elderberry Gummies,body moisturizers,Body care,34.0
1043,GNC Glucosamine Chondroitin,Body soaps and washes,Body care,45.0
1044,GNC Iron Supplement,"bath oils, bubbles and soaks",Body care,22.0
1045,GNC Prenatal Multivitamin,"bath oils, bubbles and soaks",Body care,50.0
1046,GNC Probiotics,"bath oils, bubbles and soaks",Body care,30.0
1047,GNC Silver Multivitamin,Nail care products,Body care,38.0
1048,GNC Vitamin C,"bath oils, bubbles and soaks",Body care,40.0
1049,GNC Zinc Tablets,"bath oils, bubbles and soaks",Body care,50.0
1050,Garden of Life B-Complex,"bath oils, bubbles and soaks",Body care,20.0
1051,Garden of Life Elderberry Gummies,body moisturizers,Body care,38.0
1052,Garden of Life Glucosamine Chondroitin,"bath oils, bubbles and soaks",Body care,25.0
1053,Garden of Life Gold Standard Whey,face masks and exfoliators,Body care,38.0
1054,Garden of Life Magnesium Citrate,"bath oils, bubbles and soaks",Body care,48.0
1055,Garden of Life Melatonin,hand creams,Body care,25.0
1056,Garden of Life Multivitamin for Women,face masks and exfoliators,Body care,48.0
1057,Garden of Life Omega-3 Fish Oil,"bath oils, bubbles and soaks",Body care,48.0
1058,Garden of Life Prenatal Multivitamin,"bath oils, bubbles and soaks",Body care,24.0
1059,Garden of Life Probiotics,body moisturizers,Body care,37.0
1060,Garden of Life Turmeric Curcumin,Body soaps and washes,Body care,44.0
1061,Garden of Life Vitamin C,body moisturizers,Body care,21.0
1062,Garden of Life Vitamin D3,face masks and exfoliators,Body care,39.0
1063,Garden of Life Zinc Tablets,"bath oils, bubbles and soaks",Body care,47.0
1064,Garnier Fructis Curl Nourish Shampoo,"bath oils, bubbles and soaks",Body care,13.0
1065,Garnier Fructis Damage Eraser Conditioner,"bath oils, bubbles and soaks",Body care,25.0
1066,Garnier Fructis Damage Eraser Shampoo,"bath oils, bubbles and soaks",Body care,8.0
1067,Garnier Fructis Grow Strong Conditioner,hand creams,Body care,34.0
1068,Garnier Fructis Grow Strong Shampoo,hand creams,Body care,31.0
1069,Garnier Fructis Pure Clean Conditioner,Nail care products,Body care,7.0
1070,Garnier Fructis Pure Clean Fortifying Conditioner,body moisturizers,Body care,30.0
1071,Garnier Fructis Pure Clean Fortifying Shampoo,face masks and exfoliators,Body care,12.0
1072,Garnier Fructis Pure Clean Shampoo,body moisturizers,Body care,15.0
1073,Garnier Fructis Sleek & Shine Conditioner,face moisturizing products,Face care,39.0
1074,Garnier Fructis Sleek & Shine Shampoo,"bath oils, bubbles and soaks",Body care,28.0
1075,Garnier Fructis Sleek & Shine Zero Conditioner,"bath oils, bubbles and soaks",Body care,13.0
1076,Garnier Fructis Sleek & Shine Zero Shampoo,"bath oils, bubbles and soaks",Body care,28.0
1077,Garnier Fructis Triple Nutrition Conditioner,Nail care products,Body care,5.0
1078,Garnier Fructis Triple Nutrition Shampoo,"bath oils, bubbles and soaks",Body care,10.0
1079,Garnier Nutrisse Nourishing Hair Color Creme - Butternut,body moisturizers,Body care,11.0
1080,Garnier Nutrisse Nourishing Hair Color Creme - Cherry Cola,"bath oils, bubbles and soaks",Body care,13.0
1081,Garnier Nutrisse Nourishing Hair Color Creme - Dark Chocolate Brown,hand creams,Body care,8.0
1082,Garnier Nutrisse Nourishing Hair Color Creme - Dark Intense Burgundy,"bath oils, bubbles and soaks",Body care,18.0
1083,Garnier Nutrisse Nourishing Hair Color Creme - Dark Mahogany Red,"bath oils, bubbles and soaks",Body care,19.0
1084,Garnier Nutrisse Nourishing Hair Color Creme - Golden Caramel,body moisturizers,Body care,16.0
1085,Garnier Nutrisse Nourishing Hair Color Creme - Honey Blonde,"bath oils, bubbles and soaks",Body care,17.0
1086,Garnier Nutrisse Nourishing Hair Color Creme - Intense Copper,face masks and exfoliators,Body care,20.0
1087,Garnier Nutrisse Nourishing Hair Color Creme - Light Golden Blonde,Body soaps and washes,Body care,16.0
1088,Garnier Nutrisse Nourishing Hair Color Creme - Light Natural Blonde,shampoos and conditioners,Hair care,15.0
1089,Garnier Nutrisse Nourishing Hair Color Creme - Light Natural Brown,Body soaps and washes,Body care,11.0
1090,Garnier Nutrisse Nourishing Hair Color Creme - Mocha Brown,Body soaps and washes,Body care,10.0
1091,Garnier Nutrisse Nourishing Hair Color Creme - Natural Blue Black,body moisturizers,Body care,8.0
1092,Garnier Nutrisse Nourishing Hair Color Creme - Red Velvet,face moisturizing products,Face care,9.0
1093,Garnier Nutrisse Nourishing Hair Color Creme - Soft Black,"bath oils, bubbles and soaks",Body care,15.0
1094,Garnier Nutrisse Nourishing Hair Color Creme - Soft Black Cherry,"bath oils, bubbles and soaks",Body care,12.0
1095,Garnier Nutrisse Nourishing Hair Color Creme - Soft Golden Brown,face masks and exfoliators,Body care,8.0
1096,Garnier Nutrisse Nourishing Hair Color Creme - Soft Light Brown,face moisturizing products,Face care,10.0
1097,Garnier Nutrisse Nourishing Hair Color Creme - Soft Mahogany Dark Brown,hand creams,Body care,14.0
1098,Garnier Nutrisse Nourishing Hair Color Creme - Soft Mahogany Red,body moisturizers,Body care,18.0
1099,Garnier Nutrisse Nourishing Hair Color Creme - Warm Mocha,"bath oils, bubbles and soaks",Body care,9.0
1100,Garnier Nutrisse Ultra Color - Cool Caramel,Body soaps and washes,Body care,13.0
1101,Garnier Nutrisse Ultra Color - Dark Intense Violet,body moisturizers,Body care,15.0
1102,Garnier Nutrisse Ultra Color - Dark Mahogany Brown,"bath oils, bubbles and soaks",Body care,20.0
1103,Garnier Nutrisse Ultra Color - Deep Intense Auburn,"bath oils, bubbles and soaks",Body care,20.0
1104,Garnier Nutrisse Ultra Color - Deep Intense Burgundy,hand creams,Body care,10.0
1105,Garnier Nutrisse Ultra Color - Golden Blonde,body moisturizers,Body care,17.0
1106,Garnier Nutrisse Ultra Color - Golden Brown,"bath oils, bubbles and soaks",Body care,11.0
1107,Garnier Nutrisse Ultra Color - Golden Honey,"bath oils, bubbles and soaks",Body care,15.0
1108,Garnier Nutrisse Ultra Color - Intense Black Cherry,"bath oils, bubbles and soaks",Body care,15.0
1109,Garnier Nutrisse Ultra Color - Intense Burgundy,"bath oils, bubbles and soaks",Body care,10.0
1110,Garnier Nutrisse Ultra Color - Intense Ruby Red,"bath oils, bubbles and soaks",Body care,18.0
1111,Garnier Nutrisse Ultra Color - Light Copper,"bath oils, bubbles and soaks",Body care,16.0
1112,Garnier Nutrisse Ultra Color - Light Golden Brown,Body soaps and washes,Body care,12.0
1113,Garnier Nutrisse Ultra Color - Light Reddish Brown,body moisturizers,Body care,8.0
1114,Garnier Nutrisse Ultra Color - Medium Golden Brown,"bath oils, bubbles and soaks",Body care,15.0
1115,Garnier Nutrisse Ultra Color - Mocha Brown,hand creams,Body care,11.0
1116,Garnier Nutrisse Ultra Color - Plum Black,hand creams,Body care,11.0
1117,Garnier Nutrisse Ultra Color - R3 Light Intense Auburn,vitamins and supplements,Body care,19.0
1118,Garnier Nutrisse Ultra Color - Warm Chestnut Brown,"bath oils, bubbles and soaks",Body care,12.0
1119,Garnier Olia Ammonia-Free Hair Color - Dark Rose Quartz,"bath oils, bubbles and soaks",Body care,11.0
1120,Garnier Olia Ammonia-Free Hair Color - Intense Copper Red,"bath oils, bubbles and soaks",Body care,16.0
1121,Garnier Olia Ammonia-Free Hair Color - Light Golden Brown,face masks and exfoliators,Body care,8.0
1122,Garnier Olia Ammonia-Free Hair Color - Light Pearl Blonde,hand creams,Body care,11.0
1123,Garnier Olia Ammonia-Free Hair Color - Medium Natural Brown,"bath oils, bubbles and soaks",Body care,16.0
1124,Garnier Olia Ammonia-Free Hair Color - Medium Rose Blonde,Body soaps and washes,Body care,12.0
1125,Garnier Olia Ammonia-Free Hair Color - Medium Rose Gold,Body soaps and washes,Body care,17.0
1126,Garnier Olia Ammonia-Free Hair Color - Medium Warm Red,foundations and concealers,Make up,19.0
1127,Garnier Olia Ammonia-Free Hair Color - Soft Rose Blonde,"bath oils, bubbles and soaks",Body care,8.0
1128,Garnier Olia Ammonia-Free Hair Color - Warm Copper,hand creams,Body care,9.0
1129,Garnier Olia Bold - Dark Burgundy,"bath oils, bubbles and soaks",Body care,13.0
1130,Garnier Olia Bold - Dark Platinum Blonde,"bath oils, bubbles and soaks",Body care,18.0
1131,Garnier Olia Bold - Deep Red,Body soaps and washes,Body care,8.0
1132,Garnier Olia Bold - Light Iridescent Blonde,Body soaps and washes,Body care,17.0
1133,Garnier Olia Bold - Light Lavender,body moisturizers,Body care,9.0
1134,Garnier Olia Bold - Medium Blonde,vitamins and supplements,Body care,11.0
1135,Garnier Olia Bold - Medium Rose Gold,face moisturizing products,Face care,17.0
1136,Garnier Olia Bold - Silver Gray,Nail care products,Body care,11.0
1137,Garnier Olia Bold - Smokey Blue,"bath oils, bubbles and soaks",Body care,8.0
1138,Garnier SkinActive 24H Moisture Rescue Gel-Cream,face masks and exfoliators,Body care,12.0
1139,Garnier SkinActive 3-in-1 Face Moisturizer with Aloe,Body soaps and washes,Body care,42.0
1140,Garnier SkinActive Aqua Bomb Anti-Fatigue Water-Cream Moisturizer,"bath oils, bubbles and soaks",Body care,25.0
1141,Garnier SkinActive BB Cream Anti-Aging Moisturizer,"bath oils, bubbles and soaks",Body care,14.0
1142,Garnier SkinActive Balancing 3-in-1 Moisturizer,body moisturizers,Body care,38.0
1143,Garnier SkinActive Balancing Moisturizer with Green Tea,Body soaps and washes,Body care,18.0
1144,Garnier SkinActive Clearly Brighter Anti-Puff Eye Roller,hand creams,Body care,47.0
1145,Garnier SkinActive Clearly Brighter Brightening & Smoothing Daily Moisturizer SPF 15,Body soaps and washes,Body care,25.0
1146,Garnier SkinActive Glow Boost 2-in-1 Facial Mask + Scrub,"bath oils, bubbles and soaks",Body care,37.0
1147,Garnier SkinActive Glow Boost Illuminating Moisturizer,body moisturizers,Body care,34.0
1148,Garnier SkinActive Hydrating 3-in-1 Face Moisturizer with Rose Water,"bath oils, bubbles and soaks",Body care,44.0
1149,Garnier SkinActive Micellar Cleansing Water,hand creams,Body care,15.0
1150,Garnier SkinActive Micellar Foaming Cleanser,"candles, sprays, diffusers",Home and Accessories,49.0
1151,Garnier SkinActive Miracle Anti-Fatigue Wake-Up Hydra-Gel Moisturizer,Nail care products,Body care,11.0
1152,Garnier SkinActive Miracle Skin Perfector Anti-Aging BB Cream,"bath oils, bubbles and soaks",Body care,49.0
1153,Garnier SkinActive Miracle Skin Perfector BB Cream,"bath oils, bubbles and soaks",Body care,13.0
1154,Garnier SkinActive Moisture Bomb SPF 30 Antioxidant Moisturizer,Body soaps and washes,Body care,9.0
1155,Garnier SkinActive Moisture Bomb SPF 30 Moisturizer,vitamins and supplements,Body care,24.0
1156,Garnier SkinActive Moisture Bomb Super Hydrating Antioxidant Moisturizer,body moisturizers,Body care,40.0
1157,Garnier SkinActive Moisture Bomb The Antioxidant Super Moisturizer,Body soaps and washes,Body care,41.0
1158,Garnier SkinActive Moisture Rescue Refreshing Gel-Cream,face masks and exfoliators,Body care,10.0
1159,Garnier SkinActive Pure Active 3-in-1 Charcoal,"bath oils, bubbles and soaks",Body care,42.0
1160,Garnier SkinActive Rose Water Moisturizer,body moisturizers,Body care,25.0
1161,Garnier SkinActive Soothing 3-in-1 Face Moisturizer with Rose Water,face masks and exfoliators,Body care,47.0
1162,Garnier SkinActive Soothing Facial Mist with Rose Water,shampoos and conditioners,Hair care,48.0
1163,Garnier SkinActive Soothing Rose Water 3-in-1 Moisturizer,Nail care products,Body care,42.0
1164,Garnier SkinActive Soothing Rose Water Cleansing Milk,"bath oils, bubbles and soaks",Body care,24.0
1165,Garnier SkinActive Super Hydrating Sheet Mask,Body soaps and washes,Body care,19.0
1166,Garnier SkinActive The Gentle Clarifying Cleansing Gel,body moisturizers,Body care,46.0
1167,Garnier SkinActive The Gentle Sulfate-Free Cleanser,body moisturizers,Body care,19.0
1168,Garnier SkinActive Ultra-Lift Anti-Wrinkle Firming Moisturizer,face masks and exfoliators,Body care,37.0
1169,Garnier SkinActive Ultra-Lift Anti-Wrinkle Firming Night Cream,hand creams,Body care,44.0
1170,Garnier SkinActive Ultra-Lift Miracle Sleeping Cream,"bath oils, bubbles and soaks",Body care,34.0
1171,Garnier SkinActive Ultra-Lift Transformer Anti-Age Skin Corrector,Nail care products,Body care,14.0
1172,Garnier SkinActive Water Rose 24H Moisture Gel,"bath oils, bubbles and soaks",Body care,14.0
1173,Garnier Whole Blends Argan Oil & Almond Cream Conditioner,"bath oils, bubbles and soaks",Body care,40.0
1174,Garnier Whole Blends Argan Oil & Almond Cream Shampoo,Nail care products,Body care,4.0
1175,Garnier Whole Blends Coconut Water & Vanilla Milk Extracts Conditioner,"bath oils, bubbles and soaks",Body care,8.0
1176,Garnier Whole Blends Coconut Water & Vanilla Milk Extracts Shampoo,hand creams,Body care,38.0
1177,Garnier Whole Blends Honey Treasures Conditioner,"bath oils, bubbles and soaks",Body care,12.0
1178,Garnier Whole Blends Honey Treasures Shampoo,"bath oils, bubbles and soaks",Body care,6.0
1179,Garnier Whole Blends Oat Delicacy Conditioner,body moisturizers,Body care,13.0
1180,Garnier Whole Blends Oat Delicacy Shampoo,"bath oils, bubbles and soaks",Body care,21.0
1181,Giorgio Armani Airbrush Flawless Foundation,Nail care products,Body care,29.0
1182,Giorgio Armani Fit Me Foundation,"bath oils, bubbles and soaks",Body care,28.0
1183,Giorgio Armani Flawless Fusion Ultra-Longwear Foundation,"bath oils, bubbles and soaks",Body care,35.0
1184,Giorgio Armani Flowerbomb,face moisturizing products,Face care,71.0
1185,Giorgio Armani Gentleman,Nail care products,Body care,53.0
1186,Giorgio Armani Her Eau de Parfum,Body soaps and washes,Body care,113.0
1187,Giorgio Armani Invictus,Nail care products,Body care,97.0
1188,Giorgio Armani L'Interdit,body moisturizers,Body care,62.0
1189,Giorgio Armani Libre,vitamins and supplements,Body care,62.0
1190,Giorgio Armani Pro Filt'r Foundation,vitamins and supplements,Body care,26.0
1191,Giorgio Armani Studio Skin 24 Hour Foundation,"bath oils, bubbles and soaks",Body care,14.0
1192,Giorgio Armani Terre d'Hermès,Nail care products,Body care,105.0
1193,Givenchy Daisy,Body soaps and washes,Body care,67.0
1194,Givenchy Explorer,body moisturizers,Body care,67.0
1195,Givenchy Gentleman,vitamins and supplements,Body care,40.0
1196,Givenchy J'adore,Nail care products,Body care,54.0
1197,Givenchy Joy,vitamins and supplements,Body care,55.0
1198,Givenchy Le Rouge Deep Velvet Rouge Saphir,Accessories,Home and Accessories,8.0
1199,Givenchy Le Rouge Night Noir Night in Red,shampoos and conditioners,Hair care,8.0
1200,Glamglow Berryglow Probiotic Recovery Mask,"bath oils, bubbles and soaks",Body care,9.0
1201,Glamglow Brightmud Eye Treatment,"bath oils, bubbles and soaks",Body care,17.0
1202,Glamglow Bubblesheet Oxygenating Deep Cleanse Mask,body moisturizers,Body care,11.0
1203,Glamglow Flashmud Brightening Treatment,"bath oils, bubbles and soaks",Body care,13.0
1204,Glamglow Galacticleanse Hydrating Jelly Balm Cleanser,Body soaps and washes,Body care,18.0
1205,Glamglow Good in Bed Passionfruit Softening Night Cream,"bath oils, bubbles and soaks",Body care,8.0
1206,Glamglow Gravitymud Firming Treatment,"bath oils, bubbles and soaks",Body care,8.0
1207,Glamglow Instamud 60-Second Pore-Refining Treatment,"bath oils, bubbles and soaks",Body care,14.0
1208,Glamglow Poutmud Fizzy Lip Exfoliating Treatment,body moisturizers,Body care,13.0
1209,Glamglow Powercleanse Daily Dual Cleanser,"bath oils, bubbles and soaks",Body care,18.0
1210,Glamglow Powermud Dualcleanse Treatment,"bath oils, bubbles and soaks",Body care,12.0
1211,Glamglow Supercleanse Clearing Cream-to-Foam Cleanser,"bath oils, bubbles and soaks",Body care,14.0
1212,Glamglow Supermud Clearing Treatment,Nail care products,Body care,17.0
1213,Glamglow Supertoner Exfoliating Acid Solution,"bath oils, bubbles and soaks",Body care,15.0
1214,Glamglow Superwatergel Triple-Acid Oil-Free Moisturizer,"bath oils, bubbles and soaks",Body care,10.0
1215,Glamglow Thirstymud Hydrating Treatment,body moisturizers,Body care,14.0
1216,Glamglow Volcasmic Matte Glow Moisturizer,"bath oils, bubbles and soaks",Body care,18.0
1217,Glamglow Youthmud Glow Stimulating Treatment,"bath oils, bubbles and soaks",Body care,18.0
1218,Gold Aurora Brooch,vitamins and supplements,Body care,98.0
1219,Gold Aurora Chain,hand creams,Body care,142.0
1220,Gold Bond Eczema Relief Hand Cream,"bath oils, bubbles and soaks",Body care,32.0
1221,Gold Bond Healing Hand Cream,"bath oils, bubbles and soaks",Body care,27.0
1222,Gold Bond Ultimate Age Defense Hand Cream,face moisturizing products,Face care,25.0
1223,Gold Bond Ultimate Eczema Relief Hand Cream,"bath oils, bubbles and soaks",Body care,40.0
1224,Gold Bond Ultimate Healing Hand Cream,Body soaps and washes,Body care,16.0
1225,Gold Bond Ultimate Hydrating Hand Cream,body moisturizers,Body care,39.0
1226,Gold Bond Ultimate Protection Hand Cream,face masks and exfoliators,Body care,7.0
1227,Gold Bond Ultimate Restoring Hand Cream,body moisturizers,Body care,26.0
1228,Gold Bond Ultimate Softening Hand Cream,Body soaps and washes,Body care,26.0
1229,Gold Bond Ultimate Strength & Resilience Hand Cream,"bath oils, bubbles and soaks",Body care,40.0
1230,Gold Crown Bracelet,"bath oils, bubbles and soaks",Body care,92.0
1231,Gold Eclipse Pendant,"bath oils, bubbles and soaks",Body care,33.0
1232,Gold Enchantment Bracelet,"bath oils, bubbles and soaks",Body care,161.0
1233,Gold Essence Earrings,Nail care products,Body care,131.0
1234,Gold Gleam Anklet,body moisturizers,Body care,79.0
1235,Gold Harmony Anklet,vitamins and supplements,Body care,110.0
1236,Gold Harmony Chain,"bath oils, bubbles and soaks",Body care,83.0
1237,Gold Horizon Pendant,body moisturizers,Body care,131.0
1238,Gold Horizon Watch,Body soaps and washes,Body care,178.0
1239,Gold Infinity Bracelet,body moisturizers,Body care,139.0
1240,Gold Infinity Chain,"bath oils, bubbles and soaks",Body care,99.0
1241,Gold Ivy Choker,face masks and exfoliators,Body care,25.0
1242,Gold Laurel Bracelet,Nail care products,Body care,138.0
1243,Gold Lustre Hoop Earrings,"bath oils, bubbles and soaks",Body care,124.0
1244,Gold Luxe Drop Earrings,shampoos and conditioners,Hair care,144.0
1245,Gold Majesty Ring,body moisturizers,Body care,159.0
1246,Gold Mirage Necklace,"bath oils, bubbles and soaks",Body care,78.0
1247,Gold Odyssey Ring,body moisturizers,Body care,119.0
1248,Gold Orbit Earrings,"bath oils, bubbles and soaks",Body care,66.0
1249,Gold Orbit Necklace,Body soaps and washes,Body care,183.0
1250,Gold Phoenix Earrings,hand creams,Body care,63.0
1251,Gold Radiance Bangle,body moisturizers,Body care,185.0
1252,Gold Radiance Earrings,body moisturizers,Body care,97.0
1253,Gold Spectrum Anklet,"bath oils, bubbles and soaks",Body care,157.0
1254,Gold Spectrum Earrings,face masks and exfoliators,Body care,165.0
1255,Gold Spectrum Watch,body moisturizers,Body care,80.0
1256,Gold Sunstone Ring,Body soaps and washes,Body care,31.0
1257,Gold Tide Earrings,hand creams,Body care,50.0
1258,Gold Whisper Brooch,"bath oils, bubbles and soaks",Body care,18.0
1259,Gold Whisper Chain,body moisturizers,Body care,74.0
1260,Gold Whisper Ring,body moisturizers,Body care,189.0
1261,Golden Arc Bracelet,"bath oils, bubbles and soaks",Body care,98.0
1262,Golden Arrow Bracelet,"bath oils, bubbles and soaks",Body care,113.0
1263,Golden Blaze Necklace,"bath oils, bubbles and soaks",Body care,193.0
1264,Golden Blossom Pendant,"bath oils, bubbles and soaks",Body care,49.0
1265,Golden Crescent Necklace,hand creams,Body care,170.0
1266,Golden Crown Necklace,"bath oils, bubbles and soaks",Body care,80.0
1267,Golden Echo Earrings,body moisturizers,Body care,57.0
1268,Golden Echo Necklace,Body soaps and washes,Body care,90.0
1269,Golden Eclipse Bangle,"bath oils, bubbles and soaks",Body care,31.0
1270,Golden Elegance Necklace,Nail care products,Body care,178.0
1271,Golden Feather Earrings,"bath oils, bubbles and soaks",Body care,191.0
1272,Golden Flora Brooch,brushes and applicators,Home and Accessories,87.0
1273,Golden Glow Pendant,body moisturizers,Body care,26.0
1274,Golden Grace Stud Earrings,"bath oils, bubbles and soaks",Body care,196.0
1275,Golden Halo Earrings,"bath oils, bubbles and soaks",Body care,149.0
1276,Golden Halo Ring,shampoos and conditioners,Hair care,65.0
1277,Golden Horizon Earrings,body moisturizers,Body care,29.0
1278,Golden Leaf Earrings,Nail care products,Body care,113.0
1279,Golden Leaf Necklace,face masks and exfoliators,Body care,29.0
1280,Golden Mirage Ring,body moisturizers,Body care,57.0
1281,Golden Orb Locket,body moisturizers,Body care,151.0
1282,Golden Pearl Brooch,"bath oils, bubbles and soaks",Body care,48.0
1283,Golden Radiance Locket,"bath oils, bubbles and soaks",Body care,103.0
1284,Golden Ripple Anklet,body moisturizers,Body care,147.0
1285,Golden Starburst Locket,"bath oils, bubbles and soaks",Body care,162.0
1286,Golden Starlight Pendant,"bath oils, bubbles and soaks",Body care,72.0
1287,Golden Sunburst Anklet,Body soaps and washes,Body care,149.0
1288,Golden Veil Anklet,"bath oils, bubbles and soaks",Body care,92.0
1289,Golden Vine Bracelet,"bath oils, bubbles and soaks",Body care,151.0
1290,Golden Wave Anklet,face masks and exfoliators,Body care,154.0
1291,Golden Wave Earrings,body moisturizers,Body care,133.0
1292,Golden Wave Pendant,body moisturizers,Body care,54.0
1293,Gucci 1 Million,Body soaps and washes,Body care,49.0
1294,Gucci Acqua di Giò,"bath oils, bubbles and soaks",Body care,49.0
1295,Gucci Black Orchid,Nail care products,Body care,112.0
1296,Gucci Bleu de Chanel,shampoos and conditioners,Hair care,93.0
1297,Gucci Code,body moisturizers,Body care,60.0
1298,Gucci Joy,shampoos and conditioners,Hair care,102.0
1299,Gucci L'Homme,Body soaps and washes,Body care,85.0
1300,Gucci Light Blue,body moisturizers,Body care,119.0
1301,Gucci Olympea,Nail care products,Body care,80.0
1302,Gucci Rouge à Lèvres Satin Betty Burgundy,body moisturizers,Body care,10.0
1303,Gucci Rouge à Lèvres Satin Janet Rust,hand creams,Body care,14.0
1304,Gucci Rouge à Lèvres Satin Louisa Red,Nail care products,Body care,6.0
1305,Gucci Rouge à Lèvres Satin Mildred Rosewood,face masks and exfoliators,Body care,10.0
1306,Gucci Rouge à Lèvres Satin Roxanne Red,Nail care products,Body care,20.0
1307,Gucci Rouge à Lèvres Voile Agatha Orange,hand creams,Body care,11.0
1308,Gucci Rouge à Lèvres Voile Francesca Rosewood,Nail care products,Body care,11.0
1309,Gucci Rouge à Lèvres Voile Goldie Red,Nail care products,Body care,17.0
1310,Gucci Rouge à Lèvres Voile Julie Rose,Nail care products,Body care,12.0
1311,Gucci Rouge à Lèvres Voile Myra Crimson,face masks and exfoliators,Body care,15.0
1312,Gucci Spicebomb,face masks and exfoliators,Body care,58.0
1313,Gucci The One,face moisturizing products,Face care,48.0
1314,Head & Shoulders Charcoal Dandruff Conditioner,"bath oils, bubbles and soaks",Body care,21.0
1315,Head & Shoulders Charcoal Dandruff Shampoo,"bath oils, bubbles and soaks",Body care,25.0
1316,Head & Shoulders Classic Clean Conditioner,"bath oils, bubbles and soaks",Body care,31.0
1317,Head & Shoulders Classic Clean Shampoo,"bath oils, bubbles and soaks",Body care,30.0
1318,Head & Shoulders Clinical Strength Dandruff Conditioner,body moisturizers,Body care,38.0
1319,Head & Shoulders Clinical Strength Dandruff Shampoo,Nail care products,Body care,37.0
1320,Head & Shoulders Dry Scalp Care Conditioner,"bath oils, bubbles and soaks",Body care,32.0
1321,Head & Shoulders Dry Scalp Care Shampoo,hand creams,Body care,13.0
1322,Head & Shoulders Dry Scalp Care with Almond Oil Shampoo,"bath oils, bubbles and soaks",Body care,32.0
1323,Head & Shoulders Extra Volume Conditioner,hand creams,Body care,17.0
1324,Head & Shoulders Extra Volume Shampoo,body moisturizers,Body care,38.0
1325,Head & Shoulders Green Apple Conditioner,face moisturizing products,Face care,6.0
1326,Head & Shoulders Green Apple Shampoo,body moisturizers,Body care,30.0
1327,Head & Shoulders Instant Hydration Conditioner,brushes and applicators,Home and Accessories,8.0
1328,Head & Shoulders Instant Hydration Shampoo,body moisturizers,Body care,34.0
1329,Head & Shoulders Instant Relief Conditioner,vitamins and supplements,Body care,11.0
1330,Head & Shoulders Instant Relief Shampoo,Nail care products,Body care,8.0
1331,Head & Shoulders Ocean Lift Conditioner,"bath oils, bubbles and soaks",Body care,4.0
1332,Head & Shoulders Ocean Lift Shampoo,"bath oils, bubbles and soaks",Body care,27.0
1333,Head & Shoulders Smooth & Silky 2-in-1 Shampoo & Conditioner,body moisturizers,Body care,12.0
1334,Head & Shoulders Smooth & Silky Conditioner,face moisturizing products,Face care,14.0
1335,Head & Shoulders Smooth & Silky Shampoo,body moisturizers,Body care,23.0
1336,Herbal Essences Bio,"bath oils, bubbles and soaks",Body care,38.0
1337,Herbal Essences Hello Hydration Moisturizing Conditioner,body moisturizers,Body care,27.0
1338,Herbal Essences Hello Hydration Moisturizing Shampoo,"bath oils, bubbles and soaks",Body care,19.0
1339,Herbal Essences Long Term Relationship Shampoo,face masks and exfoliators,Body care,38.0
1340,Herbal Essences Shine Collection Brilliance Conditioner,"bath oils, bubbles and soaks",Body care,30.0
1341,Herbal Essences Shine Collection Brilliance Shampoo,body moisturizers,Body care,36.0
1342,Herbal Essences Totally Twisted Curl-Boosting Conditioner,face masks and exfoliators,Body care,10.0
1343,Herbal Essences Totally Twisted Curl-Boosting Shampoo,"bath oils, bubbles and soaks",Body care,31.0
1344,Herbivore Botanicals Amethyst Exfoliating Body Polish,"bath oils, bubbles and soaks",Body care,19.0
1345,Herbivore Botanicals Blue Tansy Resurfacing Clarity Mask,hand creams,Body care,18.0
1346,Herbivore Botanicals Brighten Instant Glow Mask,body moisturizers,Body care,8.0
1347,Herbivore Botanicals Calm Bath Salts,"bath oils, bubbles and soaks",Body care,17.0
1348,Herbivore Botanicals Coco Rose Coconut Oil Body Polish,"bath oils, bubbles and soaks",Body care,11.0
1349,Herbivore Botanicals Coconut Milk Bath Soak,body moisturizers,Body care,4.0
1350,Herbivore Botanicals Jasmine Glowing Hydration Body Oil,"bath oils, bubbles and soaks",Body care,14.0
1351,Herbivore Botanicals Jasmine Green Tea Balancing Toner,vitamins and supplements,Body care,9.0
1352,Herbivore Botanicals Pink Clay Exfoliating Mask,"bath oils, bubbles and soaks",Body care,15.0
1353,Herbivore Botanicals Prism Exfoliating Glow Facial,"bath oils, bubbles and soaks",Body care,19.0
1354,Hermès Allure Homme,Nail care products,Body care,120.0
1355,Hermès Bad Boy,body moisturizers,Body care,50.0
1356,Hermès Black Orchid,Body soaps and washes,Body care,58.0
1357,Hermès Code,face masks and exfoliators,Body care,119.0
1358,Hermès Crystal Noir,Accessories,Home and Accessories,105.0
1359,Hermès Good Girl,vitamins and supplements,Body care,93.0
1360,Hermès My Way,shampoos and conditioners,Hair care,78.0
1361,Hermès Spicebomb,hand creams,Body care,72.0
1362,Hermès Terre d'Hermès,Nail care products,Body care,68.0
1363,Hourglass Airbrush Flawless Foundation,body moisturizers,Body care,25.0
1364,Hourglass Backstage Foundation,body moisturizers,Body care,18.0
1365,Hourglass ColorStay Foundation,body moisturizers,Body care,20.0
1366,Hourglass Double Wear Foundation,hand creams,Body care,19.0
1367,Hourglass Even Better Makeup,body moisturizers,Body care,32.0
1368,Hourglass Fit Me Foundation,Body soaps and washes,Body care,26.0
1369,Hourglass Luminous Silk Foundation,"bath oils, bubbles and soaks",Body care,26.0
1370,Hourglass Pro Filt'r Foundation,"bath oils, bubbles and soaks",Body care,25.0
1371,Hourglass Studio Fix Fluid,body moisturizers,Body care,22.0
1372,Hourglass Teint Idole Ultra Wear Foundation,"bath oils, bubbles and soaks",Body care,29.0
1373,Hourglass Ultra HD Foundation,"bath oils, bubbles and soaks",Body care,32.0
1374,Huda Beauty Liquid Matte Bombshell,vitamins and supplements,Body care,11.0
1375,Huda Beauty Liquid Matte Cheerleader,face masks and exfoliators,Body care,8.0
1376,Huda Beauty Liquid Matte Gossip Gurl,"bath oils, bubbles and soaks",Body care,20.0
1377,Huda Beauty Liquid Matte Heartbreaker,"bath oils, bubbles and soaks",Body care,17.0
1378,Huda Beauty Liquid Matte Icon,vitamins and supplements,Body care,12.0
1379,Huda Beauty Power Bullet Matte Bachelorette,body moisturizers,Body care,10.0
1380,Huda Beauty Power Bullet Matte Interview,body moisturizers,Body care,7.0
1381,Huda Beauty Power Bullet Matte Joyride,vitamins and supplements,Body care,12.0
1382,Huda Beauty Power Bullet Matte Promotion Day,hand creams,Body care,13.0
1383,Huda Beauty Power Bullet Matte Trophy Wife,hand creams,Body care,18.0
1384,IT Cosmetics Backstage Foundation,"bath oils, bubbles and soaks",Body care,24.0
1385,IT Cosmetics ColorStay Foundation,"bath oils, bubbles and soaks",Body care,19.0
1386,IT Cosmetics Heavenly Luxe Angled Radiance Brush,Body soaps and washes,Body care,3.0
1387,IT Cosmetics Heavenly Luxe Complexion Perfection Brush,"bath oils, bubbles and soaks",Body care,4.0
1388,IT Cosmetics Heavenly Luxe Complexion Perfection Brush #7,"bath oils, bubbles and soaks",Body care,5.0
1389,IT Cosmetics Heavenly Luxe Double Airbrush Foundation Brush,body moisturizers,Body care,7.0
1390,IT Cosmetics Heavenly Luxe Dual Airbrush Concealer Brush #2,body moisturizers,Body care,8.0
1391,IT Cosmetics Heavenly Luxe Dual Eyeshadow Brush,"bath oils, bubbles and soaks",Body care,4.0
1392,IT Cosmetics Heavenly Luxe Fan Brush,"bath oils, bubbles and soaks",Body care,2.0
1393,IT Cosmetics Heavenly Luxe Flat Foundation Brush,"bath oils, bubbles and soaks",Body care,3.0
1394,IT Cosmetics Heavenly Luxe Flat Top Buffing Brush,Body soaps and washes,Body care,12.0
1395,IT Cosmetics Heavenly Luxe Flat Top Buffing Foundation Brush,"bath oils, bubbles and soaks",Body care,9.0
1396,IT Cosmetics Heavenly Luxe Flat Top Buffing Foundation Brush #6,"bath oils, bubbles and soaks",Body care,9.0
1397,IT Cosmetics Heavenly Luxe Jumbo Powder Brush,Body soaps and washes,Body care,6.0
1398,IT Cosmetics Heavenly Luxe Jumbo Powder Brush #3,"bath oils, bubbles and soaks",Body care,12.0
1399,IT Cosmetics Heavenly Luxe Mega Fan Brush,"bath oils, bubbles and soaks",Body care,10.0
1400,IT Cosmetics Heavenly Luxe Mega Fan Brush #9,face masks and exfoliators,Body care,7.0
1401,IT Cosmetics Heavenly Luxe Plush Paddle Foundation Brush,"bath oils, bubbles and soaks",Body care,12.0
1402,IT Cosmetics Heavenly Luxe Pointed Precision Complexion Brush,"candles, sprays, diffusers",Home and Accessories,2.0
1403,IT Cosmetics Heavenly Luxe Wand Ball Powder Brush,shampoos and conditioners,Hair care,4.0
1404,IT Cosmetics Heavenly Luxe Wand Ball Powder Brush #8,"bath oils, bubbles and soaks",Body care,8.0
1405,IT Cosmetics Skin Long-Wear Weightless Foundation,shampoos and conditioners,Hair care,29.0
1406,IT Cosmetics Stay Naked Foundation,face masks and exfoliators,Body care,34.0
1407,IT Cosmetics True Match Foundation,"bath oils, bubbles and soaks",Body care,26.0
1408,Illume Fireside Candle,"bath oils, bubbles and soaks",Body care,7.0
1409,Illume French Cade Lavender Candle,face masks and exfoliators,Body care,11.0
1410,Illume Garden Mint Candle,"bath oils, bubbles and soaks",Body care,12.0
1411,Illume Russian Leather Candle,"bath oils, bubbles and soaks",Body care,18.0
1412,Indie Lee Sleep Soak,body moisturizers,Body care,8.0
1413,Irish Spring Body Wash Aloe Mist,Body soaps and washes,Body care,4.0
1414,Irish Spring Charcoal Refresh Body Wash,body moisturizers,Body care,8.0
1415,Irish Spring Deep Action Scrub Body Wash,hair colors and toners,Hair care,5.0
1416,Irish Spring Icy Blast Body Wash,Nail care products,Body care,15.0
1417,Irish Spring Legendary Freshness Body Wash,shampoos and conditioners,Hair care,3.0
1418,Irish Spring Moisture Blast Body Wash,"bath oils, bubbles and soaks",Body care,15.0
1419,Irish Spring Moisture Blast Hydrating Body Wash,Body soaps and washes,Body care,6.0
1420,Irish Spring Original Clean Body Wash,face masks and exfoliators,Body care,7.0
1421,Irish Spring Pure Fresh with Charcoal Body Wash,body moisturizers,Body care,8.0
1422,Irish Spring Sport Strength Antibacterial Body Wash,body moisturizers,Body care,7.0
1423,Jarrow Formulas B-Complex,face masks and exfoliators,Body care,43.0
1424,Jarrow Formulas Biotin,"bath oils, bubbles and soaks",Body care,34.0
1425,Jarrow Formulas Calcium Gummies,body moisturizers,Body care,42.0
1426,Jarrow Formulas CoQ10,"bath oils, bubbles and soaks",Body care,29.0
1427,Jarrow Formulas Collagen Peptides,"bath oils, bubbles and soaks",Body care,21.0
1428,Jarrow Formulas Elderberry Gummies,face masks and exfoliators,Body care,31.0
1429,Jarrow Formulas Glucosamine Chondroitin,vitamins and supplements,Body care,42.0
1430,Jarrow Formulas Iron Supplement,"bath oils, bubbles and soaks",Body care,31.0
1431,Jarrow Formulas Magnesium Citrate,"bath oils, bubbles and soaks",Body care,24.0
1432,Jarrow Formulas Melatonin,"bath oils, bubbles and soaks",Body care,23.0
1433,Jarrow Formulas Omega-3 Fish Oil,"bath oils, bubbles and soaks",Body care,34.0
1434,Jarrow Formulas Prenatal Multivitamin,body moisturizers,Body care,50.0
1435,Jarrow Formulas Probiotics,"bath oils, bubbles and soaks",Body care,26.0
1436,Jergens Enriching Shea Butter Lotion,body moisturizers,Body care,27.0
1437,Jergens Enriching Shea Butter Moisturizer,"bath oils, bubbles and soaks",Body care,16.0
1438,Jergens Hydrating Coconut Moisturizer,"bath oils, bubbles and soaks",Body care,16.0
1439,Jergens Natural Glow Daily Moisturizer,hand creams,Body care,27.0
1440,Jergens Oil-Infused Hydrating Coconut Moisturizer,face masks and exfoliators,Body care,32.0
1441,Jergens Shea Butter Deep Conditioning Moisturizer,"bath oils, bubbles and soaks",Body care,11.0
1442,Jergens Smoothing Aloe Vera Lotion,"bath oils, bubbles and soaks",Body care,27.0
1443,Jergens Soft Shimmer Moisturizer,hand creams,Body care,18.0
1444,Jergens Softening Cherry-Almond Moisturizer,body moisturizers,Body care,24.0
1445,Jergens Ultra Healing Lotion,Body soaps and washes,Body care,10.0
1446,Jergens Ultra Healing Moisturizer for Extra Dry Skin,body moisturizers,Body care,12.0
1447,Jergens Wet Skin Moisturizer,"bath oils, bubbles and soaks",Body care,13.0
1448,Jimmy Choo Flowerbomb,Accessories,Home and Accessories,97.0
1449,Jimmy Choo Her Eau de Parfum,face masks and exfoliators,Body care,90.0
1450,Jimmy Choo Invictus,Body soaps and washes,Body care,48.0
1451,Jimmy Choo Si,brushes and applicators,Home and Accessories,108.0
1452,Jimmy Choo Terre d'Hermès,hand creams,Body care,118.0
1453,Jo Malone 1 Million,Nail care products,Body care,95.0
1454,Jo Malone Baies Candle,"bath oils, bubbles and soaks",Body care,17.0
1455,Jo Malone Black Forest Candle,"bath oils, bubbles and soaks",Body care,11.0
1456,Jo Malone Black Orchid,shampoos and conditioners,Hair care,60.0
1457,Jo Malone Blackberry & Bay Bath Oil,shampoos and conditioners,Hair care,14.0
1458,Jo Malone Blue Agava & Cacao Bath Oil,"bath oils, bubbles and soaks",Body care,4.0
1459,Jo Malone Chance,"bath oils, bubbles and soaks",Body care,57.0
1460,Jo Malone Dark Amber & Ginger Lily Bath Oil,"bath oils, bubbles and soaks",Body care,16.0
1461,Jo Malone Eros,hand creams,Body care,46.0
1462,Jo Malone Explorer,brushes and applicators,Home and Accessories,71.0
1463,Jo Malone Flowerbomb,face masks and exfoliators,Body care,91.0
1464,Jo Malone Gentleman,"bath oils, bubbles and soaks",Body care,61.0
1465,Jo Malone Geranium Candle,"bath oils, bubbles and soaks",Body care,17.0
1466,Jo Malone Invictus,"bath oils, bubbles and soaks",Body care,62.0
1467,Jo Malone La Vie Est Belle,hand creams,Body care,119.0
1468,Jo Malone Legend,shampoos and conditioners,Hair care,59.0
1469,Jo Malone Lime Basil & Mandarin Diffuser,"bath oils, bubbles and soaks",Body care,15.0
1470,Jo Malone London English Pear & Freesia Bath Oil,body moisturizers,Body care,10.0
1471,Jo Malone London Lime Basil & Mandarin Bath Oil,"bath oils, bubbles and soaks",Body care,14.0
1472,Jo Malone London Red Roses Bath Oil,hand creams,Body care,4.0
1473,Jo Malone Love Story,face moisturizing products,Face care,52.0
1474,Jo Malone Orange Blossom Bath Oil,"bath oils, bubbles and soaks",Body care,14.0
1475,Jo Malone Peony & Blush Suede Bath Oil,"bath oils, bubbles and soaks",Body care,18.0
1476,Jo Malone Pomegranate Noir Bath Oil,body moisturizers,Body care,11.0
1477,Jo Malone REPLICA Lazy Sunday Morning Candle,"bath oils, bubbles and soaks",Body care,6.0
1478,Jo Malone Russian Leather Candle,Body soaps and washes,Body care,5.0
1479,Jo Malone The One,Nail care products,Body care,103.0
1480,Jo Malone White Jasmine & Mint Bath Oil,body moisturizers,Body care,18.0
1481,John Frieda Precision Foam Colour - Dark Ash Blonde,Body soaps and washes,Body care,13.0
1482,John Frieda Precision Foam Colour - Dark Chestnut Brown,"bath oils, bubbles and soaks",Body care,19.0
1483,John Frieda Precision Foam Colour - Dark Chocolate Brown,vitamins and supplements,Body care,10.0
1484,John Frieda Precision Foam Colour - Dark Cool Espresso Brown,"bath oils, bubbles and soaks",Body care,8.0
1485,John Frieda Precision Foam Colour - Dark Ruby Red,"bath oils, bubbles and soaks",Body care,16.0
1486,John Frieda Precision Foam Colour - Dark Warm Brown,"bath oils, bubbles and soaks",Body care,9.0
1487,John Frieda Precision Foam Colour - Deep Burgundy,hand creams,Body care,13.0
1488,John Frieda Precision Foam Colour - Light Caramel Brown,Body soaps and washes,Body care,19.0
1489,John Frieda Precision Foam Colour - Light Golden Blonde,hand creams,Body care,17.0
1490,John Frieda Precision Foam Colour - Light Honey Blonde,face masks and exfoliators,Body care,20.0
1491,John Frieda Precision Foam Colour - Light Natural Brown,body moisturizers,Body care,9.0
1492,John Frieda Precision Foam Colour - Medium Ash Brown,Body soaps and washes,Body care,9.0
1493,John Frieda Precision Foam Colour - Medium Burgundy,"bath oils, bubbles and soaks",Body care,12.0
1494,John Frieda Precision Foam Colour - Medium Copper Gold,"bath oils, bubbles and soaks",Body care,8.0
1495,John Frieda Precision Foam Colour - Medium Natural Blonde,"bath oils, bubbles and soaks",Body care,19.0
1496,John Frieda Precision Foam Colour - Medium Warm Brown,body moisturizers,Body care,16.0
1497,John Frieda Precision Foam Colour - Medium Warm Copper,face masks and exfoliators,Body care,14.0
1498,John Frieda Precision Foam Colour - Radiant Red,"bath oils, bubbles and soaks",Body care,14.0
1499,John Frieda Precision Foam Colour - Soft Mahogany Red,face moisturizing products,Face care,20.0
1500,Kiehl's Age Defender Moisturizer,hand creams,Body care,36.0
1501,Kiehl's Aromatic Blends Nashi Blossom & Pink Grapefruit Body Wash,Lipsticks,Make up,9.0
1502,Kiehl's Avocado Nourishing Hydration Mask,"bath oils, bubbles and soaks",Body care,33.0
1503,Kiehl's Bath and Shower Liquid Body Cleanser,"bath oils, bubbles and soaks",Body care,14.0
1504,Kiehl's Body Fuel All-In-One Energizing Wash,"bath oils, bubbles and soaks",Body care,14.0
1505,Kiehl's Calendula & Aloe Soothing Hydration Masque,face masks and exfoliators,Body care,8.0
1506,Kiehl's Calendula Serum-Infused Water Cream,Body soaps and washes,Body care,25.0
1507,Kiehl's Centella Sensitive Cica-Cream,Body soaps and washes,Body care,39.0
1508,Kiehl's Cilantro & Orange Extract Pollutant Defending Masque,"bath oils, bubbles and soaks",Body care,9.0
1509,Kiehl's Clearly Corrective Brightening & Exfoliating Daily Cleanser,face moisturizing products,Face care,33.0
1510,Kiehl's Clearly Corrective Brightening & Smoothing Moisture Treatment,"bath oils, bubbles and soaks",Body care,42.0
1511,Kiehl's Clearly Corrective Clarity Booster Hydration Mask,body moisturizers,Body care,17.0
1512,Kiehl's Coriander Hand Cream,face masks and exfoliators,Body care,24.0
1513,Kiehl's Coriander Liquid Body Cleanser,body moisturizers,Body care,7.0
1514,Kiehl's Creme de Corps,body moisturizers,Body care,8.0
1515,Kiehl's Creme de Corps Light-Weight Body Lotion,body moisturizers,Body care,30.0
1516,Kiehl's Creme de Corps Soy Milk & Honey Whipped Body Butter,"bath oils, bubbles and soaks",Body care,34.0
1517,Kiehl's Crème de Corps Nourishing Dry Body Oil,"bath oils, bubbles and soaks",Body care,28.0
1518,Kiehl's Crème de Corps Smoothing Oil-to-Foam Body Cleanser,"bath oils, bubbles and soaks",Body care,10.0
1519,Kiehl's Daily Reviving Concentrate,"bath oils, bubbles and soaks",Body care,12.0
1520,Kiehl's Daily Reviving Concentrate Serum,Nail care products,Body care,39.0
1521,Kiehl's Dermatologist Solutions Powerful Strength Line-Reducing Concentrate,Nail care products,Body care,19.0
1522,Kiehl's Epidermal Re-Texturizing Micro-Dermabrasion,brushes and applicators,Home and Accessories,18.0
1523,Kiehl's Gardenia Hand Cream,body moisturizers,Body care,23.0
1524,Kiehl's Gentle Foaming Body Wash,Nail care products,Body care,4.0
1525,Kiehl's Grapefruit Body Lotion,"bath oils, bubbles and soaks",Body care,10.0
1526,Kiehl's Grapefruit Hand Cream,face masks and exfoliators,Body care,39.0
1527,Kiehl's Grapefruit Liquid Body Cleanser,face masks and exfoliators,Body care,15.0
1528,Kiehl's Instant Renewal Concentrate Mask,body moisturizers,Body care,20.0
1529,Kiehl's Iris Extract Activating Treatment Essence,"bath oils, bubbles and soaks",Body care,41.0
1530,Kiehl's Lavender Body Lotion,"bath oils, bubbles and soaks",Body care,33.0
1531,Kiehl's Lavender Foaming-Relaxing Bath with Sea Salts and Aloe,Body soaps and washes,Body care,6.0
1532,Kiehl's Lavender Hand Cream,hand creams,Body care,37.0
1533,Kiehl's Lemon & Coriander Hand Cream,"bath oils, bubbles and soaks",Body care,32.0
1534,Kiehl's Micro-Blur Skin Perfector,body moisturizers,Body care,23.0
1535,Kiehl's Micro-Dose Anti-Aging Retinol Serum,body moisturizers,Body care,11.0
1536,Kiehl's Midnight Recovery Concentrate,"bath oils, bubbles and soaks",Body care,8.0
1537,Kiehl's Midnight Recovery Eye,vitamins and supplements,Body care,49.0
1538,Kiehl's Midnight Recovery Omega Rich Cloud Cream,"bath oils, bubbles and soaks",Body care,36.0
1539,Kiehl's Mint Hand Cream,"bath oils, bubbles and soaks",Body care,26.0
1540,Kiehl's Musk Shower Gel,face masks and exfoliators,Body care,6.0
1541,Kiehl's Nightly Refining Micro-Peel Concentrate,"bath oils, bubbles and soaks",Body care,8.0
1542,Kiehl's Nurturing Body Moisturizer,"bath oils, bubbles and soaks",Body care,12.0
1543,Kiehl's Olive Fruit Oil Nourishing Conditioner,body moisturizers,Body care,28.0
1544,Kiehl's Orange Flower & Lychee Hand Cream,"bath oils, bubbles and soaks",Body care,14.0
1545,Kiehl's Original Musk Body Lotion,shampoos and conditioners,Hair care,17.0
1546,Kiehl's Pear Hand Cream,"bath oils, bubbles and soaks",Body care,14.0
1547,Kiehl's Powerful Wrinkle Reducing Cream,body moisturizers,Body care,14.0
1548,Kiehl's Powerful Wrinkle Reducing Eye Cream,vitamins and supplements,Body care,48.0
1549,Kiehl's Powerful-Strength Line-Reducing Concentrate,"bath oils, bubbles and soaks",Body care,25.0
1550,Kiehl's Pure Vitality Skin Renewing Cream,body moisturizers,Body care,13.0
1551,Kiehl's Rare Earth Deep Pore Cleansing Mask,Nail care products,Body care,18.0
1552,Kiehl's Richly Hydrating Scented Body Lotion,body moisturizers,Body care,14.0
1553,Kiehl's Richly Hydrating Scented Hand Cream,brushes and applicators,Home and Accessories,38.0
1554,Kiehl's Rosa Arctica Lightweight Cream,body moisturizers,Body care,43.0
1555,Kiehl's Rosa Arctica Youth Regenerating Cream,vitamins and supplements,Body care,26.0
1556,Kiehl's Skin Rescuer Stress-Minimizing Daily Hydrator,hand creams,Body care,20.0
1557,Kiehl's Skin Strengthening Concentrate,hand creams,Body care,19.0
1558,Kiehl's Soy Milk & Honey Body Polish,Body soaps and washes,Body care,26.0
1559,Kiehl's Super Multi-Corrective Cream,hand creams,Body care,39.0
1560,Kiehl's Super Multi-Corrective Eye-Opening Serum,"bath oils, bubbles and soaks",Body care,46.0
1561,Kiehl's Superbly Restorative Argan Body Lotion,Eye shadows and pencils,Make up,31.0
1562,Kiehl's Turmeric & Cranberry Seed Energizing Radiance Masque,"bath oils, bubbles and soaks",Body care,20.0
1563,Kiehl's Ultimate Strength Hand Salve,"bath oils, bubbles and soaks",Body care,33.0
1564,Kiehl's Ultra Facial Balm,Body soaps and washes,Body care,15.0
1565,Kiehl's Ultra Facial Cream,Body soaps and washes,Body care,17.0
1566,Kiehl's Ultra Facial Cream SPF 30,"bath oils, bubbles and soaks",Body care,43.0
1567,Kiehl's Ultra Facial Oil-Free Gel Cream,"bath oils, bubbles and soaks",Body care,29.0
1568,Kiehl's Ultra Facial Oil-Free Lotion,hair colors and toners,Hair care,8.0
1569,Kiehl's Ultra Facial Overnight Hydrating Mask,face masks and exfoliators,Body care,15.0
1570,Kiehl's Ultra Facial Overnight Hydrating Masque,"bath oils, bubbles and soaks",Body care,20.0
1571,Kiehl's Ultra Facial Toner,brushes and applicators,Home and Accessories,27.0
1572,Kiehl's Ultra Light Daily UV Defense SPF 50,Nail care products,Body care,30.0
1573,Kiehl's Vital Skin-Strengthening Super Serum,face moisturizing products,Face care,35.0
1574,Kiehl's Youth Dose Eye Treatment,"bath oils, bubbles and soaks",Body care,17.0
1575,Kirkland Signature CoQ10,"bath oils, bubbles and soaks",Body care,38.0
1576,Kirkland Signature Collagen Peptides,"bath oils, bubbles and soaks",Body care,36.0
1577,Kirkland Signature Glucosamine Chondroitin,"bath oils, bubbles and soaks",Body care,45.0
1578,Kirkland Signature Gold Standard Whey,body moisturizers,Body care,27.0
1579,Kirkland Signature Melatonin,"bath oils, bubbles and soaks",Body care,34.0
1580,Kirkland Signature Omega-3 Fish Oil,face masks and exfoliators,Body care,32.0
1581,Kirkland Signature Prenatal Multivitamin,body moisturizers,Body care,47.0
1582,Kirkland Signature Probiotics,body moisturizers,Body care,20.0
1583,Kirkland Signature Silver Multivitamin,Body soaps and washes,Body care,24.0
1584,Kirkland Signature Vitamin C,"bath oils, bubbles and soaks",Body care,49.0
1585,Kirkland Signature Zinc Tablets,face masks and exfoliators,Body care,49.0
1586,Kneipp Almond Blossom Bath Oil,"bath oils, bubbles and soaks",Body care,14.0
1587,Kneipp Argan & Marula Beauty Secret Bath Oil,"bath oils, bubbles and soaks",Body care,17.0
1588,Kneipp Eucalyptus Bath Salts,"bath oils, bubbles and soaks",Body care,6.0
1589,Kneipp Herbal Bath Valerian & Hops,Nail care products,Body care,15.0
1590,Kneipp Lavender Bath Oil,"bath oils, bubbles and soaks",Body care,9.0
1591,Kneipp Muscle Soothing Juniper Bath Oil,body moisturizers,Body care,11.0
1592,L'Occitane Almond Delicious Hands,"bath oils, bubbles and soaks",Body care,40.0
1593,L'Occitane Almond Shower Oil,"bath oils, bubbles and soaks",Body care,5.0
1594,L'Occitane Cherry Blossom Hand Cream,"bath oils, bubbles and soaks",Body care,19.0
1595,L'Occitane Cherry Blossom Shower Gel,Nail care products,Body care,13.0
1596,L'Occitane Citrus Verbena Refreshing Shower Gel,Eye shadows and pencils,Make up,7.0
1597,L'Occitane Citrus Verbena Shower Cream,Body soaps and washes,Body care,9.0
1598,L'Occitane Citrus Verbena Shower Gel,"bath oils, bubbles and soaks",Body care,7.0
1599,L'Occitane Citrus Verbena Soap,Nail care products,Body care,16.0
1600,L'Occitane Hand & Foot Care Duo,Body soaps and washes,Body care,28.0
1601,L'Occitane Immortelle Precious Hand Balm,Nail care products,Body care,22.0
1602,L'Occitane Lavender Foaming Bath,"bath oils, bubbles and soaks",Body care,13.0
1603,L'Occitane Lavender Hand Cream,vitamins and supplements,Body care,11.0
1604,L'Occitane Rose Hand Cream,"bath oils, bubbles and soaks",Body care,40.0
1605,L'Occitane Shea Butter Extra Gentle Soap,Lipsticks,Make up,11.0
1606,L'Occitane Shea Butter Foaming Cream Bath,"bath oils, bubbles and soaks",Body care,14.0
1607,L'Occitane Shea Butter Hand Cream,face masks and exfoliators,Body care,15.0
1608,L'Occitane Shea Butter Intensive Hand Cream,body moisturizers,Body care,21.0
1609,L'Occitane Shea Butter Lavender Hand Cream,hair colors and toners,Hair care,38.0
1610,L'Occitane Shea Butter Shower Oil,Body soaps and washes,Body care,9.0
1611,L'Occitane Shea Butter Ultra Rich Shower Cream,body moisturizers,Body care,11.0
1612,L'Occitane Shea Intensive Hand Balm,Nail care products,Body care,15.0
1613,L'Occitane Verbena Cooling Hand Cream Gel,Body soaps and washes,Body care,28.0
1614,L'Occitane Verbena Foaming Bath,face masks and exfoliators,Body care,16.0
1615,L'Occitane Verbena Shower Gel,"bath oils, bubbles and soaks",Body care,7.0
1616,L'Oréal Backstage Foundation,"bath oils, bubbles and soaks",Body care,14.0
1617,L'Oréal Born This Way Foundation,Nail care products,Body care,24.0
1618,L'Oréal Color Riche Bold Mauve,"bath oils, bubbles and soaks",Body care,15.0
1619,L'Oréal Color Riche Eva's Red,"bath oils, bubbles and soaks",Body care,11.0
1620,L'Oréal Color Riche Fairest Nude,body moisturizers,Body care,13.0
1621,L'Oréal Color Riche Pink Truffle,"bath oils, bubbles and soaks",Body care,7.0
1622,L'Oréal Color Riche Red Passion,"bath oils, bubbles and soaks",Body care,12.0
1623,L'Oréal Color Riche True Red,Nail care products,Body care,8.0
1624,L'Oréal Colour Riche Monos Eyeshadow Acro-Matte,"bath oils, bubbles and soaks",Body care,15.0
1625,L'Oréal Colour Riche Monos Eyeshadow Cafe Au Lait,"bath oils, bubbles and soaks",Body care,8.0
1626,L'Oréal Colour Riche Monos Eyeshadow Green Promenade,body moisturizers,Body care,6.0
1627,L'Oréal Colour Riche Monos Eyeshadow Matte-Ison Avenue,"bath oils, bubbles and soaks",Body care,17.0
1628,L'Oréal Colour Riche Monos Eyeshadow Noir Cest Noir,body moisturizers,Body care,14.0
1629,L'Oréal Colour Riche Monos Eyeshadow Pain Au Chocolat,"bath oils, bubbles and soaks",Body care,6.0
1630,L'Oréal Colour Riche Monos Eyeshadow Paris Beach,"bath oils, bubbles and soaks",Body care,9.0
1631,L'Oréal Colour Riche Monos Eyeshadow Sunset Seine,"bath oils, bubbles and soaks",Body care,11.0
1632,L'Oréal Colour Riche Monos Eyeshadow Violet Beaute,body moisturizers,Body care,15.0
1633,L'Oréal Double Wear Foundation,"bath oils, bubbles and soaks",Body care,34.0
1634,L'Oréal Infallible 24HR Eyeshadow Amber Rush,"bath oils, bubbles and soaks",Body care,18.0
1635,L'Oréal Infallible 24HR Eyeshadow Bronzed Taupe,"bath oils, bubbles and soaks",Body care,11.0
1636,L'Oréal Infallible 24HR Eyeshadow Endless Sea,"bath oils, bubbles and soaks",Body care,14.0
1637,L'Oréal Infallible 24HR Eyeshadow Eternal Sunshine,"bath oils, bubbles and soaks",Body care,11.0
1638,L'Oréal Infallible 24HR Eyeshadow Glistening Garnet,body moisturizers,Body care,20.0
1639,L'Oréal Infallible 24HR Eyeshadow Golden Emerald,Nail care products,Body care,10.0
1640,L'Oréal Infallible 24HR Eyeshadow Ice Latte,"bath oils, bubbles and soaks",Body care,13.0
1641,L'Oréal Infallible 24HR Eyeshadow Midnight Blue,"bath oils, bubbles and soaks",Body care,17.0
1642,L'Oréal Infallible 24HR Eyeshadow Smoldering Plum,"bath oils, bubbles and soaks",Body care,6.0
1643,L'Oréal Infallible Bold Bordeaux,"bath oils, bubbles and soaks",Body care,10.0
1644,L'Oréal Infallible Le Rouge Ravishing Red,body moisturizers,Body care,7.0
1645,L'Oréal Infallible Pro-Last Waterproof Pencil Black,"bath oils, bubbles and soaks",Body care,17.0
1646,L'Oréal Infallible Pro-Last Waterproof Pencil Brown,"bath oils, bubbles and soaks",Body care,12.0
1647,L'Oréal Infallible Pro-Last Waterproof Pencil Cobalt Blue,"bath oils, bubbles and soaks",Body care,18.0
1648,L'Oréal Infallible Pro-Last Waterproof Pencil Nude,hair colors and toners,Hair care,6.0
1649,L'Oréal Infallible Pro-Last Waterproof Pencil Sage,Nail care products,Body care,12.0
1650,L'Oréal Infallible Pro-Last Waterproof Pencil Slate,body moisturizers,Body care,20.0
1651,L'Oréal Infallible Pro-Last Waterproof Pencil Taupe,"bath oils, bubbles and soaks",Body care,19.0
1652,L'Oréal Infallible Pro-Last Waterproof Pencil Violet,"bath oils, bubbles and soaks",Body care,19.0
1653,L'Oréal Infallible Pro-Last Waterproof Pencil White,face masks and exfoliators,Body care,7.0
1654,L'Oréal Infallible Raisin Revival,vitamins and supplements,Body care,10.0
1655,L'Oréal Infallible Tender Berry,body moisturizers,Body care,19.0
1656,L'Oréal Paris Age Perfect Cell Renewal Night Cream,face masks and exfoliators,Body care,45.0
1657,L'Oréal Paris Age Perfect Cell Renewal Rosy Tone Mask,"bath oils, bubbles and soaks",Body care,49.0
1658,L'Oréal Paris Age Perfect Cell Renewal Rosy Tone Moisturizer,Nail care products,Body care,34.0
1659,L'Oréal Paris Age Perfect Glow Renewal Facial Oil,hair colors and toners,Hair care,43.0
1660,L'Oréal Paris Age Perfect Golden Balm Moisturizer,"bath oils, bubbles and soaks",Body care,32.0
1661,L'Oréal Paris Age Perfect Hydra-Nutrition Day Cream,"bath oils, bubbles and soaks",Body care,18.0
1662,L'Oréal Paris Age Perfect Hydra-Nutrition Face Oil,body moisturizers,Body care,44.0
1663,L'Oréal Paris Age Perfect Hydra-Nutrition Face Oil SPF 30,face masks and exfoliators,Body care,43.0
1664,L'Oréal Paris Age Perfect Hydra-Nutrition Golden Balm,body moisturizers,Body care,24.0
1665,"L'Oréal Paris Age Perfect Hydra-Nutrition Golden Balm Face, Neck & Chest","bath oils, bubbles and soaks",Body care,14.0
1666,L'Oréal Paris Age Perfect Hydra-Nutrition Honey Day Cream,"bath oils, bubbles and soaks",Body care,21.0
1667,L'Oréal Paris Age Perfect Hydra-Nutrition Manuka Honey Eye Gel,body moisturizers,Body care,21.0
1668,L'Oréal Paris Age Perfect Hydra-Nutrition Ultra-Nourishing Moisturizer,hand creams,Body care,37.0
1669,L'Oréal Paris Age Perfect Night Cream,body moisturizers,Body care,32.0
1670,L'Oréal Paris Age Perfect Rosy Tone Moisturizer,"bath oils, bubbles and soaks",Body care,17.0
1671,L'Oréal Paris Casting Crème Gloss - Black Cherry,"bath oils, bubbles and soaks",Body care,9.0
1672,L'Oréal Paris Casting Crème Gloss - Chestnut Brown,"bath oils, bubbles and soaks",Body care,18.0
1673,L'Oréal Paris Casting Crème Gloss - Chocolate Truffle,"bath oils, bubbles and soaks",Body care,9.0
1674,L'Oréal Paris Casting Crème Gloss - Darkest Brown,"bath oils, bubbles and soaks",Body care,14.0
1675,L'Oréal Paris Casting Crème Gloss - Deep Burgundy,Nail care products,Body care,9.0
1676,L'Oréal Paris Casting Crème Gloss - Light Ash Brown,hand creams,Body care,16.0
1677,L'Oréal Paris Casting Crème Gloss - Light Blonde,body moisturizers,Body care,17.0
1678,L'Oréal Paris Casting Crème Gloss - Medium Warm Brown,hand creams,Body care,15.0
1679,L'Oréal Paris Casting Crème Gloss - Soft Mahogany,hand creams,Body care,18.0
1680,L'Oréal Paris Casting Crème Gloss - Soft Mahogany Brown,face masks and exfoliators,Body care,17.0
1681,L'Oréal Paris Collagen Moisture Filler,vitamins and supplements,Body care,38.0
1682,L'Oréal Paris Collagen Moisture Filler Daily Moisturizer,"bath oils, bubbles and soaks",Body care,43.0
1683,L'Oréal Paris Collagen Moisture Filler Day/Night Cream,body moisturizers,Body care,36.0
1684,L'Oréal Paris Colorista Semi-Permanent Hair Color - Pink,body moisturizers,Body care,20.0
1685,L'Oréal Paris Colour Riche Nail Color Atomic Red Bright Red,body moisturizers,Body care,3.0
1686,L'Oréal Paris Colour Riche Nail Color Breaking Curfew Deep Plum,"bath oils, bubbles and soaks",Body care,3.0
1687,L'Oréal Paris Colour Riche Nail Color Butterfly Kisses Soft Lavender,shampoos and conditioners,Hair care,11.0
1688,"L'Oréal Paris Colour Riche Nail Color Charmed, I’m Sure Shimmering Red","bath oils, bubbles and soaks",Body care,10.0
1689,L'Oréal Paris Colour Riche Nail Color Eiffel For You Cool Taupe,"bath oils, bubbles and soaks",Body care,3.0
1690,L'Oréal Paris Colour Riche Nail Color Grecian Goddess Deep Blue,"bath oils, bubbles and soaks",Body care,5.0
1691,L'Oréal Paris Colour Riche Nail Color Haute Couture Red Classic Red,"bath oils, bubbles and soaks",Body care,11.0
1692,L'Oréal Paris Colour Riche Nail Color I Pink I’m in Love Bright Pink,"bath oils, bubbles and soaks",Body care,4.0
1693,L'Oréal Paris Colour Riche Nail Color Jet Set to Paris Bold Blue,"bath oils, bubbles and soaks",Body care,3.0
1694,L'Oréal Paris Colour Riche Nail Color Le Pastille Soft Gray,Body soaps and washes,Body care,5.0
1695,L'Oréal Paris Colour Riche Nail Color Lush Tangerine Bold Orange,"bath oils, bubbles and soaks",Body care,3.0
1696,L'Oréal Paris Colour Riche Nail Color Macaron Noisette Nude Beige,"bath oils, bubbles and soaks",Body care,10.0
1697,L'Oréal Paris Colour Riche Nail Color Members Only Peachy Pink,vitamins and supplements,Body care,7.0
1698,L'Oréal Paris Colour Riche Nail Color Not a Cloud in Sight Turquoise,"bath oils, bubbles and soaks",Body care,7.0
1699,L'Oréal Paris Colour Riche Nail Color Paparazzi Pleaser Rich Purple,"bath oils, bubbles and soaks",Body care,8.0
1700,L'Oréal Paris Colour Riche Nail Color Parisian Pink Pale Pink,"bath oils, bubbles and soaks",Body care,11.0
1701,L'Oréal Paris Colour Riche Nail Color Piece of Cake Soft Nude,vitamins and supplements,Body care,6.0
1702,L'Oréal Paris Colour Riche Nail Color Pink Me Up Soft Pink,face masks and exfoliators,Body care,9.0
1703,L'Oréal Paris Colour Riche Nail Color Red Tote Vibrant Scarlet Red,body moisturizers,Body care,10.0
1704,L'Oréal Paris Colour Riche Nail Color Royalty Reinvented Lilac Purple,"bath oils, bubbles and soaks",Body care,11.0
1705,L'Oréal Paris Colour Riche Nail Color Safari Chic Olive Green,"bath oils, bubbles and soaks",Body care,4.0
1706,L'Oréal Paris Colour Riche Nail Color Skinny Jeans Denim Blue,Nail care products,Body care,11.0
1707,L'Oréal Paris Colour Riche Nail Color Spice Things Up Rusty Red,"bath oils, bubbles and soaks",Body care,8.0
1708,L'Oréal Paris Colour Riche Nail Color Tangerine Crush Bright Orange,Body soaps and washes,Body care,11.0
1709,L'Oréal Paris Colour Riche Nail Color Tangerine Crush Bright Tangerine,Body soaps and washes,Body care,4.0
1710,L'Oréal Paris Colour Riche Nail Color Tweet Me Yellow with Shimmer,"bath oils, bubbles and soaks",Body care,9.0
1711,L'Oréal Paris Colour Riche Nail Color Violet Vendetta Deep Violet,body moisturizers,Body care,9.0
1712,L'Oréal Paris Colour Riche Nail Color Violet Vixen Rich Purple,"bath oils, bubbles and soaks",Body care,6.0
1713,L'Oréal Paris Elvive Dream Lengths Restoring Conditioner,"bath oils, bubbles and soaks",Body care,15.0
1714,L'Oréal Paris Elvive Dream Lengths Restoring Shampoo,shampoos and conditioners,Hair care,4.0
1715,L'Oréal Paris Elvive Extraordinary Oil Conditioner,"bath oils, bubbles and soaks",Body care,9.0
1716,L'Oréal Paris Elvive Extraordinary Oil Curls Shampoo,body moisturizers,Body care,7.0
1717,L'Oréal Paris Elvive Extraordinary Oil Shampoo,face masks and exfoliators,Body care,10.0
1718,L'Oréal Paris Elvive Fibrology Thickening Conditioner,body moisturizers,Body care,17.0
1719,L'Oréal Paris Elvive Fibrology Thickening Shampoo,Nail care products,Body care,13.0
1720,L'Oréal Paris Elvive Total Repair 5 Conditioner,face masks and exfoliators,Body care,8.0
1721,L'Oréal Paris Elvive Total Repair 5 Shampoo,body moisturizers,Body care,14.0
1722,L'Oréal Paris EverCreme Deep Nourish Conditioner,"bath oils, bubbles and soaks",Body care,29.0
1723,L'Oréal Paris EverCreme Deep Nourish Shampoo,"bath oils, bubbles and soaks",Body care,35.0
1724,L'Oréal Paris EverCurl Sulfate-Free HydraCharge Conditioner,"bath oils, bubbles and soaks",Body care,11.0
1725,L'Oréal Paris EverCurl Sulfate-Free HydraCharge Shampoo,body moisturizers,Body care,28.0
1726,L'Oréal Paris EverFresh Antidandruff Conditioner,Nail care products,Body care,31.0
1727,L'Oréal Paris EverFresh Antidandruff Shampoo,"bath oils, bubbles and soaks",Body care,15.0
1728,L'Oréal Paris EverPure Sulfate-Free Moisture Conditioner,"bath oils, bubbles and soaks",Body care,4.0
1729,L'Oréal Paris EverPure Sulfate-Free Moisture Shampoo,"bath oils, bubbles and soaks",Body care,18.0
1730,L'Oréal Paris EverSleek Sulfate-Free Keratin Caring Conditioner,face masks and exfoliators,Body care,28.0
1731,L'Oréal Paris EverSleek Sulfate-Free Keratin Caring Shampoo,Nail care products,Body care,36.0
1732,L'Oréal Paris EverStrong Sulfate-Free Thickening Conditioner,"bath oils, bubbles and soaks",Body care,23.0
1733,L'Oréal Paris EverStrong Sulfate-Free Thickening Shampoo,"bath oils, bubbles and soaks",Body care,6.0
1734,L'Oréal Paris Excellence Creme - Dark Brown,vitamins and supplements,Body care,20.0
1735,L'Oréal Paris Excellence Creme - Dark Chocolate Brown,hand creams,Body care,14.0
1736,L'Oréal Paris Excellence Creme - Dark Golden Blonde,face masks and exfoliators,Body care,8.0
1737,L'Oréal Paris Excellence Creme - Dark Mahogany Red,fragrances,Home and Accessories,15.0
1738,L'Oréal Paris Excellence Creme - Dark Plum,face masks and exfoliators,Body care,12.0
1739,L'Oréal Paris Excellence Creme - Deep Red,body moisturizers,Body care,19.0
1740,L'Oréal Paris Excellence Creme - Light Ash Brown,face masks and exfoliators,Body care,8.0
1741,L'Oréal Paris Excellence Creme - Light Chestnut Brown,Body soaps and washes,Body care,11.0
1742,L'Oréal Paris Excellence Creme - Light Cool Blonde,Nail care products,Body care,19.0
1743,L'Oréal Paris Excellence Creme - Light Golden Blonde,Body soaps and washes,Body care,20.0
1744,L'Oréal Paris Excellence Creme - Light Golden Brown,"bath oils, bubbles and soaks",Body care,19.0
1745,L'Oréal Paris Excellence Creme - Light Golden Red,body moisturizers,Body care,9.0
1746,L'Oréal Paris Excellence Creme - Light Reddish Brown,body moisturizers,Body care,19.0
1747,L'Oréal Paris Excellence Creme - Medium Auburn Brown,"bath oils, bubbles and soaks",Body care,19.0
1748,L'Oréal Paris Excellence Creme - Medium Chocolate Brown,body moisturizers,Body care,14.0
1749,L'Oréal Paris Excellence Creme - Medium Cool Blonde,"bath oils, bubbles and soaks",Body care,9.0
1750,L'Oréal Paris Excellence Creme - Medium Golden Blonde,Nail care products,Body care,8.0
1751,L'Oréal Paris Excellence Creme - Rich Espresso,"bath oils, bubbles and soaks",Body care,12.0
1752,L'Oréal Paris Excellence Creme - Rich Golden Brown,"bath oils, bubbles and soaks",Body care,19.0
1753,L'Oréal Paris Feria - Bright Copper,Body soaps and washes,Body care,16.0
1754,L'Oréal Paris Feria - Bright Red,"bath oils, bubbles and soaks",Body care,17.0
1755,L'Oréal Paris Feria - Cherry Crush,"bath oils, bubbles and soaks",Body care,14.0
1756,L'Oréal Paris Feria - Cool Medium Brown,face masks and exfoliators,Body care,8.0
1757,L'Oréal Paris Feria - Deep Burgundy,hand creams,Body care,16.0
1758,L'Oréal Paris Feria - Midnight Black,body moisturizers,Body care,13.0
1759,L'Oréal Paris Feria - Power Copper,body moisturizers,Body care,12.0
1760,L'Oréal Paris Feria - Power Violet,body moisturizers,Body care,15.0
1761,L'Oréal Paris Feria - Ruby Red,"bath oils, bubbles and soaks",Body care,20.0
1762,L'Oréal Paris Feria - Smokey Pastels Lavender,"bath oils, bubbles and soaks",Body care,19.0
1763,L'Oréal Paris Hydra Genius Aloe Water,"bath oils, bubbles and soaks",Body care,48.0
1764,L'Oréal Paris Hydra Genius Daily Liquid Care,Nail care products,Body care,22.0
1765,L'Oréal Paris Hydra Genius Daily Liquid Care for Normal/Oily Skin,Nail care products,Body care,45.0
1766,L'Oréal Paris Hydra Genius Liquid Care Daily Moisturizer,"bath oils, bubbles and soaks",Body care,30.0
1767,L'Oréal Paris Preference - Cool Blonde,Body soaps and washes,Body care,9.0
1768,L'Oréal Paris Preference - Dark Ash Blonde,"bath oils, bubbles and soaks",Body care,18.0
1769,L'Oréal Paris Preference - Dark Cool Blonde,"bath oils, bubbles and soaks",Body care,14.0
1770,L'Oréal Paris Preference - Dark Reddish Brown,Nail care products,Body care,14.0
1771,L'Oréal Paris Preference - Dark Warm Brown,body moisturizers,Body care,8.0
1772,L'Oréal Paris Preference - Darkest Ash Brown,"bath oils, bubbles and soaks",Body care,12.0
1773,L'Oréal Paris Preference - Deep Chestnut Brown,body moisturizers,Body care,13.0
1774,L'Oréal Paris Preference - Deep Mahogany Brown,"bath oils, bubbles and soaks",Body care,11.0
1775,L'Oréal Paris Preference - Deep Red Brown,"bath oils, bubbles and soaks",Body care,19.0
1776,L'Oréal Paris Preference - Light Ash Brown,"bath oils, bubbles and soaks",Body care,10.0
1777,L'Oréal Paris Preference - Light Golden Brown,"bath oils, bubbles and soaks",Body care,13.0
1778,L'Oréal Paris Preference - Light Natural Blonde,"bath oils, bubbles and soaks",Body care,8.0
1779,L'Oréal Paris Preference - Light Warm Brown,"bath oils, bubbles and soaks",Body care,16.0
1780,L'Oréal Paris Preference - Lightest Ash Blonde,vitamins and supplements,Body care,14.0
1781,L'Oréal Paris Preference - Lightest Cool Blonde,"bath oils, bubbles and soaks",Body care,15.0
1782,L'Oréal Paris Preference - Medium Auburn Brown,body moisturizers,Body care,8.0
1783,L'Oréal Paris Preference - Medium Golden Blonde,hand creams,Body care,19.0
1784,L'Oréal Paris Preference - Medium Warm Blonde,hand creams,Body care,14.0
1785,L'Oréal Paris Preference - Very Light Natural Blonde,Nail care products,Body care,10.0
1786,L'Oréal Paris Pure-Clay Mask Clear & Comfort,"bath oils, bubbles and soaks",Body care,12.0
1787,L'Oréal Paris Pure-Clay Mask Detox & Brighten,body moisturizers,Body care,19.0
1788,L'Oréal Paris Pure-Clay Mask Exfoliate & Refine,"bath oils, bubbles and soaks",Body care,15.0
1789,L'Oréal Paris Pure-Sugar Coffee Scrub,body moisturizers,Body care,9.0
1790,L'Oréal Paris Pure-Sugar Grapeseed Scrub,"bath oils, bubbles and soaks",Body care,18.0
1791,L'Oréal Paris Pure-Sugar Scrub with Kiwi,face masks and exfoliators,Body care,12.0
1792,L'Oréal Paris Pure-Sugar Smooth & Glow Grapeseed Scrub,body moisturizers,Body care,13.0
1793,L'Oréal Paris Revitalift Anti-Wrinkle + Firming Day Cream SPF 25,"bath oils, bubbles and soaks",Body care,28.0
1794,L'Oréal Paris Revitalift Anti-Wrinkle + Firming Moisturizer,Body soaps and washes,Body care,15.0
1795,L'Oréal Paris Revitalift Bright Reveal Brightening Day Moisturizer SPF 30,face masks and exfoliators,Body care,16.0
1796,L'Oréal Paris Revitalift Cicacream,"bath oils, bubbles and soaks",Body care,14.0
1797,L'Oréal Paris Revitalift Cicacream Anti-Wrinkle + Skin Barrier Repair,Nail care products,Body care,12.0
1798,L'Oréal Paris Revitalift Filler Renew Anti-Ageing Day Cream,"bath oils, bubbles and soaks",Body care,16.0
1799,L'Oréal Paris Revitalift Filler Renew Hyaluronic Acid Serum,hand creams,Body care,48.0
1800,L'Oréal Paris Revitalift Laser X3 Anti-Aging Moisturizer,body moisturizers,Body care,37.0
1801,L'Oréal Paris Revitalift Moisturizing Eye Cream,body moisturizers,Body care,27.0
1802,L'Oréal Paris Revitalift Radiant Smoothing Wet Cleansing Towelettes,body moisturizers,Body care,34.0
1803,L'Oréal Paris Revitalift Triple Power Eye Treatment,Nail care products,Body care,49.0
1804,L'Oréal Paris Revitalift Triple Power Intensive Overnight Mask,"bath oils, bubbles and soaks",Body care,25.0
1805,L'Oréal Paris Revitalift Triple Power Moisturizer,"bath oils, bubbles and soaks",Body care,21.0
1806,L'Oréal Paris Wrinkle Expert 35+ Moisturizer,"bath oils, bubbles and soaks",Body care,9.0
1807,L'Oréal Pro Filt'r Foundation,body moisturizers,Body care,30.0
1808,L'Oréal Skin Long-Wear Weightless Foundation,"bath oils, bubbles and soaks",Body care,12.0
1809,L'Oréal Studio Fix Fluid,body moisturizers,Body care,18.0
1810,L'Oréal Ultra HD Foundation,"bath oils, bubbles and soaks",Body care,18.0
1811,LAFCO Baies Candle,body moisturizers,Body care,12.0
1812,LAFCO Black Forest Candle,"bath oils, bubbles and soaks",Body care,9.0
1813,LAFCO Garden Mint Candle,body moisturizers,Body care,9.0
1814,LAFCO Lavender Vanilla Candle,body moisturizers,Body care,16.0
1815,LAFCO Lime Basil & Mandarin Diffuser,body moisturizers,Body care,10.0
1816,LAFCO Mediterranean Fig Candle,"bath oils, bubbles and soaks",Body care,5.0
1817,LAFCO Rustic Pumpkin Candle,body moisturizers,Body care,10.0
1818,LAFCO Volcano Candle,"bath oils, bubbles and soaks",Body care,14.0
1819,LUSH Sex Bomb Bath Bomb,"bath oils, bubbles and soaks",Body care,11.0
1820,LUSH Twilight Bath Bomb,vitamins and supplements,Body care,9.0
1821,La Mer Crème de la Mer,Nail care products,Body care,19.0
1822,La Mer Reparative Hand Treatment,"bath oils, bubbles and soaks",Body care,38.0
1823,La Mer The Brilliance White Mask,"bath oils, bubbles and soaks",Body care,13.0
1824,La Mer The Cleansing Gel,Body soaps and washes,Body care,46.0
1825,La Mer The Cleansing Oil,"bath oils, bubbles and soaks",Body care,28.0
1826,La Mer The Eye Concentrate,"bath oils, bubbles and soaks",Body care,39.0
1827,La Mer The Hand Treatment,"bath oils, bubbles and soaks",Body care,25.0
1828,La Mer The Hydrating Illuminator,"bath oils, bubbles and soaks",Body care,45.0
1829,La Mer The Intensive Revitalizing Mask,"bath oils, bubbles and soaks",Body care,49.0
1830,La Mer The Lifting Eye Serum,"bath oils, bubbles and soaks",Body care,20.0
1831,La Mer The Lifting and Firming Mask,Body soaps and washes,Body care,12.0
1832,La Mer The Lip Balm,body moisturizers,Body care,10.0
1833,La Mer The Moisturizing Cool Gel Cream,"bath oils, bubbles and soaks",Body care,15.0
1834,La Mer The Moisturizing Matte Lotion,"bath oils, bubbles and soaks",Body care,47.0
1835,La Mer The Moisturizing Soft Cream,fragrances,Home and Accessories,35.0
1836,La Mer The Oil Absorbing Tonic,body moisturizers,Body care,19.0
1837,La Mer The Perfecting Treatment,body moisturizers,Body care,30.0
1838,La Mer The Refining Facial,"bath oils, bubbles and soaks",Body care,12.0
1839,La Mer The Regenerating Serum,body moisturizers,Body care,41.0
1840,La Mer The Renewal Oil,"bath oils, bubbles and soaks",Body care,29.0
1841,La Mer The Revitalizing Hydrating Serum,body moisturizers,Body care,13.0
1842,La Mer The Soft Fluid Long Wear Foundation SPF 20,"bath oils, bubbles and soaks",Body care,27.0
1843,La Mer The Treatment Lotion Hydrating Mask,"bath oils, bubbles and soaks",Body care,50.0
1844,La Roche-Posay Anthelios Melt-in Milk Sunscreen SPF 100,Nail care products,Body care,8.0
1845,La Roche-Posay Cicaplast Baume B5 Balm,Nail care products,Body care,40.0
1846,La Roche-Posay Cicaplast Hand Cream,"bath oils, bubbles and soaks",Body care,14.0
1847,La Roche-Posay Effaclar BB Blur with SPF 20,hand creams,Body care,49.0
1848,La Roche-Posay Effaclar Clarifying Clay Face Mask,"bath oils, bubbles and soaks",Body care,14.0
1849,La Roche-Posay Effaclar Clarifying Solution Acne Toner,hand creams,Body care,18.0
1850,La Roche-Posay Effaclar Duo Dual Action Acne Treatment,hand creams,Body care,34.0
1851,La Roche-Posay Effaclar Mat Daily Moisturizer for Oily Skin,body moisturizers,Body care,24.0
1852,La Roche-Posay Effaclar Mat Oil-Free Mattifying Moisturizer,brushes and applicators,Home and Accessories,11.0
1853,La Roche-Posay Effaclar Purifying Foaming Gel,"bath oils, bubbles and soaks",Body care,15.0
1854,La Roche-Posay Hydraphase Intense Hyaluronic Acid Mask,face masks and exfoliators,Body care,15.0
1855,La Roche-Posay Hydraphase Intense Light,face moisturizing products,Face care,36.0
1856,La Roche-Posay Hydraphase Intense Mask,"bath oils, bubbles and soaks",Body care,13.0
1857,La Roche-Posay Hydraphase Intense Riche,Nail care products,Body care,33.0
1858,La Roche-Posay Lipikar Balm AP+ Intense Repair Moisturizing Cream,face masks and exfoliators,Body care,9.0
1859,La Roche-Posay Lipikar Syndet AP+ Body Wash Cream,"bath oils, bubbles and soaks",Body care,12.0
1860,La Roche-Posay Mela-D Pigment Control Glycolic Acid Cream,"bath oils, bubbles and soaks",Body care,15.0
1861,La Roche-Posay Mela-D Pigment Control Glycolic Acid Serum,body moisturizers,Body care,8.0
1862,La Roche-Posay Toleriane Double Repair Face Moisturizer,body moisturizers,Body care,36.0
1863,La Roche-Posay Toleriane Double Repair UV Face Moisturizer SPF 30,body moisturizers,Body care,13.0
1864,La Roche-Posay Toleriane Hydrating Gentle Cleanser,face masks and exfoliators,Body care,40.0
1865,La Roche-Posay Toleriane Ultra Night Cream,vitamins and supplements,Body care,50.0
1866,La Roche-Posay Toleriane Ultra Night Face Moisturizer,shampoos and conditioners,Hair care,19.0
1867,La Roche-Posay Toleriane Ultra Soothing Repair Moisturizer,body moisturizers,Body care,19.0
1868,Lancome Rose Sorbet Cryo-Mask,"bath oils, bubbles and soaks",Body care,16.0
1869,Lancôme 1 Million,face moisturizing products,Face care,66.0
1870,Lancôme Acqua di Giò,"bath oils, bubbles and soaks",Body care,62.0
1871,Lancôme Black Orchid,vitamins and supplements,Body care,118.0
1872,Lancôme Bloom,vitamins and supplements,Body care,89.0
1873,Lancôme Eros,face moisturizing products,Face care,98.0
1874,Lancôme Even Better Makeup,face masks and exfoliators,Body care,15.0
1875,Lancôme Fit Me Foundation,"bath oils, bubbles and soaks",Body care,29.0
1876,Lancôme Her Eau de Parfum,Nail care products,Body care,94.0
1877,Lancôme L'Absolu Rouge Cream Caprice Red,Nail care products,Body care,16.0
1878,Lancôme L'Absolu Rouge Cream Exotic Orchid,body moisturizers,Body care,11.0
1879,Lancôme L'Absolu Rouge Cream Rose Lancôme,face masks and exfoliators,Body care,8.0
1880,Lancôme L'Absolu Rouge Drama Ink French Idol,body moisturizers,Body care,6.0
1881,Lancôme L'Absolu Rouge Drama Ink French Love,face masks and exfoliators,Body care,6.0
1882,Lancôme L'Absolu Rouge Drama Ink French Touch,"bath oils, bubbles and soaks",Body care,20.0
1883,Lancôme L'Absolu Rouge Drama Matte Purple Fascination,body moisturizers,Body care,12.0
1884,Lancôme L'Absolu Rouge Drama Matte Red Hot,"bath oils, bubbles and soaks",Body care,14.0
1885,Lancôme L'Absolu Rouge Ruby Cream Bad Blood Ruby,"bath oils, bubbles and soaks",Body care,19.0
1886,Lancôme L'Absolu Rouge Ruby Cream Queen Ruby,"bath oils, bubbles and soaks",Body care,18.0
1887,Lancôme L'Interdit,Nail care products,Body care,64.0
1888,Lancôme La Vie Est Belle,Accessories,Home and Accessories,43.0
1889,Lancôme Light Blue,Nail care products,Body care,89.0
1890,Lancôme Luminous Silk Foundation,Body soaps and washes,Body care,21.0
1891,Lancôme My Way,vitamins and supplements,Body care,112.0
1892,Lancôme Pro Filt'r Foundation,body moisturizers,Body care,20.0
1893,Lancôme Skin Long-Wear Weightless Foundation,body moisturizers,Body care,20.0
1894,Lancôme Studio Skin 24 Hour Foundation,"bath oils, bubbles and soaks",Body care,30.0
1895,Lancôme Ultra HD Foundation,"bath oils, bubbles and soaks",Body care,19.0
1896,Lancôme Vanish Seamless Finish Foundation Stick,Body soaps and washes,Body care,21.0
1897,Lancôme Your Skin But Better CC+ Cream,face masks and exfoliators,Body care,27.0
1898,Laura Mercier Airbrush Flawless Foundation,"bath oils, bubbles and soaks",Body care,28.0
1899,Laura Mercier Ambre Vanillé Honey Bath,body moisturizers,Body care,7.0
1900,Laura Mercier Backstage Foundation,"bath oils, bubbles and soaks",Body care,13.0
1901,Laura Mercier ColorStay Foundation,Nail care products,Body care,14.0
1902,Laura Mercier Crème Brûlée Honey Bath,body moisturizers,Body care,8.0
1903,Laura Mercier Double Wear Foundation,vitamins and supplements,Body care,26.0
1904,Laura Mercier Fresh Fig Honey Bath,"bath oils, bubbles and soaks",Body care,12.0
1905,Laura Mercier Luminous Silk Foundation,"bath oils, bubbles and soaks",Body care,18.0
1906,Laura Mercier Vanilla Amber Bath Scrub,body moisturizers,Body care,6.0
1907,Le Labo Black Forest Candle,body moisturizers,Body care,5.0
1908,Le Labo Geranium Candle,"bath oils, bubbles and soaks",Body care,8.0
1909,Le Labo Grapefruit Candle,"bath oils, bubbles and soaks",Body care,15.0
1910,Le Labo Russian Leather Candle,body moisturizers,Body care,8.0
1911,Le Petit Marseillais Cotton Milk & Poppy Shower Cream,"bath oils, bubbles and soaks",Body care,10.0
1912,Le Petit Marseillais Extra Gentle Shower Crème,body moisturizers,Body care,5.0
1913,Le Petit Marseillais Lavender Honey Shower Gel,Body soaps and washes,Body care,13.0
1914,Le Petit Marseillais Orange & Grapefruit Shower Gel,"candles, sprays, diffusers",Home and Accessories,10.0
1915,Le Petit Marseillais Orange Blossom Shower Gel,vitamins and supplements,Body care,15.0
1916,Le Petit Marseillais Shea Butter & Acacia Shower Cream,foundations and concealers,Make up,13.0
1917,Le Petit Marseillais Strawberry & Basil Shower Gel,shampoos and conditioners,Hair care,14.0
1918,Le Petit Marseillais Vanilla Milk Shower Cream,body moisturizers,Body care,14.0
1919,Le Petit Marseillais White Peach & Nectarine Shower Gel,"candles, sprays, diffusers",Home and Accessories,9.0
1920,Lubriderm Advanced Therapy Hand & Body Lotion,body moisturizers,Body care,18.0
1921,Lubriderm Advanced Therapy Lotion,body moisturizers,Body care,29.0
1922,Lubriderm Advanced Therapy Lotion for Extra Dry Skin,"bath oils, bubbles and soaks",Body care,26.0
1923,Lubriderm Advanced Therapy Moisturizer,"bath oils, bubbles and soaks",Body care,26.0
1924,Lubriderm Daily Moisture Hydrating Lotion,"bath oils, bubbles and soaks",Body care,30.0
1925,Lubriderm Daily Moisture Lotion,Nail care products,Body care,26.0
1926,Lubriderm Daily Moisture Shea & Cocoa Butter Lotion,vitamins and supplements,Body care,29.0
1927,Lubriderm Daily Moisture Shea + Enriching Cocoa Butter,"bath oils, bubbles and soaks",Body care,18.0
1928,Lubriderm Intense Healing Moisture Lotion,"bath oils, bubbles and soaks",Body care,32.0
1929,Lubriderm Intense Skin Repair Lotion,"bath oils, bubbles and soaks",Body care,31.0
1930,Lubriderm Men's 3-in-1 Lotion,"bath oils, bubbles and soaks",Body care,12.0
1931,Lubriderm Sensitive Skin Therapy Lotion,body moisturizers,Body care,19.0
1932,Lubriderm Unscented Daily Moisture Lotion,hand creams,Body care,23.0
1933,Lush Charity Pot Hand & Body Lotion,body moisturizers,Body care,28.0
1934,Lush Dream Cream Hand & Body Lotion,hand creams,Body care,8.0
1935,Lush Helping Hands Hand Cream,Body soaps and washes,Body care,8.0
1936,Lush Intergalactic Bath Bomb,face masks and exfoliators,Body care,8.0
1937,Lush Lemony Flutter Cuticle Butter,face masks and exfoliators,Body care,24.0
1938,Lush Ocean Salt Hand & Body Scrub,"bath oils, bubbles and soaks",Body care,31.0
1939,MAC 116 Blush Brush,Nail care products,Body care,5.0
1940,MAC 129 Powder/Blush Brush,"bath oils, bubbles and soaks",Body care,10.0
1941,MAC 150 Large Powder Brush,hair colors and toners,Hair care,5.0
1942,MAC 168 Large Angled Contour Brush,body moisturizers,Body care,7.0
1943,MAC 170 Synthetic Rounded Slant Brush,body moisturizers,Body care,3.0
1944,MAC 182 Buffer Brush,body moisturizers,Body care,5.0
1945,MAC 188 Small Duo Fibre Face Brush,face masks and exfoliators,Body care,9.0
1946,MAC 195 Concealer Brush,body moisturizers,Body care,4.0
1947,MAC 209 Eye Liner Brush,face masks and exfoliators,Body care,6.0
1948,MAC 210 Precise Eye Liner Brush,body moisturizers,Body care,6.0
1949,MAC 212 Flat Definer Brush,"bath oils, bubbles and soaks",Body care,9.0
1950,MAC 217 Blending Brush,"bath oils, bubbles and soaks",Body care,12.0
1951,MAC 217S Blending Brush,"bath oils, bubbles and soaks",Body care,6.0
1952,MAC 219 Pencil Brush,body moisturizers,Body care,8.0
1953,MAC 224 Tapered Blending Brush,body moisturizers,Body care,12.0
1954,MAC 239 Eye Shader Brush,"bath oils, bubbles and soaks",Body care,4.0
1955,MAC 252 Large Shader Brush,"bath oils, bubbles and soaks",Body care,4.0
1956,MAC 266 Small Angle Brush,"bath oils, bubbles and soaks",Body care,9.0
1957,MAC 275 Medium Angled Shading Brush,body moisturizers,Body care,10.0
1958,MAC 286 Synthetic Duo Fibre Tapered Brush,"bath oils, bubbles and soaks",Body care,3.0
1959,MAC Backstage Foundation,body moisturizers,Body care,28.0
1960,MAC Born This Way Foundation,"bath oils, bubbles and soaks",Body care,35.0
1961,MAC Candy Yum-Yum Pink,face masks and exfoliators,Body care,6.0
1962,MAC Chili Warm Brick Red,body moisturizers,Body care,6.0
1963,MAC ColorStay Foundation,hand creams,Body care,14.0
1964,MAC Diva Deep Burgundy,vitamins and supplements,Body care,20.0
1965,MAC Double Wear Foundation,vitamins and supplements,Body care,25.0
1966,MAC Eye Kohl Feline Rich Black,body moisturizers,Body care,18.0
1967,MAC Eye Kohl Prunella Deep Plum,Body soaps and washes,Body care,8.0
1968,MAC Eye Kohl Smolder Black,brushes and applicators,Home and Accessories,15.0
1969,MAC Eye Kohl Teddy Bronze Brown,face masks and exfoliators,Body care,14.0
1970,MAC Eye Pencil Coffee Dark Brown,"bath oils, bubbles and soaks",Body care,13.0
1971,MAC Eye Shadow Sketch Burgundy,body moisturizers,Body care,20.0
1972,MAC Eyeshadow All That Glitters Champagne,"bath oils, bubbles and soaks",Body care,7.0
1973,MAC Eyeshadow Amber Lights Gold,hand creams,Body care,20.0
1974,MAC Eyeshadow Antiqued Red Bronze,face masks and exfoliators,Body care,16.0
1975,MAC Eyeshadow Carbon Black,Nail care products,Body care,17.0
1976,MAC Eyeshadow Club Green Brown Duochrome,"bath oils, bubbles and soaks",Body care,11.0
1977,MAC Eyeshadow Coppering Warm Copper,face masks and exfoliators,Body care,11.0
1978,MAC Eyeshadow Cranberry Red Plum,body moisturizers,Body care,16.0
1979,MAC Eyeshadow Deep Truth True Blue,"bath oils, bubbles and soaks",Body care,20.0
1980,MAC Eyeshadow Electric Eel Bright Blue,face masks and exfoliators,Body care,11.0
1981,MAC Eyeshadow Expensive Pink Coral Pink,face masks and exfoliators,Body care,8.0
1982,MAC Eyeshadow Humid Forest Green,"bath oils, bubbles and soaks",Body care,19.0
1983,MAC Eyeshadow Lucky Green Vivid Lime,body moisturizers,Body care,13.0
1984,MAC Eyeshadow Naked Lunch Soft Pink,Nail care products,Body care,6.0
1985,MAC Eyeshadow Nylon Pale Gold,body moisturizers,Body care,9.0
1986,MAC Eyeshadow Quarry Muted Plum Brown,"bath oils, bubbles and soaks",Body care,17.0
1987,MAC Eyeshadow Ricepaper Peachy Gold,"bath oils, bubbles and soaks",Body care,12.0
1988,MAC Eyeshadow Saddle Golden Orange Brown,body moisturizers,Body care,15.0
1989,MAC Eyeshadow Satin Taupe Cool Brown,"bath oils, bubbles and soaks",Body care,15.0
1990,MAC Eyeshadow Shroom Soft Beige,"bath oils, bubbles and soaks",Body care,19.0
1991,MAC Eyeshadow Soft Brown Golden Peach,"bath oils, bubbles and soaks",Body care,7.0
1992,MAC Eyeshadow Star Violet Pinky Brown Plum,"bath oils, bubbles and soaks",Body care,18.0
1993,MAC Eyeshadow Swiss Chocolate Muted Reddish Brown,Body soaps and washes,Body care,20.0
1994,MAC Eyeshadow Woodwinked Bronze,"bath oils, bubbles and soaks",Body care,7.0
1995,MAC Fit Me Foundation,Accessories,Home and Accessories,24.0
1996,MAC Heroine Bright Purple,"bath oils, bubbles and soaks",Body care,19.0
1997,MAC Lady Danger Orange-Red,"bath oils, bubbles and soaks",Body care,10.0
1998,MAC Mehr Soft Pink,hand creams,Body care,12.0
1999,MAC Paint Pot Soft Ochre Yellow Beige,body moisturizers,Body care,17.0
2000,MAC Pro Filt'r Foundation,hand creams,Body care,35.0
2001,MAC Ruby Woo Red,"bath oils, bubbles and soaks",Body care,8.0
2002,MAC Russian Red Classic Red,body moisturizers,Body care,15.0
2003,MAC Skin Long-Wear Weightless Foundation,body moisturizers,Body care,15.0
2004,MAC Studio Fix Fluid,"bath oils, bubbles and soaks",Body care,25.0
2005,MAC Vanish Seamless Finish Foundation Stick,"bath oils, bubbles and soaks",Body care,21.0
2006,MAC Velvet Teddy Beige,body moisturizers,Body care,12.0
2007,MAC Whirl Dusty Rose,"bath oils, bubbles and soaks",Body care,19.0
2008,MAC Your Skin But Better CC+ Cream,"bath oils, bubbles and soaks",Body care,32.0
2009,Madison Reed Radiant Hair Color Kit - Dark Cool Espresso Brown,"bath oils, bubbles and soaks",Body care,10.0
2010,Madison Reed Radiant Hair Color Kit - Dark Golden Brown,"bath oils, bubbles and soaks",Body care,19.0
2011,Madison Reed Radiant Hair Color Kit - Light Blonde,"bath oils, bubbles and soaks",Body care,12.0
2012,Madison Reed Radiant Hair Color Kit - Light Cool Brown,Body soaps and washes,Body care,14.0
2013,Madison Reed Radiant Hair Color Kit - Light Natural Brown,"bath oils, bubbles and soaks",Body care,16.0
2014,Madison Reed Radiant Hair Color Kit - Medium Brown,Body soaps and washes,Body care,20.0
2015,Madison Reed Radiant Hair Color Kit - Medium Rose Gold,"bath oils, bubbles and soaks",Body care,19.0
2016,Madison Reed Radiant Hair Color Kit - Rich Espresso,"bath oils, bubbles and soaks",Body care,12.0
2017,Madison Reed Radiant Hair Color Kit - Soft Black Cherry,Nail care products,Body care,12.0
2018,Madison Reed Radiant Hair Color Kit - Soft Mahogany Red,"bath oils, bubbles and soaks",Body care,18.0
2019,Madison Reed Radiant Hair Color Kit - Spicy Copper,Body soaps and washes,Body care,10.0
2020,Maison Margiela Eucalyptus Spearmint Candle,Body soaps and washes,Body care,5.0
2021,Maison Margiela Feu de Bois Candle,"bath oils, bubbles and soaks",Body care,15.0
2022,Maison Margiela French Cade Lavender Candle,"bath oils, bubbles and soaks",Body care,5.0
2023,Maison Margiela Garden Mint Candle,body moisturizers,Body care,7.0
2024,Maison Margiela Geranium Candle,"bath oils, bubbles and soaks",Body care,18.0
2025,Maison Margiela Lavender Vanilla Candle,Nail care products,Body care,6.0
2026,Maison Margiela REPLICA Lazy Sunday Morning Candle,"bath oils, bubbles and soaks",Body care,9.0
2027,Maison Margiela Santal 26 Candle,body moisturizers,Body care,18.0
2028,Maison Margiela Volcano Candle,"bath oils, bubbles and soaks",Body care,15.0
2029,Make Up For Ever ColorStay Foundation,"bath oils, bubbles and soaks",Body care,13.0
2030,Make Up For Ever Double Wear Foundation,Eye shadows and pencils,Make up,31.0
2031,Make Up For Ever Even Better Makeup,"bath oils, bubbles and soaks",Body care,21.0
2032,Make Up For Ever Flawless Fusion Ultra-Longwear Foundation,vitamins and supplements,Body care,24.0
2033,Make Up For Ever Skin Long-Wear Weightless Foundation,Body soaps and washes,Body care,21.0
2034,Make Up For Ever Stay Naked Foundation,"bath oils, bubbles and soaks",Body care,35.0
2035,Make Up For Ever Studio Fix Fluid,"bath oils, bubbles and soaks",Body care,32.0
2036,Make Up For Ever Studio Skin 24 Hour Foundation,"bath oils, bubbles and soaks",Body care,16.0
2037,Make Up For Ever Teint Idole Ultra Wear Foundation,"bath oils, bubbles and soaks",Body care,35.0
2038,Make Up For Ever Ultra HD Foundation,"bath oils, bubbles and soaks",Body care,23.0
2039,Make Up For Ever Vanish Seamless Finish Foundation Stick,"bath oils, bubbles and soaks",Body care,24.0
2040,Marc Jacobs 1 Million,vitamins and supplements,Body care,44.0
2041,Marc Jacobs Allure Homme,Nail care products,Body care,108.0
2042,Marc Jacobs Chance,Nail care products,Body care,70.0
2043,Marc Jacobs Coco Mademoiselle,hand creams,Body care,70.0
2044,Marc Jacobs Eros,Nail care products,Body care,100.0
2045,Marc Jacobs Explorer,Body soaps and washes,Body care,99.0
2046,Marc Jacobs Flowerbomb,face moisturizing products,Face care,48.0
2047,Marc Jacobs Gentleman,body moisturizers,Body care,91.0
2048,Marc Jacobs La Vie Est Belle,hand creams,Body care,78.0
2049,Marc Jacobs Legend,Nail care products,Body care,62.0
2050,Marc Jacobs Si,shampoos and conditioners,Hair care,111.0
2051,Mario Badescu Whitening Mask,face masks and exfoliators,Body care,16.0
2052,Matrix Biolage Colorlast Conditioner,Body soaps and washes,Body care,38.0
2053,Matrix Biolage Colorlast Shampoo,Body soaps and washes,Body care,37.0
2054,Matrix Biolage Cooling Mint Scalp Sync Conditioner,"bath oils, bubbles and soaks",Body care,39.0
2055,Matrix Biolage Cooling Mint Scalp Sync Shampoo,Body soaps and washes,Body care,17.0
2056,Matrix Biolage Fiberstrong Conditioner,"bath oils, bubbles and soaks",Body care,39.0
2057,Matrix Biolage Fiberstrong Shampoo,body moisturizers,Body care,33.0
2058,Matrix Biolage Hydrasource Conditioner,"bath oils, bubbles and soaks",Body care,28.0
2059,Matrix Biolage Hydrasource Shampoo,"bath oils, bubbles and soaks",Body care,27.0
2060,Matrix Biolage R.A.W. Uplift Conditioner,body moisturizers,Body care,4.0
2061,Matrix Biolage R.A.W. Uplift Shampoo,"bath oils, bubbles and soaks",Body care,30.0
2062,Matrix Biolage Smoothproof Conditioner,body moisturizers,Body care,33.0
2063,Matrix Biolage Smoothproof Shampoo,"bath oils, bubbles and soaks",Body care,28.0
2064,Matrix Biolage VolumeBloom Conditioner,body moisturizers,Body care,21.0
2065,Matrix Biolage VolumeBloom Shampoo,"bath oils, bubbles and soaks",Body care,19.0
2066,Matrix Total Results Color Obsessed Conditioner,"bath oils, bubbles and soaks",Body care,36.0
2067,Matrix Total Results Color Obsessed Shampoo,body moisturizers,Body care,21.0
2068,Matrix Total Results High Amplify Conditioner,body moisturizers,Body care,15.0
2069,Matrix Total Results High Amplify Shampoo,shampoos and conditioners,Hair care,13.0
2070,Matrix Total Results Mega Sleek Conditioner,"bath oils, bubbles and soaks",Body care,29.0
2071,Matrix Total Results Mega Sleek Shampoo,"bath oils, bubbles and soaks",Body care,17.0
2072,Matrix Total Results So Silver Conditioner,Body soaps and washes,Body care,16.0
2073,Matrix Total Results So Silver Shampoo,"bath oils, bubbles and soaks",Body care,23.0
2074,Maybelline Born This Way Foundation,"bath oils, bubbles and soaks",Body care,15.0
2075,Maybelline Color Sensational Eyeshadow Acid Rain Electric Blue,"bath oils, bubbles and soaks",Body care,20.0
2076,Maybelline Color Sensational Eyeshadow Amethyst Aura,"bath oils, bubbles and soaks",Body care,17.0
2077,Maybelline Color Sensational Eyeshadow Blackout,Nail care products,Body care,6.0
2078,Maybelline Color Sensational Eyeshadow Golden Halo,"bath oils, bubbles and soaks",Body care,14.0
2079,Maybelline Color Sensational Eyeshadow Mocha Motion,body moisturizers,Body care,11.0
2080,Maybelline Color Sensational Eyeshadow Peach Punch,body moisturizers,Body care,15.0
2081,Maybelline Color Sensational Eyeshadow Purple Smoke,"bath oils, bubbles and soaks",Body care,7.0
2082,Maybelline Color Sensational Eyeshadow Rose Riot,Nail care products,Body care,18.0
2083,Maybelline Color Sensational Eyeshadow The Glo Down Golden,"bath oils, bubbles and soaks",Body care,18.0
2084,Maybelline Color Sensational Eyeshadow Vanilla,Nail care products,Body care,7.0
2085,Maybelline Color Tattoo 24HR Eyeshadow Audacious Asphalt,"bath oils, bubbles and soaks",Body care,16.0
2086,Maybelline Color Tattoo 24HR Eyeshadow Bad to the Bronze,body moisturizers,Body care,16.0
2087,Maybelline Color Tattoo 24HR Eyeshadow Barely Branded,face masks and exfoliators,Body care,19.0
2088,Maybelline Color Tattoo 24HR Eyeshadow Fierce & Tangy,"bath oils, bubbles and soaks",Body care,14.0
2089,Maybelline Color Tattoo 24HR Eyeshadow Gold Rush,Body soaps and washes,Body care,8.0
2090,Maybelline Color Tattoo 24HR Eyeshadow Inked in Pink,face masks and exfoliators,Body care,20.0
2091,Maybelline Color Tattoo 24HR Eyeshadow Painted Purple,"bath oils, bubbles and soaks",Body care,16.0
2092,Maybelline Color Tattoo 24HR Eyeshadow Silver Strike,"bath oils, bubbles and soaks",Body care,9.0
2093,Maybelline Color Tattoo 24HR Eyeshadow Tenacious Teal,body moisturizers,Body care,18.0
2094,Maybelline Color Tattoo 24HR Eyeshadow Tough as Taupe,"bath oils, bubbles and soaks",Body care,20.0
2095,Maybelline Coral Crush Coral Pink,face moisturizing products,Face care,12.0
2096,Maybelline Divine Wine Burgundy,body moisturizers,Body care,8.0
2097,Maybelline Double Wear Foundation,"bath oils, bubbles and soaks",Body care,21.0
2098,Maybelline Even Better Makeup,"bath oils, bubbles and soaks",Body care,14.0
2099,Maybelline Flawless Fusion Ultra-Longwear Foundation,face masks and exfoliators,Body care,20.0
2100,Maybelline Lasting Drama Gel Eyeliner Blackest Black,face masks and exfoliators,Body care,11.0
2101,Maybelline Lasting Drama Gel Eyeliner Brown,"bath oils, bubbles and soaks",Body care,6.0
2102,Maybelline Lasting Drama Gel Eyeliner Charcoal,"bath oils, bubbles and soaks",Body care,10.0
2103,Maybelline Lasting Drama Gel Eyeliner Eggplant,"bath oils, bubbles and soaks",Body care,12.0
2104,Maybelline Lasting Drama Gel Eyeliner Lustrous Sapphire,"bath oils, bubbles and soaks",Body care,19.0
2105,Maybelline Mauve for Me Neutral Mauve,"bath oils, bubbles and soaks",Body care,10.0
2106,Maybelline Nude Nuance Warm Nude,"bath oils, bubbles and soaks",Body care,17.0
2107,Maybelline Pink for Me Soft Pink,body moisturizers,Body care,7.0
2108,Maybelline Plum for Me Rich Plum,body moisturizers,Body care,8.0
2109,Maybelline Red for Me Universal Red,hand creams,Body care,19.0
2110,Maybelline Rich Ruby Matte Red,body moisturizers,Body care,18.0
2111,Maybelline Siren in Scarlet Bold Red,Body soaps and washes,Body care,13.0
2112,Maybelline Skin Long-Wear Weightless Foundation,"bath oils, bubbles and soaks",Body care,20.0
2113,Maybelline Touch of Spice Mauve,body moisturizers,Body care,6.0
2114,Maybelline Ultra HD Foundation,Body soaps and washes,Body care,34.0
2115,Maybelline Unstoppable Eyeliner Cinnabar Deep Brown,"bath oils, bubbles and soaks",Body care,16.0
2116,Maybelline Unstoppable Eyeliner Espresso,"bath oils, bubbles and soaks",Body care,19.0
2117,Maybelline Unstoppable Eyeliner Onyx Black,"bath oils, bubbles and soaks",Body care,9.0
2118,Maybelline Unstoppable Eyeliner Pewter Grey,"bath oils, bubbles and soaks",Body care,11.0
2119,Maybelline Unstoppable Eyeliner Sapphire Blue,body moisturizers,Body care,19.0
2120,Maybelline Your Skin But Better CC+ Cream,body moisturizers,Body care,34.0
2121,MegaFood Calcium Gummies,body moisturizers,Body care,26.0
2122,MegaFood Collagen Peptides,Body soaps and washes,Body care,45.0
2123,MegaFood Glucosamine Chondroitin,"bath oils, bubbles and soaks",Body care,38.0
2124,MegaFood Iron Supplement,"bath oils, bubbles and soaks",Body care,30.0
2125,MegaFood Melatonin,body moisturizers,Body care,30.0
2126,MegaFood Omega-3 Fish Oil,vitamins and supplements,Body care,40.0
2127,MegaFood Probiotics,Nail care products,Body care,44.0
2128,MegaFood Silver Multivitamin,body moisturizers,Body care,41.0
2129,MegaFood Vitamin C,face masks and exfoliators,Body care,47.0
2130,MegaFood Zinc Tablets,body moisturizers,Body care,21.0
2131,Molton Brown Coastal Cypress & Sea Fennel Bath & Shower Gel,body moisturizers,Body care,16.0
2132,Molton Brown Eucalyptus Spearmint Candle,"bath oils, bubbles and soaks",Body care,12.0
2133,Molton Brown Feu de Bois Candle,"bath oils, bubbles and soaks",Body care,12.0
2134,Molton Brown Fireside Candle,"bath oils, bubbles and soaks",Body care,4.0
2135,Molton Brown Geranium Nefertum Bath & Shower Gel,face masks and exfoliators,Body care,11.0
2136,Molton Brown Heavenly Gingerlily Bath & Shower Gel,Nail care products,Body care,8.0
2137,Molton Brown Heavenly Gingerlily Caressing Body Polisher,"bath oils, bubbles and soaks",Body care,8.0
2138,Molton Brown Mesmerising Oudh Accord & Gold Bath & Shower Gel,"bath oils, bubbles and soaks",Body care,14.0
2139,Molton Brown Neon Amber Bath & Shower Gel,body moisturizers,Body care,4.0
2140,Molton Brown Orange & Bergamot Bath & Shower Gel,"bath oils, bubbles and soaks",Body care,6.0
2141,Molton Brown Orange & Bergamot Bath Oil,Nail care products,Body care,5.0
2142,Molton Brown Re-Charge Black Pepper Bath & Shower Gel,"bath oils, bubbles and soaks",Body care,5.0
2143,Molton Brown Rosa Absolute Bath & Shower Gel,"bath oils, bubbles and soaks",Body care,3.0
2144,Molton Brown Russian Leather Bath & Shower Gel,body moisturizers,Body care,8.0
2145,Molton Brown Smell of Spring Spray,body moisturizers,Body care,15.0
2146,Molton Brown Tobacco Absolute Bath & Shower Gel,"bath oils, bubbles and soaks",Body care,17.0
2147,Molton Brown Ylang-Ylang Bath & Shower Gel,"bath oils, bubbles and soaks",Body care,6.0
2148,Molton Brown Ylang-Ylang Comforting Body Polisher,"bath oils, bubbles and soaks",Body care,5.0
2149,Morphe E23 Deluxe Blender Brush,"bath oils, bubbles and soaks",Body care,6.0
2150,Morphe E27 Pro Round Blender Brush,body moisturizers,Body care,10.0
2151,Morphe E36 Detail Crease Brush,"bath oils, bubbles and soaks",Body care,10.0
2152,Morphe E4 Angled Contour Brush,"bath oils, bubbles and soaks",Body care,9.0
2153,Morphe E41 Round Deluxe Powder Brush,"bath oils, bubbles and soaks",Body care,11.0
2154,Morphe E8 Detail Contour Brush,"bath oils, bubbles and soaks",Body care,5.0
2155,Morphe M173 Mini Buffer Brush,body moisturizers,Body care,2.0
2156,Morphe M310 Large Soft Fan Brush,body moisturizers,Body care,10.0
2157,Morphe M330 Blending Crease Brush,Body soaps and washes,Body care,2.0
2158,Morphe M433 Pro Firm Blending Fluff Brush,"bath oils, bubbles and soaks",Body care,3.0
2159,Morphe M438 Pointed Contour Brush,face masks and exfoliators,Body care,3.0
2160,Morphe M439 Deluxe Buffer Brush,body moisturizers,Body care,5.0
2161,Morphe M441 Pro Firm Blending Crease Brush,"bath oils, bubbles and soaks",Body care,10.0
2162,Morphe M500 Deluxe Pointed Blender Brush,"bath oils, bubbles and soaks",Body care,4.0
2163,Morphe M504 Large Pointed Blender Brush,body moisturizers,Body care,11.0
2164,Morphe M506 Tapered Mini Blender Brush,"bath oils, bubbles and soaks",Body care,5.0
2165,Morphe M510 Pro Round Blender Brush,hand creams,Body care,9.0
2166,Morphe M527 Deluxe Pointed Powder Brush,"bath oils, bubbles and soaks",Body care,9.0
2167,Morphe M562 Tiny Crease Blender Brush,"bath oils, bubbles and soaks",Body care,5.0
2168,Mrs. Meyer's Geranium Candle,"bath oils, bubbles and soaks",Body care,18.0
2169,Mrs. Meyer's Grapefruit Candle,"bath oils, bubbles and soaks",Body care,13.0
2170,Mrs. Meyer's Mediterranean Fig Candle,"bath oils, bubbles and soaks",Body care,16.0
2171,Murad Rapid Resurfacing Peel,body moisturizers,Body care,10.0
2172,NARS Audacious Anita Nude Rose,body moisturizers,Body care,14.0
2173,NARS Backstage Foundation,"bath oils, bubbles and soaks",Body care,17.0
2174,NARS Barbara Tan Rose,hand creams,Body care,20.0
2175,NARS Dolce Vita Rose,"bath oils, bubbles and soaks",Body care,10.0
2176,NARS Double Wear Foundation,body moisturizers,Body care,29.0
2177,NARS Dragon Girl Vivid Red,"bath oils, bubbles and soaks",Body care,16.0
2178,NARS Fire Down Below Blood Red,"bath oils, bubbles and soaks",Body care,9.0
2179,NARS Flawless Fusion Ultra-Longwear Foundation,body moisturizers,Body care,35.0
2180,NARS Funny Face Fuchsia,body moisturizers,Body care,16.0
2181,NARS Heat Wave Orange-Red,hand creams,Body care,16.0
2182,NARS High-Pigment Longwear Eyeliner Grafton Street Emerald Green,Nail care products,Body care,9.0
2183,NARS High-Pigment Longwear Eyeliner Last Frontier Dark Brown,"bath oils, bubbles and soaks",Body care,11.0
2184,NARS High-Pigment Longwear Eyeliner Ocean Drive Teal,"bath oils, bubbles and soaks",Body care,11.0
2185,NARS High-Pigment Longwear Eyeliner Rue Bonaparte Light Almond,"bath oils, bubbles and soaks",Body care,18.0
2186,NARS High-Pigment Longwear Eyeliner Via Appia Copper Brown,"bath oils, bubbles and soaks",Body care,19.0
2187,NARS Jungle Red Bright Red,body moisturizers,Body care,13.0
2188,NARS Larger Than Life Long-Wear Eyeliner Barrow Street Seafoam Green,"bath oils, bubbles and soaks",Body care,19.0
2189,NARS Larger Than Life Long-Wear Eyeliner Bourbon Street Bright Purple,"bath oils, bubbles and soaks",Body care,6.0
2190,NARS Larger Than Life Long-Wear Eyeliner Madison Avenue Slate Grey,"bath oils, bubbles and soaks",Body care,7.0
2191,NARS Larger Than Life Long-Wear Eyeliner Santa Monica Blvd Bright White,"bath oils, bubbles and soaks",Body care,18.0
2192,NARS Larger Than Life Long-Wear Eyeliner Via Veneto Black,"bath oils, bubbles and soaks",Body care,17.0
2193,NARS Luminous Silk Foundation,Body soaps and washes,Body care,28.0
2194,NARS Schiap Hot Pink,"bath oils, bubbles and soaks",Body care,12.0
2195,NARS Single Eyeshadow Abyssinia Delicate Pearl Sheen,body moisturizers,Body care,17.0
2196,NARS Single Eyeshadow Bali Neutral Taupe,"bath oils, bubbles and soaks",Body care,18.0
2197,NARS Single Eyeshadow Blondie Neutral Brown,vitamins and supplements,Body care,10.0
2198,NARS Single Eyeshadow China Blue Matte Royal Blue,"bath oils, bubbles and soaks",Body care,6.0
2199,NARS Single Eyeshadow Daphne Matte Vivid Purple,body moisturizers,Body care,12.0
2200,NARS Single Eyeshadow Fez Shimmering Copper,"bath oils, bubbles and soaks",Body care,20.0
2201,NARS Single Eyeshadow Galapagos Bitter Chocolate with Gold Shimmer,"bath oils, bubbles and soaks",Body care,14.0
2202,NARS Single Eyeshadow Mekong Espresso with Gold Sheen,"bath oils, bubbles and soaks",Body care,17.0
2203,NARS Single Eyeshadow Nepal Soft Rose,Accessories,Home and Accessories,18.0
2204,NARS Single Eyeshadow New York Plum Brown,face moisturizing products,Face care,16.0
2205,NARS Single Eyeshadow Night Breed Black with Silver Shimmer,Nail care products,Body care,20.0
2206,NARS Single Eyeshadow Night Porter Black with Green Pearl,face masks and exfoliators,Body care,17.0
2207,NARS Single Eyeshadow Night Star Sheer Peach with Gold Pearl,"bath oils, bubbles and soaks",Body care,20.0
2208,NARS Single Eyeshadow Outremer Bright Matte Blue,body moisturizers,Body care,7.0
2209,NARS Single Eyeshadow Persia Matte Paprika,"bath oils, bubbles and soaks",Body care,17.0
2210,NARS Single Eyeshadow Savage Brown with Red Shimmer,hand creams,Body care,18.0
2211,NARS Single Eyeshadow Sophia Cool Brown,"bath oils, bubbles and soaks",Body care,11.0
2212,NARS Single Eyeshadow Stud Shimmering Pewter,"bath oils, bubbles and soaks",Body care,16.0
2213,NARS Single Eyeshadow Tokyo Soft Silver Grey,"bath oils, bubbles and soaks",Body care,16.0
2214,NARS Single Eyeshadow Tropic Teal with Silver Shimmer,"bath oils, bubbles and soaks",Body care,10.0
2215,NARS Studio Fix Fluid,Body soaps and washes,Body care,20.0
2216,NARS Teint Idole Ultra Wear Foundation,body moisturizers,Body care,16.0
2217,NARS Walkyrie Soft Brown,body moisturizers,Body care,14.0
2218,NARS Your Skin But Better CC+ Cream,"bath oils, bubbles and soaks",Body care,18.0
2219,NOW Foods Calcium Gummies,"bath oils, bubbles and soaks",Body care,39.0
2220,NOW Foods CoQ10,"bath oils, bubbles and soaks",Body care,37.0
2221,NOW Foods Elderberry Gummies,face masks and exfoliators,Body care,33.0
2222,NOW Foods Glucosamine Chondroitin,Body soaps and washes,Body care,23.0
2223,NOW Foods Iron Supplement,face masks and exfoliators,Body care,30.0
2224,NOW Foods Melatonin,"bath oils, bubbles and soaks",Body care,26.0
2225,NOW Foods Omega-3 Fish Oil,"bath oils, bubbles and soaks",Body care,46.0
2226,NOW Foods Prenatal Multivitamin,Nail care products,Body care,22.0
2227,NOW Foods Probiotics,hand creams,Body care,24.0
2228,NOW Foods Silver Multivitamin,"bath oils, bubbles and soaks",Body care,41.0
2229,NOW Foods Zinc Tablets,"bath oils, bubbles and soaks",Body care,22.0
2230,NYX Hot Singles Eyeshadow Bad Seed Cranberry Red,Nail care products,Body care,16.0
2231,NYX Hot Singles Eyeshadow Chandelier Warm Peach,"bath oils, bubbles and soaks",Body care,12.0
2232,NYX Hot Singles Eyeshadow Heat Soft Brown,face moisturizing products,Face care,15.0
2233,NYX Hot Singles Eyeshadow Sin Deep Brown,"bath oils, bubbles and soaks",Body care,16.0
2234,NYX Hot Singles Eyeshadow Stiletto Matte Red,Nail care products,Body care,15.0
2235,NYX Hot Singles Eyeshadow Whipped Cream Pure White,"bath oils, bubbles and soaks",Body care,20.0
2236,NYX Hot Singles Eyeshadow Wild Orchid Bright Purple,hand creams,Body care,12.0
2237,NYX Prismatic Shadow Bedroom Eyes Warm Brown,body moisturizers,Body care,19.0
2238,NYX Prismatic Shadow Blue Jeans Deep Blue,"bath oils, bubbles and soaks",Body care,14.0
2239,NYX Prismatic Shadow Fireball Copper,body moisturizers,Body care,9.0
2240,NYX Prismatic Shadow Frostbite White with Blue Shift,Body soaps and washes,Body care,8.0
2241,NYX Prismatic Shadow Golden Peach Warm Coral,hand creams,Body care,18.0
2242,NYX Prismatic Shadow Jaded Olive Green,"bath oils, bubbles and soaks",Body care,9.0
2243,NYX Prismatic Shadow Mermaid Iridescent Green,body moisturizers,Body care,20.0
2244,NYX Prismatic Shadow Punk Heart Deep Red Violet,"bath oils, bubbles and soaks",Body care,18.0
2245,NYX Prismatic Shadow Smoke & Mirrors Gunmetal Grey,fragrances,Home and Accessories,19.0
2246,NYX Slide On Glide On Pencil Azure Blue,"bath oils, bubbles and soaks",Body care,15.0
2247,NYX Slide On Glide On Pencil Esmeralda Green,body moisturizers,Body care,20.0
2248,NYX Slide On Glide On Pencil Glitzy Gold,"bath oils, bubbles and soaks",Body care,7.0
2249,NYX Slide On Glide On Pencil Golden Bronze,hair colors and toners,Hair care,15.0
2250,NYX Slide On Glide On Pencil Jet Black,body moisturizers,Body care,7.0
2251,NYX Slide On Glide On Pencil Jewel Purple,"bath oils, bubbles and soaks",Body care,11.0
2252,NYX Slide On Glide On Pencil Sunrise Blue,"bath oils, bubbles and soaks",Body care,16.0
2253,NYX Slide On Glide On Pencil Tropical Green,Body soaps and washes,Body care,9.0
2254,NYX Slide On Glide On Pencil Tropical Purple,hand creams,Body care,18.0
2255,NYX Ultimate Shadow Palette Ash Smokey Neutrals,"bath oils, bubbles and soaks",Body care,19.0
2256,NYX Ultimate Shadow Palette Brights Rainbow,"bath oils, bubbles and soaks",Body care,9.0
2257,NYX Ultimate Shadow Palette Cool Neutrals,"bath oils, bubbles and soaks",Body care,16.0
2258,NYX Ultimate Shadow Palette Escape Artist Warm & Cool Mix,"bath oils, bubbles and soaks",Body care,17.0
2259,NYX Ultimate Shadow Palette Marine Layer Blue & Green,"bath oils, bubbles and soaks",Body care,13.0
2260,NYX Ultimate Shadow Palette Phoenix Warm Orange,Body soaps and washes,Body care,6.0
2261,NYX Ultimate Shadow Palette Smokey & Highlight,Body soaps and washes,Body care,10.0
2262,NYX Ultimate Shadow Palette Warm Neutrals,"bath oils, bubbles and soaks",Body care,17.0
2263,Natura Bissé C+C Vitamin Bath Soak,"bath oils, bubbles and soaks",Body care,17.0
2264,Natura Bissé Diamond Well-Living Body Oil,body moisturizers,Body care,3.0
2265,Nature Made Calcium Gummies,hair colors and toners,Hair care,41.0
2266,Nature Made Collagen Peptides,"bath oils, bubbles and soaks",Body care,42.0
2267,Nature Made Iron Supplement,"bath oils, bubbles and soaks",Body care,40.0
2268,Nature Made Multivitamin for Women,Nail care products,Body care,23.0
2269,Nature Made Omega-3 Fish Oil,Body soaps and washes,Body care,20.0
2270,Nature Made Prenatal Multivitamin,body moisturizers,Body care,47.0
2271,Nature Made Probiotics,"bath oils, bubbles and soaks",Body care,21.0
2272,Nature Made Vitamin C,"bath oils, bubbles and soaks",Body care,36.0
2273,Nature Made Vitamin D3,Nail care products,Body care,48.0
2274,Nature's Bounty B-Complex,"bath oils, bubbles and soaks",Body care,44.0
2275,Nature's Bounty Biotin,body moisturizers,Body care,40.0
2276,Nature's Bounty Magnesium Citrate,"bath oils, bubbles and soaks",Body care,40.0
2277,Nature's Bounty Probiotics,"bath oils, bubbles and soaks",Body care,28.0
2278,Nature's Bounty Vitamin D3,Nail care products,Body care,38.0
2279,Neal's Yard Aromatic Bath Oil,"bath oils, bubbles and soaks",Body care,6.0
2280,Neal's Yard Bee Lovely Bath & Shower Gel,hand creams,Body care,17.0
2281,Neal's Yard Lavender Bath Salts,face masks and exfoliators,Body care,8.0
2282,Neal's Yard Remedies Aromatic Foaming Bath,"bath oils, bubbles and soaks",Body care,10.0
2283,Neal's Yard Remedies Seaweed & Arnica Foaming Bath,Body soaps and washes,Body care,10.0
2284,Neal's Yard Rosemary & Cedarwood Hair Treatment,"bath oils, bubbles and soaks",Body care,13.0
2285,Neom Organics Complete Bliss Bath Foam,"bath oils, bubbles and soaks",Body care,10.0
2286,Neom Organics Great Day Bath Foam,body moisturizers,Body care,3.0
2287,Neom Organics London Real Luxury Bath Foam,body moisturizers,Body care,12.0
2288,Neom Organics Tranquillity Bath Foam,body moisturizers,Body care,9.0
2289,Nest Lavender Vanilla Candle,face masks and exfoliators,Body care,16.0
2290,Nest Lime Basil & Mandarin Diffuser,body moisturizers,Body care,13.0
2291,Nest Mediterranean Fig Candle,"bath oils, bubbles and soaks",Body care,6.0
2292,Nest REPLICA Lazy Sunday Morning Candle,"bath oils, bubbles and soaks",Body care,15.0
2293,Nest Rustic Pumpkin Candle,"bath oils, bubbles and soaks",Body care,12.0
2294,Nest Santal 26 Candle,body moisturizers,Body care,10.0
2295,Nest Sea & Dune Diffuser,"bath oils, bubbles and soaks",Body care,9.0
2296,Neutrogena Ageless Intensives Anti-Wrinkle Deep Wrinkle Moisturizer SPF 20,body moisturizers,Body care,35.0
2297,Neutrogena Ageless Intensives Anti-Wrinkle Hand Cream,"bath oils, bubbles and soaks",Body care,40.0
2298,Neutrogena Ageless Intensives Deep Wrinkle Serum,hand creams,Body care,13.0
2299,Neutrogena Ageless Intensives Tone Correcting Moisture SPF 30,Nail care products,Body care,12.0
2300,Neutrogena Ageless Restoratives Anti-Oxidant Daily Moisturizer,Nail care products,Body care,46.0
2301,Neutrogena Anti-Aging Hand Cream,"bath oils, bubbles and soaks",Body care,40.0
2302,Neutrogena Anti-Wrinkle Deep Wrinkle Serum,"bath oils, bubbles and soaks",Body care,35.0
2303,Neutrogena Body Clear Body Wash,"bath oils, bubbles and soaks",Body care,11.0
2304,Neutrogena Body Oil,Body soaps and washes,Body care,30.0
2305,Neutrogena Body Oil Light Sesame Formula,"bath oils, bubbles and soaks",Body care,29.0
2306,Neutrogena Bright Boost Gel Cream,face masks and exfoliators,Body care,41.0
2307,Neutrogena Clear Face Liquid Lotion Sunscreen SPF 55,"bath oils, bubbles and soaks",Body care,31.0
2308,Neutrogena Clear Face Oil-Free Sunscreen SPF 50,Eye shadows and pencils,Make up,8.0
2309,Neutrogena Clear Pore Cleanser/Mask,face masks and exfoliators,Body care,11.0
2310,Neutrogena Deep Clean Facial Cleanser,Body soaps and washes,Body care,33.0
2311,Neutrogena Deep Moisture Body Lotion,body moisturizers,Body care,33.0
2312,Neutrogena Deep Moisture Night Cream,body moisturizers,Body care,10.0
2313,Neutrogena Fast Absorbing Hand Cream,"bath oils, bubbles and soaks",Body care,26.0
2314,Neutrogena Fragrance-Free Body Lotion,"bath oils, bubbles and soaks",Body care,33.0
2315,Neutrogena Fragrance-Free Hand Cream,body moisturizers,Body care,17.0
2316,Neutrogena Fragrance-Free Hand Cream with SPF,"bath oils, bubbles and soaks",Body care,19.0
2317,Neutrogena Healthy Defense Daily Moisturizer SPF 50,face masks and exfoliators,Body care,38.0
2318,Neutrogena Healthy Skin Anti-Wrinkle Cream SPF 15,body moisturizers,Body care,11.0
2319,Neutrogena Healthy Skin Anti-Wrinkle Cream with Retinol,vitamins and supplements,Body care,43.0
2320,Neutrogena Healthy Skin Face Lotion SPF 15,body moisturizers,Body care,42.0
2321,Neutrogena Healthy Skin Radiant Booster Primer & Serum,"bath oils, bubbles and soaks",Body care,48.0
2322,Neutrogena Hydro Boost Gel Cream,"bath oils, bubbles and soaks",Body care,13.0
2323,Neutrogena Hydro Boost Gel-Cream for Extra-Dry Skin,"bath oils, bubbles and soaks",Body care,22.0
2324,Neutrogena Hydro Boost Gel-Cream with Hyaluronic Acid,"bath oils, bubbles and soaks",Body care,47.0
2325,Neutrogena Hydro Boost Hand Gel Cream,body moisturizers,Body care,10.0
2326,Neutrogena Hydro Boost Hydrating 100% Hydrogel Mask,face masks and exfoliators,Body care,11.0
2327,Neutrogena Hydro Boost Water Gel,face masks and exfoliators,Body care,40.0
2328,Neutrogena Hydro Boost Water Gel SPF 30,face masks and exfoliators,Body care,18.0
2329,Neutrogena Moisturizing Hand Cream,"bath oils, bubbles and soaks",Body care,21.0
2330,Neutrogena Norwegian Formula Body Moisturizer,"bath oils, bubbles and soaks",Body care,19.0
2331,Neutrogena Norwegian Formula Fast Absorbing Hand Cream,body moisturizers,Body care,9.0
2332,Neutrogena Norwegian Formula Hand Cream,Nail care products,Body care,23.0
2333,Neutrogena Norwegian Formula Moisture Wrap Body Lotion,"bath oils, bubbles and soaks",Body care,46.0
2334,Neutrogena Oil-Free Acne Moisturizer Pink Grapefruit,hand creams,Body care,49.0
2335,Neutrogena Oil-Free Moisture Combination Skin,body moisturizers,Body care,26.0
2336,Neutrogena Oil-Free Moisturizer for Sensitive Skin,face masks and exfoliators,Body care,18.0
2337,Neutrogena On-the-Spot Moisturizer,"bath oils, bubbles and soaks",Body care,10.0
2338,Neutrogena Pore Refining Moisturizer,Nail care products,Body care,28.0
2339,Neutrogena Radiant Boost Body Lotion,"bath oils, bubbles and soaks",Body care,30.0
2340,Neutrogena Rainbath Refreshing Shower Gel,"bath oils, bubbles and soaks",Body care,3.0
2341,Neutrogena Rapid Clear Acne Defense Face Lotion,hand creams,Body care,41.0
2342,Neutrogena Rapid Clear Stubborn Acne Daily Leave-On Mask,body moisturizers,Body care,47.0
2343,Neutrogena Rapid Repair Hand Cream,Body soaps and washes,Body care,16.0
2344,Neutrogena Rapid Tone Repair Moisturizer SPF 30,body moisturizers,Body care,35.0
2345,Neutrogena Rapid Wrinkle Repair Body Lotion,body moisturizers,Body care,25.0
2346,Neutrogena Rapid Wrinkle Repair Night Moisturizer,"bath oils, bubbles and soaks",Body care,42.0
2347,Neutrogena Rapid Wrinkle Repair Regenerating Cream,hand creams,Body care,11.0
2348,Neutrogena Sheer Zinc Dry-Touch Sunscreen SPF 50,face moisturizing products,Face care,39.0
2349,Neutrogena Sheer Zinc Face Mineral Sunscreen SPF 50,"bath oils, bubbles and soaks",Body care,43.0
2350,Neutrogena Triple Age Repair Moisturizer,vitamins and supplements,Body care,42.0
2351,Neutrogena Triple Protect Face Lotion SPF 20,Body soaps and washes,Body care,39.0
2352,Neutrogena Ultra Gentle Body Wash,face masks and exfoliators,Body care,29.0
2353,Neutrogena Ultra Light Cleansing Oil,"bath oils, bubbles and soaks",Body care,17.0
2354,Neutrogena Ultra Sheer Body Mist Sunscreen,"bath oils, bubbles and soaks",Body care,26.0
2355,Neutrogena Ultra Sheer Dry-Touch Sunscreen SPF 100,"bath oils, bubbles and soaks",Body care,13.0
2356,Neutrogena Ultra Sheer Hand Cream,body moisturizers,Body care,23.0
2357,Neutrogena Visibly Even Daily Moisturizer SPF 30,face masks and exfoliators,Body care,50.0
2358,Neutrogena Visibly Firm Face Lotion SPF 20,"bath oils, bubbles and soaks",Body care,43.0
2359,New Chapter Collagen Peptides,"bath oils, bubbles and soaks",Body care,49.0
2360,New Chapter Magnesium Citrate,"bath oils, bubbles and soaks",Body care,20.0
2361,New Chapter Multivitamin for Women,Accessories,Home and Accessories,22.0
2362,New Chapter Probiotics,"bath oils, bubbles and soaks",Body care,21.0
2363,New Chapter Turmeric Curcumin,body moisturizers,Body care,41.0
2364,New Chapter Vitamin C,"bath oils, bubbles and soaks",Body care,37.0
2365,New Chapter Vitamin D3,"bath oils, bubbles and soaks",Body care,42.0
2366,New Chapter Zinc Tablets,"bath oils, bubbles and soaks",Body care,29.0
2367,Nivea 3-in-1 Repair Hand Cream,body moisturizers,Body care,12.0
2368,Nivea Care & Cucumber Shower Gel,Body soaps and washes,Body care,4.0
2369,Nivea Creme Sensitive Shower Cream,face moisturizing products,Face care,11.0
2370,Nivea Creme Soft Moisturizing Body Wash,body moisturizers,Body care,14.0
2371,Nivea Express Hydration Hand Cream,body moisturizers,Body care,30.0
2372,Nivea Frangipani & Oil Body Wash,body moisturizers,Body care,13.0
2373,Nivea Intense Healing Hand Cream,body moisturizers,Body care,25.0
2374,Nivea Moisturizing Body Wash with Almond Oil,body moisturizers,Body care,4.0
2375,Nivea Moisturizing Hand Cream,Body soaps and washes,Body care,17.0
2376,Nivea Moisturizing Sun-Kissed Radiance Shower Cream,Lipsticks,Make up,8.0
2377,Nivea Nourishing Care Body Wash,body moisturizers,Body care,11.0
2378,Nivea Nourishing Care Hand Cream,"bath oils, bubbles and soaks",Body care,25.0
2379,Nivea Pampering Oil with Monoi Oil & Almond Oil,"bath oils, bubbles and soaks",Body care,14.0
2380,Nivea Powerfruit Refreshing Shower Gel,"bath oils, bubbles and soaks",Body care,6.0
2381,Nivea Protect & Care Hand Cream,body moisturizers,Body care,36.0
2382,Nivea Q10 Anti-Age Hand Cream,vitamins and supplements,Body care,28.0
2383,Nivea Repair & Care Hand Cream,hand creams,Body care,36.0
2384,Nivea Repair & Protection Hand Cream,"bath oils, bubbles and soaks",Body care,26.0
2385,Nivea Silk Mousse Body Wash,body moisturizers,Body care,15.0
2386,Nivea Smooth Sensation Hand Cream,Nail care products,Body care,14.0
2387,Nordic Naturals B-Complex,"bath oils, bubbles and soaks",Body care,44.0
2388,Nordic Naturals CoQ10,body moisturizers,Body care,48.0
2389,Nordic Naturals Glucosamine Chondroitin,"bath oils, bubbles and soaks",Body care,31.0
2390,Nordic Naturals Iron Supplement,"bath oils, bubbles and soaks",Body care,41.0
2391,Nordic Naturals Magnesium Citrate,Body soaps and washes,Body care,32.0
2392,Nordic Naturals Turmeric Curcumin,"bath oils, bubbles and soaks",Body care,41.0
2393,Nordic Naturals Vitamin C,hair colors and toners,Hair care,30.0
2394,Nordic Naturals Zinc Tablets,"bath oils, bubbles and soaks",Body care,34.0
2395,O'Keeffe's Cooling Relief Hand Cream,"bath oils, bubbles and soaks",Body care,31.0
2396,O'Keeffe's Hand Cream with Aloe,Body soaps and washes,Body care,31.0
2397,O'Keeffe's Night Treatment Hand Cream,"bath oils, bubbles and soaks",Body care,25.0
2398,O'Keeffe's Working Hands Hand Cream,Nail care products,Body care,11.0
2399,O'Keeffe's Working Hands Hand Cream Unscented,"bath oils, bubbles and soaks",Body care,20.0
2400,O'Keeffe's Working Hands Hand Cream Value Pack,"bath oils, bubbles and soaks",Body care,35.0
2401,O'Keeffe's Working Hands Hand Cream for Extreme Dryness,"bath oils, bubbles and soaks",Body care,11.0
2402,O'Keeffe's Working Hands Hand Cream with Pump,"bath oils, bubbles and soaks",Body care,10.0
2403,O'Keeffe's Working Hands Night Treatment,body moisturizers,Body care,26.0
2404,OGX Anti-Breakage Keratin Oil Conditioner,"bath oils, bubbles and soaks",Body care,22.0
2405,OGX Anti-Breakage Keratin Oil Shampoo,"bath oils, bubbles and soaks",Body care,35.0
2406,OGX Ever Straightening + Brazilian Keratin Therapy Conditioner,Body soaps and washes,Body care,34.0
2407,OGX Ever Straightening + Brazilian Keratin Therapy Shampoo,body moisturizers,Body care,12.0
2408,OGX Gravity-Defying & Hydration + O2 Conditioner,vitamins and supplements,Body care,27.0
2409,OGX Gravity-Defying & Hydration + O2 Shampoo,"bath oils, bubbles and soaks",Body care,27.0
2410,OGX Healing + Vitamin E Conditioner,body moisturizers,Body care,8.0
2411,OGX Healing + Vitamin E Shampoo,"bath oils, bubbles and soaks",Body care,27.0
2412,OGX Hydrate & Repair Argan Oil of Morocco Conditioner,"bath oils, bubbles and soaks",Body care,4.0
2413,OGX Hydrate & Repair Argan Oil of Morocco Shampoo,Body soaps and washes,Body care,20.0
2414,OGX Hydrating Macadamia Oil Shampoo,Nail care products,Body care,25.0
2415,OGX Kukui Oil Conditioner,Nail care products,Body care,22.0
2416,OGX Kukui Oil Shampoo,Nail care products,Body care,19.0
2417,OGX Nourishing Coconut Milk Conditioner,"bath oils, bubbles and soaks",Body care,32.0
2418,OGX Nourishing Coconut Milk Shampoo,"bath oils, bubbles and soaks",Body care,34.0
2419,OGX Quenching + Coconut Curls Conditioner,"bath oils, bubbles and soaks",Body care,26.0
2420,OGX Quenching + Coconut Curls Shampoo,"bath oils, bubbles and soaks",Body care,39.0
2421,OGX Renewing Argan Oil of Morocco Conditioner,Nail care products,Body care,6.0
2422,OGX Renewing Argan Oil of Morocco Shampoo,"bath oils, bubbles and soaks",Body care,8.0
2423,OGX Smoothing + Shea Sleek Conditioner,body moisturizers,Body care,26.0
2424,OGX Smoothing + Shea Sleek Shampoo,"bath oils, bubbles and soaks",Body care,28.0
2425,OGX Thick & Full Biotin & Collagen Conditioner,body moisturizers,Body care,18.0
2426,OGX Thick & Full Biotin & Collagen Shampoo,"bath oils, bubbles and soaks",Body care,18.0
2427,OPI Nail Lacquer A Good Man-darin is Hard to Find Orange,Body soaps and washes,Body care,9.0
2428,OPI Nail Lacquer Alpine Snow Pure White,hand creams,Body care,11.0
2429,OPI Nail Lacquer Aurora Berry-alis Berry Pink,face moisturizing products,Face care,9.0
2430,OPI Nail Lacquer Big Apple Red,Body soaps and washes,Body care,11.0
2431,OPI Nail Lacquer Black Onyx Jet Black,vitamins and supplements,Body care,5.0
2432,OPI Nail Lacquer Bubble Bath Pale Pink,"bath oils, bubbles and soaks",Body care,5.0
2433,OPI Nail Lacquer Cajun Shrimp Coral Red,Body soaps and washes,Body care,4.0
2434,OPI Nail Lacquer Do You Lilac It? Light Purple,Body soaps and washes,Body care,11.0
2435,OPI Nail Lacquer Dutch Tulips Bright Red,Nail care products,Body care,9.0
2436,OPI Nail Lacquer Funny Bunny Sheer White,face masks and exfoliators,Body care,9.0
2437,OPI Nail Lacquer Gelato on My Mind Mint Blue,face masks and exfoliators,Body care,10.0
2438,OPI Nail Lacquer Got the Blues for Red Deep Burgundy,hand creams,Body care,8.0
2439,OPI Nail Lacquer Hot & Spicy Fiery Coral,face masks and exfoliators,Body care,8.0
2440,OPI Nail Lacquer I'm Not Really a Waitress Ruby Red,"bath oils, bubbles and soaks",Body care,10.0
2441,OPI Nail Lacquer I'm Sooo Swamped! Bright Green,vitamins and supplements,Body care,11.0
2442,OPI Nail Lacquer Kyoto Pearl Shimmery White,face masks and exfoliators,Body care,9.0
2443,OPI Nail Lacquer Lincoln Park After Dark Deep Purple,shampoos and conditioners,Hair care,3.0
2444,OPI Nail Lacquer Lisbon Wants Moor OPI Soft Pink,"bath oils, bubbles and soaks",Body care,3.0
2445,OPI Nail Lacquer Malaga Wine Deep Red,"bath oils, bubbles and soaks",Body care,4.0
2446,OPI Nail Lacquer Mod About You Baby Pink,body moisturizers,Body care,8.0
2447,OPI Nail Lacquer My Chihuahua Bites Hot Red,body moisturizers,Body care,10.0
2448,OPI Nail Lacquer My Dogsled is a Hybrid Seafoam Green,hand creams,Body care,11.0
2449,OPI Nail Lacquer My Private Jet Charcoal with Glitter,Nail care products,Body care,8.0
2450,OPI Nail Lacquer Pink Flamenco Bright Pink,face masks and exfoliators,Body care,7.0
2451,OPI Nail Lacquer Russian Navy Midnight Blue,body moisturizers,Body care,10.0
2452,OPI Nail Lacquer Samoan Sand Sandy Beige,Nail care products,Body care,7.0
2453,OPI Nail Lacquer Suzi Needs a Loch-Smith Orange Rust,face masks and exfoliators,Body care,4.0
2454,OPI Nail Lacquer Taupe-less Beach Cool Taupe,Body soaps and washes,Body care,9.0
2455,OPI Nail Lacquer This Color's Making Waves Shimmery Teal,face masks and exfoliators,Body care,5.0
2456,OPI Nail Lacquer Tickle My France-y Nude Pink,body moisturizers,Body care,3.0
2457,Olay Active Hydrating Beauty Fluid Lotion,"bath oils, bubbles and soaks",Body care,26.0
2458,Olay Active Hydrating Cream,Nail care products,Body care,25.0
2459,Olay Age Defying Anti-Wrinkle Day Lotion SPF 15,"bath oils, bubbles and soaks",Body care,49.0
2460,Olay Age Defying Body Lotion,"bath oils, bubbles and soaks",Body care,16.0
2461,Olay Age Defying Body Wash,"bath oils, bubbles and soaks",Body care,6.0
2462,Olay Age Defying Classic Night Cream,"bath oils, bubbles and soaks",Body care,42.0
2463,Olay Cleansing & Renewing Nighttime Body Wash,body moisturizers,Body care,16.0
2464,Olay Complete Ageless Skin Renewing UV Lotion SPF 20,body moisturizers,Body care,45.0
2465,Olay Complete All Day Moisturizer SPF 15,body moisturizers,Body care,43.0
2466,Olay Complete All Day UV Moisturizer SPF 15,body moisturizers,Body care,26.0
2467,Olay Complete Defense All Day Moisturizer SPF 30,body moisturizers,Body care,46.0
2468,Olay Complete Lightweight 3-in-1 SPF 30 Moisturizer,face moisturizing products,Face care,49.0
2469,Olay Complete Night Fortifying Moisturizer,face masks and exfoliators,Body care,12.0
2470,Olay Complete Sensitive Skin All Day Moisturizer SPF 15,hair colors and toners,Hair care,8.0
2471,Olay Complete Sensitive Skin All Day Moisturizer SPF 30,"bath oils, bubbles and soaks",Body care,47.0
2472,Olay Complete UV365 Daily Moisturizer SPF 15,Body soaps and washes,Body care,38.0
2473,Olay Complete UV365 Daily Moisturizer SPF 30,"bath oils, bubbles and soaks",Body care,35.0
2474,Olay Cooling White Strawberry & Mint Body Wash,body moisturizers,Body care,5.0
2475,Olay Daily Exfoliating Body Lotion,body moisturizers,Body care,34.0
2476,Olay Daily Exfoliating with Sea Salts Body Wash,"bath oils, bubbles and soaks",Body care,9.0
2477,Olay Firming Body Lotion with Vitamin E,body moisturizers,Body care,20.0
2478,Olay Fresh Effects Dew Over Hydrating Gel Moisturizer,Body soaps and washes,Body care,28.0
2479,Olay Fresh Effects Long Live Moisture Satin Finish Lotion,Body soaps and washes,Body care,46.0
2480,Olay Fresh Outlast Birch Water & Lavender Body Wash,face masks and exfoliators,Body care,15.0
2481,Olay Fresh Outlast Body Lotion,body moisturizers,Body care,25.0
2482,Olay Fresh Outlast Cooling White Strawberry & Mint Body Wash,"bath oils, bubbles and soaks",Body care,9.0
2483,Olay Fresh Outlast Sparkling Yuzu & Passionflower Body Wash,"bath oils, bubbles and soaks",Body care,8.0
2484,Olay Glow Boost White Charcoal Clay Mask,"bath oils, bubbles and soaks",Body care,20.0
2485,Olay Luminous Overnight Mask Gel Moisturizer,"bath oils, bubbles and soaks",Body care,10.0
2486,Olay Luminous Tone Perfecting Cream,"bath oils, bubbles and soaks",Body care,23.0
2487,Olay Luminous Tone Perfecting Cream Moisturizer,Body soaps and washes,Body care,16.0
2488,Olay Luminous Whip Face Moisturizer SPF 25,body moisturizers,Body care,40.0
2489,Olay Moisture Ribbons Plus Body Wash,"bath oils, bubbles and soaks",Body care,16.0
2490,Olay Pore Detox Black Charcoal Clay Mask,"bath oils, bubbles and soaks",Body care,8.0
2491,Olay Quench Body Lotion,Nail care products,Body care,15.0
2492,Olay Quench Plus Firming Body Lotion,Nail care products,Body care,14.0
2493,Olay Regenerist Advanced Anti-Aging Moisturizer,"bath oils, bubbles and soaks",Body care,10.0
2494,Olay Regenerist Collagen Peptide 24 Face Moisturizer,"bath oils, bubbles and soaks",Body care,49.0
2495,Olay Regenerist Detoxifying Pore Scrub Cleanser,hand creams,Body care,10.0
2496,Olay Regenerist Luminous Tone Perfecting Cream,Nail care products,Body care,11.0
2497,Olay Regenerist Micro-Sculpting Cream,brushes and applicators,Home and Accessories,37.0
2498,Olay Regenerist Micro-Sculpting Cream Fragrance-Free,Body soaps and washes,Body care,43.0
2499,Olay Regenerist Miracle Boost Concentrate,"bath oils, bubbles and soaks",Body care,25.0
2500,Olay Regenerist Night Recovery Cream,"bath oils, bubbles and soaks",Body care,26.0
2501,Olay Regenerist Retinol 24 Night Moisturizer,face masks and exfoliators,Body care,16.0
2502,Olay Regenerist Ultra Rich Hydrating Moisturizer,Nail care products,Body care,19.0
2503,Olay Regenerist Whip Face Moisturizer,Body soaps and washes,Body care,44.0
2504,Olay Regenerist Whip Face Moisturizer SPF 25,"bath oils, bubbles and soaks",Body care,12.0
2505,Olay Regenerist Whip Moisturizer SPF 25,face moisturizing products,Face care,39.0
2506,Olay Silky Berry Body Lotion,body moisturizers,Body care,34.0
2507,Olay Smooth Finish Body Lotion,Body soaps and washes,Body care,12.0
2508,Olay Total Effects 7-in-1 Anti-Aging Body Lotion,body moisturizers,Body care,21.0
2509,Olay Total Effects 7-in-1 Anti-Aging Moisturizer SPF 30,hand creams,Body care,9.0
2510,Olay Total Effects 7-in-1 Face Moisturizer SPF 15,Eye shadows and pencils,Make up,9.0
2511,Olay Total Effects 7-in-1 Moisturizer SPF 30,"bath oils, bubbles and soaks",Body care,29.0
2512,Olay Total Effects Anti-Aging Night Firming Cream,body moisturizers,Body care,13.0
2513,Olay Total Effects Whip Face Moisturizer SPF 25,body moisturizers,Body care,37.0
2514,Olay Ultra Moisture Body Lotion,face masks and exfoliators,Body care,15.0
2515,Olay Ultra Moisture Body Wash,"bath oils, bubbles and soaks",Body care,15.0
2516,Olay Ultra Moisture Shea Butter Body Wash,body moisturizers,Body care,11.0
2517,Olay Whip Ultra Hydration Body Lotion,"bath oils, bubbles and soaks",Body care,10.0
2518,Old Spice Bearglove Body Wash,Accessories,Home and Accessories,10.0
2519,Old Spice Denali Body Wash,face moisturizing products,Face care,11.0
2520,Old Spice Fiji Body Wash,Nail care products,Body care,8.0
2521,Old Spice High Endurance Body Wash,"bath oils, bubbles and soaks",Body care,11.0
2522,Old Spice Krakengard Body Wash,Body soaps and washes,Body care,3.0
2523,Old Spice Pure Sport Body Wash,body moisturizers,Body care,6.0
2524,Old Spice Swagger Body Wash,body moisturizers,Body care,6.0
2525,Old Spice Timber with Sandalwood Body Wash,body moisturizers,Body care,6.0
2526,Old Spice Wolfthorn Body Wash,Accessories,Home and Accessories,12.0
2527,Ole Henriksen Cold Plunge Pore Mask,body moisturizers,Body care,12.0
2528,Ole Henriksen PHAT Glow Facial Mask,"bath oils, bubbles and soaks",Body care,11.0
2529,One A Day Biotin,"bath oils, bubbles and soaks",Body care,26.0
2530,One A Day Calcium Gummies,"bath oils, bubbles and soaks",Body care,28.0
2531,One A Day Elderberry Gummies,"bath oils, bubbles and soaks",Body care,42.0
2532,One A Day Glucosamine Chondroitin,hand creams,Body care,48.0
2533,One A Day Gold Standard Whey,body moisturizers,Body care,29.0
2534,One A Day Multivitamin for Women,hand creams,Body care,47.0
2535,One A Day Omega-3 Fish Oil,Body soaps and washes,Body care,37.0
2536,One A Day Probiotics,body moisturizers,Body care,31.0
2537,One A Day Turmeric Curcumin,"bath oils, bubbles and soaks",Body care,36.0
2538,One A Day Vitamin D3,face masks and exfoliators,Body care,38.0
2539,One A Day Zinc Tablets,"bath oils, bubbles and soaks",Body care,30.0
2540,Optimum Nutrition Biotin,hand creams,Body care,46.0
2541,Optimum Nutrition Calcium Gummies,"bath oils, bubbles and soaks",Body care,48.0
2542,Optimum Nutrition Collagen Peptides,Body soaps and washes,Body care,48.0
2543,Optimum Nutrition Iron Supplement,vitamins and supplements,Body care,34.0
2544,Optimum Nutrition Magnesium Citrate,Nail care products,Body care,33.0
2545,Optimum Nutrition Melatonin,"bath oils, bubbles and soaks",Body care,22.0
2546,Optimum Nutrition Multivitamin for Women,Nail care products,Body care,25.0
2547,Optimum Nutrition Prenatal Multivitamin,body moisturizers,Body care,47.0
2548,Optimum Nutrition Probiotics,"bath oils, bubbles and soaks",Body care,49.0
2549,Optimum Nutrition Turmeric Curcumin,"bath oils, bubbles and soaks",Body care,23.0
2550,Optimum Nutrition Vitamin D3,body moisturizers,Body care,48.0
2551,Origins Calm To Your Senses Lavender and Vanilla Body Souffle,body moisturizers,Body care,17.0
2552,Origins Clear Improvement Active Charcoal Mask,body moisturizers,Body care,20.0
2553,Origins Drink Up 10 Minute Hydrating Mask,body moisturizers,Body care,16.0
2554,Origins Drink Up Intensive Overnight Mask,"bath oils, bubbles and soaks",Body care,9.0
2555,Origins GinZing Peel-Off Mask,body moisturizers,Body care,17.0
2556,Origins Ginger Float Cream Bubble Bath,Body soaps and washes,Body care,4.0
2557,Origins Mega-Mushroom Skin Relief Face Mask,"bath oils, bubbles and soaks",Body care,18.0
2558,Origins Modern Friction Nature's Gentle Dermabrasion,"bath oils, bubbles and soaks",Body care,9.0
2559,Origins Original Skin Retexturizing Mask with Rose Clay,body moisturizers,Body care,17.0
2560,Origins Out of Trouble 10 Minute Mask,"bath oils, bubbles and soaks",Body care,8.0
2561,Origins Plantscription Powerful Lifting Overnight Mask,face masks and exfoliators,Body care,19.0
2562,Origins Retexturizing Mask with Rose Clay,face masks and exfoliators,Body care,20.0
2563,Orly Nail Lacquer Basket Case Hot Pink,Body soaps and washes,Body care,4.0
2564,Orly Nail Lacquer Beach Cruiser Neon Pink,"bath oils, bubbles and soaks",Body care,3.0
2565,Orly Nail Lacquer Blue Belle Shimmering Cobalt,"bath oils, bubbles and soaks",Body care,6.0
2566,Orly Nail Lacquer Buried Treasure Gold with Pink Shimmer,Nail care products,Body care,6.0
2567,Orly Nail Lacquer Confetti Light Pink with Glitter,face masks and exfoliators,Body care,8.0
2568,Orly Nail Lacquer Country Club Khaki Cool Beige,Nail care products,Body care,4.0
2569,Orly Nail Lacquer Dazzle Metallic Silver,vitamins and supplements,Body care,3.0
2570,Orly Nail Lacquer Fancy Fuchsia Bright Fuchsia,"bath oils, bubbles and soaks",Body care,8.0
2571,Orly Nail Lacquer Fowl Play Dark Plum with Flakes,Nail care products,Body care,9.0
2572,Orly Nail Lacquer Frisky Bright Turquoise,Body soaps and washes,Body care,8.0
2573,Orly Nail Lacquer Glitz & Glamour Gold Shimmer,Body soaps and washes,Body care,10.0
2574,Orly Nail Lacquer Gumdrop Mint Green,"bath oils, bubbles and soaks",Body care,10.0
2575,Orly Nail Lacquer Halo Silver with Holographic Glitter,"bath oils, bubbles and soaks",Body care,4.0
2576,Orly Nail Lacquer Ingenue Mauve with Gold Shimmer,face masks and exfoliators,Body care,8.0
2577,Orly Nail Lacquer Kiss the Bride Pale Pink,brushes and applicators,Home and Accessories,5.0
2578,Orly Nail Lacquer Lemonade Soft Yellow,face masks and exfoliators,Body care,8.0
2579,Orly Nail Lacquer Lift the Veil Soft Pink,"bath oils, bubbles and soaks",Body care,9.0
2580,Orly Nail Lacquer Liquid Vinyl Glossy Black,"bath oils, bubbles and soaks",Body care,3.0
2581,Orly Nail Lacquer Luxe Gold Foil,"bath oils, bubbles and soaks",Body care,3.0
2582,Orly Nail Lacquer Mint Mojito Light Mint Green,face masks and exfoliators,Body care,4.0
2583,Orly Nail Lacquer Mirror Mirror Cool Gray,"bath oils, bubbles and soaks",Body care,3.0
2584,Orly Nail Lacquer Passion Fruit Neon Coral,hair colors and toners,Hair care,9.0
2585,Orly Nail Lacquer Pink Chocolate Soft Brownish Pink,"bath oils, bubbles and soaks",Body care,4.0
2586,Orly Nail Lacquer Purple Crush Bright Purple,body moisturizers,Body care,11.0
2587,Orly Nail Lacquer Rage Rose Gold Metallic,Body soaps and washes,Body care,9.0
2588,Orly Nail Lacquer Shine On Crazy Diamond Holographic Glitter,hand creams,Body care,11.0
2589,Orly Nail Lacquer Skinny Dip Electric Blue,"bath oils, bubbles and soaks",Body care,6.0
2590,Orly Nail Lacquer Snowcone Soft Blue,"bath oils, bubbles and soaks",Body care,7.0
2591,Orly Nail Lacquer Star Spangled Bright Red with Glitter,Nail care products,Body care,11.0
2592,Orly Nail Lacquer White Tips Pure White,body moisturizers,Body care,10.0
2593,Paddywax French Cade Lavender Candle,body moisturizers,Body care,15.0
2594,Paddywax Garden Mint Candle,hand creams,Body care,6.0
2595,Paddywax Lavender Vanilla Candle,"bath oils, bubbles and soaks",Body care,17.0
2596,Paddywax Russian Leather Candle,"bath oils, bubbles and soaks",Body care,6.0
2597,Paddywax Rustic Pumpkin Candle,shampoos and conditioners,Hair care,15.0
2598,Paddywax Santal 26 Candle,"bath oils, bubbles and soaks",Body care,13.0
2599,Palmer's Anti-Aging Smoothing Lotion,"bath oils, bubbles and soaks",Body care,20.0
2600,Palmer's Cocoa Butter Formula,face masks and exfoliators,Body care,22.0
2601,Palmer's Cocoa Butter Formula Hand Cream,body moisturizers,Body care,15.0
2602,Palmer's Cocoa Butter Formula Hand Cream with SPF,"bath oils, bubbles and soaks",Body care,26.0
2603,Palmer's Cocoa Butter Formula Intensive Relief Hand Cream,body moisturizers,Body care,15.0
2604,Palmer's Cocoa Butter Formula with Vitamin E,Nail care products,Body care,9.0
2605,Palmer's Coconut Oil Formula Hand Cream,face masks and exfoliators,Body care,21.0
2606,Palmer's Coconut Oil Formula Lotion,body moisturizers,Body care,12.0
2607,Palmer's Coconut Oil Hand Cream,"bath oils, bubbles and soaks",Body care,37.0
2608,Palmer's Firming Butter,"bath oils, bubbles and soaks",Body care,9.0
2609,Palmer's Massage Lotion for Stretch Marks,body moisturizers,Body care,27.0
2610,Palmer's Moisturizing Body Oil,"bath oils, bubbles and soaks",Body care,26.0
2611,Palmer's Natural Bronze Gradual Tanning Moisturizer,"bath oils, bubbles and soaks",Body care,8.0
2612,Palmer's Olive Butter Formula,"bath oils, bubbles and soaks",Body care,33.0
2613,Palmer's Olive Oil Formula Hand Cream,Nail care products,Body care,29.0
2614,Palmer's Olive Oil Hand Cream,"bath oils, bubbles and soaks",Body care,36.0
2615,Palmer's Shea Butter Formula Hand Cream,"bath oils, bubbles and soaks",Body care,23.0
2616,Palmer's Skin Therapy Oil,"bath oils, bubbles and soaks",Body care,19.0
2617,Palmer's Stretch Mark Lotion,"bath oils, bubbles and soaks",Body care,8.0
2618,Palmer's Vitamin E Body Butter,"bath oils, bubbles and soaks",Body care,25.0
2619,Palmer's Vitamin E Hand Cream,"bath oils, bubbles and soaks",Body care,21.0
2620,Pantene Pro-V Blends Charcoal Purifying Root Wash Conditioner,body moisturizers,Body care,13.0
2621,Pantene Pro-V Blends Charcoal Purifying Root Wash Shampoo,"bath oils, bubbles and soaks",Body care,18.0
2622,Pantene Pro-V Blends Micellar Gentle Conditioner,Nail care products,Body care,9.0
2623,Pantene Pro-V Blends Micellar Gentle Shampoo,face masks and exfoliators,Body care,36.0
2624,Pantene Pro-V Curl Perfection Conditioner,"bath oils, bubbles and soaks",Body care,21.0
2625,Pantene Pro-V Curl Perfection Shampoo,"bath oils, bubbles and soaks",Body care,19.0
2626,Pantene Pro-V Daily Moisture Renewal 3 Minute Miracle Conditioner,"bath oils, bubbles and soaks",Body care,28.0
2627,Pantene Pro-V Daily Moisture Renewal Conditioner,"bath oils, bubbles and soaks",Body care,31.0
2628,Pantene Pro-V Daily Moisture Renewal Shampoo,Body soaps and washes,Body care,23.0
2629,Pantene Pro-V Gold Series Moisture Boost Conditioner,"bath oils, bubbles and soaks",Body care,38.0
2630,Pantene Pro-V Gold Series Moisture Boost Shampoo,"bath oils, bubbles and soaks",Body care,11.0
2631,Pantene Pro-V Nature Fusion Smoothing Conditioner,Nail care products,Body care,36.0
2632,Pantene Pro-V Nature Fusion Smoothing Shampoo,vitamins and supplements,Body care,20.0
2633,Pantene Pro-V Repair & Protect Conditioner,face masks and exfoliators,Body care,33.0
2634,Pantene Pro-V Repair & Protect Shampoo,"bath oils, bubbles and soaks",Body care,18.0
2635,Pantene Pro-V Sheer Volume Conditioner,shampoos and conditioners,Hair care,15.0
2636,Pantene Pro-V Sheer Volume Shampoo,"bath oils, bubbles and soaks",Body care,35.0
2637,Pantene Pro-V Smooth & Sleek Conditioner,"bath oils, bubbles and soaks",Body care,22.0
2638,Pantene Pro-V Smooth & Sleek Shampoo,face masks and exfoliators,Body care,27.0
2639,Pantene Pro-V Truly Natural Co-Wash Cleansing Conditioner,"bath oils, bubbles and soaks",Body care,25.0
2640,Pantene Pro-V Truly Relaxed Hair Lightweight Conditioner,"bath oils, bubbles and soaks",Body care,5.0
2641,Pantene Pro-V Truly Relaxed Hair Lightweight Shampoo,brushes and applicators,Home and Accessories,17.0
2642,Passion Flower & Rice Milk Conditioner,"bath oils, bubbles and soaks",Body care,39.0
2643,Passion Flower & Rice Milk Shampoo,"bath oils, bubbles and soaks",Body care,39.0
2644,Pat McGrath Labs LuxeTrance 35mm,body moisturizers,Body care,20.0
2645,Pat McGrath Labs LuxeTrance Donatella,Nail care products,Body care,17.0
2646,Pat McGrath Labs LuxeTrance Lady Stardust,Nail care products,Body care,17.0
2647,Pat McGrath Labs LuxeTrance Realness,hand creams,Body care,18.0
2648,Pat McGrath Labs LuxeTrance Tropicalia,Nail care products,Body care,11.0
2649,Pat McGrath Labs MatteTrance Antidote,body moisturizers,Body care,10.0
2650,Pat McGrath Labs MatteTrance Elson Red,"bath oils, bubbles and soaks",Body care,7.0
2651,Pat McGrath Labs MatteTrance Flesh 3,Body soaps and washes,Body care,19.0
2652,Pat McGrath Labs MatteTrance Guinevere,face masks and exfoliators,Body care,20.0
2653,Pat McGrath Labs MatteTrance Omi Nude,"bath oils, bubbles and soaks",Body care,11.0
2654,Peter Thomas Roth 24K Gold Mask,face masks and exfoliators,Body care,15.0
2655,Peter Thomas Roth Cucumber Gel Mask,"bath oils, bubbles and soaks",Body care,20.0
2656,Peter Thomas Roth Irish Moor Mud Mask,"bath oils, bubbles and soaks",Body care,19.0
2657,Peter Thomas Roth Max Complexion Correction Pads,"bath oils, bubbles and soaks",Body care,9.0
2658,Peter Thomas Roth Pumpkin Enzyme Mask,Body soaps and washes,Body care,17.0
2659,Peter Thomas Roth Rose Stem Cell Bio-Repair Gel Mask,"bath oils, bubbles and soaks",Body care,10.0
2660,Peter Thomas Roth Un-Wrinkle Peel Pads,"bath oils, bubbles and soaks",Body care,20.0
2661,Peter Thomas Roth Water Drench Hyaluronic Cloud Hydra-Gel Eye Patches,body moisturizers,Body care,17.0
2662,Philosophy Purity Made Simple Pore Extractor Exfoliating Clay Mask,hand creams,Body care,15.0
2663,Prada 1 Million,hand creams,Body care,62.0
2664,Prada Bleu de Chanel,Nail care products,Body care,43.0
2665,Prada Chance,"bath oils, bubbles and soaks",Body care,103.0
2666,Prada Coco Mademoiselle,face masks and exfoliators,Body care,83.0
2667,Prada Code,Body soaps and washes,Body care,106.0
2668,Prada Flowerbomb,Body soaps and washes,Body care,50.0
2669,Prada Gentleman,"bath oils, bubbles and soaks",Body care,54.0
2670,Prada Good Girl,hand creams,Body care,42.0
2671,Prada L'Homme,vitamins and supplements,Body care,49.0
2672,Prada Light Blue,face masks and exfoliators,Body care,114.0
2673,Prada Man in Black,body moisturizers,Body care,101.0
2674,Prada Terre d'Hermès,shampoos and conditioners,Hair care,97.0
2675,Prada The One,vitamins and supplements,Body care,58.0
2676,Pure Encapsulations Biotin,Accessories,Home and Accessories,34.0
2677,Pure Encapsulations Calcium Gummies,Body soaps and washes,Body care,22.0
2678,Pure Encapsulations Gold Standard Whey,"bath oils, bubbles and soaks",Body care,50.0
2679,Pure Encapsulations Melatonin,"bath oils, bubbles and soaks",Body care,44.0
2680,Pure Encapsulations Omega-3 Fish Oil,"bath oils, bubbles and soaks",Body care,25.0
2681,Pure Encapsulations Prenatal Multivitamin,body moisturizers,Body care,24.0
2682,Pure Encapsulations Silver Multivitamin,body moisturizers,Body care,37.0
2683,Pure Encapsulations Vitamin C,face masks and exfoliators,Body care,37.0
2684,Pure Encapsulations Vitamin D3,body moisturizers,Body care,43.0
2685,Pure Encapsulations Zinc Tablets,"bath oils, bubbles and soaks",Body care,21.0
2686,REN Atlantic Kelp And Microalgae Anti-Fatigue Bath Oil,Body soaps and washes,Body care,12.0
2687,REN Clean Skincare Moroccan Rose Otto Bath Oil,"bath oils, bubbles and soaks",Body care,3.0
2688,Rainbow Light Calcium Gummies,face masks and exfoliators,Body care,48.0
2689,Rainbow Light CoQ10,vitamins and supplements,Body care,42.0
2690,Rainbow Light Glucosamine Chondroitin,"bath oils, bubbles and soaks",Body care,23.0
2691,Rainbow Light Iron Supplement,"bath oils, bubbles and soaks",Body care,22.0
2692,Rainbow Light Magnesium Citrate,"bath oils, bubbles and soaks",Body care,30.0
2693,Rainbow Light Melatonin,"bath oils, bubbles and soaks",Body care,41.0
2694,Rainbow Light Multivitamin for Women,hand creams,Body care,47.0
2695,Rainbow Light Omega-3 Fish Oil,body moisturizers,Body care,43.0
2696,Rainbow Light Prenatal Multivitamin,face masks and exfoliators,Body care,29.0
2697,Rainbow Light Probiotics,Body soaps and washes,Body care,41.0
2698,Rainbow Light Silver Multivitamin,"bath oils, bubbles and soaks",Body care,32.0
2699,Rainbow Light Vitamin C,body moisturizers,Body care,31.0
2700,Rainbow Light Zinc Tablets,face masks and exfoliators,Body care,47.0
2701,Ralph Lauren Acqua di Giò,hand creams,Body care,93.0
2702,Ralph Lauren Coco Mademoiselle,body moisturizers,Body care,103.0
2703,Ralph Lauren Legend,"bath oils, bubbles and soaks",Body care,101.0
2704,Ralph Lauren Love Story,Nail care products,Body care,120.0
2705,Ralph Lauren Man in Black,hand creams,Body care,46.0
2706,Real Techniques Blush Brush,Body soaps and washes,Body care,3.0
2707,Real Techniques Buffing Brush,vitamins and supplements,Body care,2.0
2708,Real Techniques Contour Brush,"bath oils, bubbles and soaks",Body care,9.0
2709,Real Techniques Detailer Brush,body moisturizers,Body care,2.0
2710,Real Techniques Expert Face Brush,body moisturizers,Body care,2.0
2711,Real Techniques Face + Body Blender Brush,body moisturizers,Body care,3.0
2712,Real Techniques Miracle Complexion Sponge,hair colors and toners,Hair care,10.0
2713,Real Techniques Miracle Complexion Sponge with Travel Case,"bath oils, bubbles and soaks",Body care,4.0
2714,Real Techniques Miracle Finish Sponge,"bath oils, bubbles and soaks",Body care,4.0
2715,Real Techniques Miracle Mini Eraser Sponges,"bath oils, bubbles and soaks",Body care,9.0
2716,Real Techniques Miracle Powder Sponge,face masks and exfoliators,Body care,2.0
2717,Real Techniques Miracle Remedy Sponge,"bath oils, bubbles and soaks",Body care,2.0
2718,Real Techniques Miracle Sculpting Sponge,hand creams,Body care,12.0
2719,Real Techniques Pointed Foundation Brush,"bath oils, bubbles and soaks",Body care,3.0
2720,Real Techniques Powder Brush,"bath oils, bubbles and soaks",Body care,6.0
2721,Real Techniques Retractable Kabuki Brush,"bath oils, bubbles and soaks",Body care,7.0
2722,Real Techniques Retractable Lip Brush,"bath oils, bubbles and soaks",Body care,8.0
2723,Real Techniques Sculpting Brush,"bath oils, bubbles and soaks",Body care,4.0
2724,Real Techniques Setting Brush,"bath oils, bubbles and soaks",Body care,3.0
2725,Real Techniques Shading Brush,"bath oils, bubbles and soaks",Body care,10.0
2726,Real Techniques Stippling Brush,hand creams,Body care,8.0
2727,Redken All Soft Conditioner,"bath oils, bubbles and soaks",Body care,5.0
2728,Redken All Soft Mega Conditioner,"bath oils, bubbles and soaks",Body care,33.0
2729,Redken All Soft Mega Shampoo,Nail care products,Body care,38.0
2730,Redken All Soft Shampoo,body moisturizers,Body care,21.0
2731,Redken Beach Envy Volume Texturizing Conditioner,hand creams,Body care,8.0
2732,Redken Beach Envy Volume Texturizing Shampoo,"bath oils, bubbles and soaks",Body care,32.0
2733,Redken Clean Maniac Micellar Conditioner,"bath oils, bubbles and soaks",Body care,18.0
2734,Redken Clean Maniac Micellar Shampoo,hair colors and toners,Hair care,30.0
2735,Redken Color Extend Magnetics Conditioner,"bath oils, bubbles and soaks",Body care,5.0
2736,Redken Color Extend Magnetics Shampoo,"bath oils, bubbles and soaks",Body care,8.0
2737,Redken Curvaceous High Foam Lightweight Cleanser Conditioner,body moisturizers,Body care,16.0
2738,Redken Curvaceous High Foam Lightweight Cleanser Shampoo,"bath oils, bubbles and soaks",Body care,25.0
2739,Redken Extreme Conditioner,Body soaps and washes,Body care,22.0
2740,Redken Extreme Length Conditioner,body moisturizers,Body care,12.0
2741,Redken Extreme Length Shampoo,body moisturizers,Body care,5.0
2742,Redken Extreme Shampoo,"bath oils, bubbles and soaks",Body care,19.0
2743,Redken Frizz Dismiss Conditioner,"bath oils, bubbles and soaks",Body care,22.0
2744,Redken Frizz Dismiss Shampoo,Body soaps and washes,Body care,9.0
2745,Redken High Rise Volume Lifting Conditioner,body moisturizers,Body care,13.0
2746,Redken High Rise Volume Lifting Shampoo,"bath oils, bubbles and soaks",Body care,13.0
2747,Redken Scalp Relief Dandruff Control Conditioner,Body soaps and washes,Body care,22.0
2748,Redken Scalp Relief Dandruff Control Shampoo,"bath oils, bubbles and soaks",Body care,33.0
2749,Ren Clean Skincare Atlantic Kelp and Magnesium Anti-Fatigue Bath Oil,Body soaps and washes,Body care,3.0
2750,Ren Clean Skincare Atlantic Kelp and Microalgae Anti-Fatigue Bath Oil,"bath oils, bubbles and soaks",Body care,12.0
2751,Ren Clean Skincare Moroccan Rose Otto Bath Oil,body moisturizers,Body care,3.0
2752,Ren Guerande Salt Exfoliating Body Balm,body moisturizers,Body care,5.0
2753,Ren Moroccan Rose Otto Bath Oil,"bath oils, bubbles and soaks",Body care,9.0
2754,Revlon Born This Way Foundation,Nail care products,Body care,25.0
2755,Revlon ColorStay Ultimate Fig Jam,Nail care products,Body care,7.0
2756,Revlon ColorStay Ultimate Wine,hand creams,Body care,11.0
2757,Revlon Colorsilk - Dark Ash Blonde,"bath oils, bubbles and soaks",Body care,8.0
2758,Revlon Colorsilk - Dark Auburn,face masks and exfoliators,Body care,15.0
2759,Revlon Colorsilk - Dark Burgundy,"bath oils, bubbles and soaks",Body care,14.0
2760,Revlon Colorsilk - Dark Copper Blonde,Nail care products,Body care,14.0
2761,Revlon Colorsilk - Dark Golden Brown,Body soaps and washes,Body care,13.0
2762,Revlon Colorsilk - Dark Golden Red,hand creams,Body care,10.0
2763,Revlon Colorsilk - Dark Mahogany Brown,face masks and exfoliators,Body care,16.0
2764,Revlon Colorsilk - Extra Light Golden Blonde,"bath oils, bubbles and soaks",Body care,13.0
2765,Revlon Colorsilk - Light Ash Blonde,hair colors and toners,Hair care,20.0
2766,Revlon Colorsilk - Light Ash Brown,body moisturizers,Body care,20.0
2767,Revlon Colorsilk - Light Golden Blonde,body moisturizers,Body care,14.0
2768,Revlon Colorsilk - Light Golden Brown,"bath oils, bubbles and soaks",Body care,17.0
2769,Revlon Colorsilk - Light Golden Red,face moisturizing products,Face care,16.0
2770,Revlon Colorsilk - Lightest Golden Blonde,face masks and exfoliators,Body care,8.0
2771,Revlon Colorsilk - Medium Ash Blonde,"bath oils, bubbles and soaks",Body care,10.0
2772,Revlon Colorsilk - Medium Ash Brown,"bath oils, bubbles and soaks",Body care,17.0
2773,Revlon Colorsilk - Medium Blonde,hand creams,Body care,13.0
2774,Revlon Colorsilk - Medium Chestnut Brown,Nail care products,Body care,20.0
2775,Revlon Colorsilk - Medium Cool Blonde,"bath oils, bubbles and soaks",Body care,12.0
2776,Revlon Colorsilk - Medium Golden Brown,"bath oils, bubbles and soaks",Body care,12.0
2777,Revlon Colorsilk - Medium Reddish Brown,"bath oils, bubbles and soaks",Body care,18.0
2778,Revlon Colorsilk - Medium Rich Brown,Nail care products,Body care,8.0
2779,Revlon Colorsilk - Soft Black,vitamins and supplements,Body care,19.0
2780,Revlon Colorsilk - Ultra Light Ash Blonde,"bath oils, bubbles and soaks",Body care,16.0
2781,Revlon Colorsilk - Ultra Light Blonde,"bath oils, bubbles and soaks",Body care,17.0
2782,Revlon Colorsilk - Ultra Light Sun Blonde,"bath oils, bubbles and soaks",Body care,20.0
2783,Revlon Colorsilk - Vibrant Red,"bath oils, bubbles and soaks",Body care,10.0
2784,Revlon Colorsilk Beautiful Color - Burgundy,"bath oils, bubbles and soaks",Body care,10.0
2785,Revlon Colorsilk Buttercream - Medium Chestnut Brown,body moisturizers,Body care,9.0
2786,Revlon Colorsilk Luminista - Red,shampoos and conditioners,Hair care,20.0
2787,Revlon Even Better Makeup,Body soaps and washes,Body care,34.0
2788,Revlon Nail Enamel Bewitching Black Cherry,"bath oils, bubbles and soaks",Body care,11.0
2789,Revlon Nail Enamel Bewitching Deep Red,"bath oils, bubbles and soaks",Body care,5.0
2790,Revlon Nail Enamel Cherries in the Snow Bright Red-Pink,"bath oils, bubbles and soaks",Body care,3.0
2791,Revlon Nail Enamel Chic Matte Taupe,Nail care products,Body care,7.0
2792,Revlon Nail Enamel Elegant Nude Beige,"bath oils, bubbles and soaks",Body care,11.0
2793,Revlon Nail Enamel Emerald City Matte Green,"bath oils, bubbles and soaks",Body care,5.0
2794,Revlon Nail Enamel Enthrall Bold Orange,body moisturizers,Body care,6.0
2795,Revlon Nail Enamel Facets of Fuchsia Black with Fuchsia Glitter,body moisturizers,Body care,4.0
2796,Revlon Nail Enamel Fearless Bright Coral,shampoos and conditioners,Hair care,3.0
2797,Revlon Nail Enamel Fire & Ice Bright Red with Orange,vitamins and supplements,Body care,9.0
2798,Revlon Nail Enamel Girly Pink with Multicolor Glitter,face masks and exfoliators,Body care,10.0
2799,Revlon Nail Enamel Hazy Matte Cool Gray,Body soaps and washes,Body care,11.0
2800,Revlon Nail Enamel Iconic Charcoal Gray,Nail care products,Body care,8.0
2801,Revlon Nail Enamel Impulsive Rich Purple,"bath oils, bubbles and soaks",Body care,5.0
2802,Revlon Nail Enamel Knockout Matte Black,"bath oils, bubbles and soaks",Body care,10.0
2803,Revlon Nail Enamel Parfumerie Bordeaux Shimmering Burgundy,face masks and exfoliators,Body care,3.0
2804,Revlon Nail Enamel Peach Nectar Soft Peach,face masks and exfoliators,Body care,4.0
2805,Revlon Nail Enamel Plum Seduction Bold Plum,"bath oils, bubbles and soaks",Body care,3.0
2806,Revlon Nail Enamel Posh Vibrant Green,"bath oils, bubbles and soaks",Body care,7.0
2807,Revlon Nail Enamel Revlon Red Classic Red,body moisturizers,Body care,3.0
2808,Revlon Nail Enamel Rich Raspberry Berry Pink,"bath oils, bubbles and soaks",Body care,8.0
2809,Revlon Nail Enamel Scandalous Black with Purple Glitter,body moisturizers,Body care,4.0
2810,Revlon Nail Enamel Smoldering Shimmering Gray,Nail care products,Body care,10.0
2811,Revlon Nail Enamel Starry Pink Soft Pink with Silver Glitter,"bath oils, bubbles and soaks",Body care,10.0
2812,Revlon Nail Enamel Stunning Silver Glitter,Nail care products,Body care,3.0
2813,Revlon Nail Enamel Tropical Temptation Coral Orange,vitamins and supplements,Body care,5.0
2814,Revlon Nail Enamel Urban Matte Gray,"bath oils, bubbles and soaks",Body care,8.0
2815,Revlon Nail Enamel Vixen Deep Burgundy,"bath oils, bubbles and soaks",Body care,9.0
2816,Revlon Nail Enamel Zealous Bright Yellow,body moisturizers,Body care,6.0
2817,Revlon Radiant Creamy Concealer,"bath oils, bubbles and soaks",Body care,35.0
2818,Revlon Skin Long-Wear Weightless Foundation,"bath oils, bubbles and soaks",Body care,24.0
2819,Revlon Studio Fix Fluid,Nail care products,Body care,20.0
2820,Revlon Studio Skin 24 Hour Foundation,"bath oils, bubbles and soaks",Body care,27.0
2821,Revlon Super Lustrous Black Cherry,hand creams,Body care,7.0
2822,Revlon Super Lustrous Cherries in the Snow,body moisturizers,Body care,20.0
2823,Revlon Super Lustrous Fire & Ice,Body soaps and washes,Body care,12.0
2824,Revlon Super Lustrous Pink in the Afternoon,body moisturizers,Body care,10.0
2825,Revlon Super Lustrous Toast of New York,Nail care products,Body care,20.0
2826,Revlon True Match Foundation,shampoos and conditioners,Hair care,27.0
2827,Revlon Ultra HD Matte Lipcolor Devotion,"bath oils, bubbles and soaks",Body care,14.0
2828,Revlon Ultra HD Matte Lipcolor Obsession,body moisturizers,Body care,6.0
2829,Revlon Ultra HD Matte Lipcolor Passion,"bath oils, bubbles and soaks",Body care,12.0
2830,Rituals The Ritual of Ayurveda Bath Foam,body moisturizers,Body care,5.0
2831,Rituals The Ritual of Dao Bath Foam,Nail care products,Body care,14.0
2832,Rituals The Ritual of Dao Calming Bed & Body Mist,body moisturizers,Body care,12.0
2833,Rituals The Ritual of Happy Buddha Bath Foam,"bath oils, bubbles and soaks",Body care,3.0
2834,Rituals The Ritual of Karma Bath Foam,Body soaps and washes,Body care,3.0
2835,Rituals The Ritual of Sakura Bath Foam,"bath oils, bubbles and soaks",Body care,13.0
2836,Rituals The Ritual of Samurai Bath Foam,body moisturizers,Body care,3.0
2837,Rose Gold Arc Ring,"bath oils, bubbles and soaks",Body care,104.0
2838,Rose Gold Aurora Pendant,"bath oils, bubbles and soaks",Body care,41.0
2839,Rose Gold Blossom Studs,body moisturizers,Body care,111.0
2840,Rose Gold Dream Catcher Pendant,body moisturizers,Body care,76.0
2841,Rose Gold Dream Earrings,foundations and concealers,Make up,137.0
2842,Rose Gold Ember Bracelet,Nail care products,Body care,127.0
2843,Rose Gold Embrace Necklace,hand creams,Body care,184.0
2844,Rose Gold Embrace Ring,"bath oils, bubbles and soaks",Body care,55.0
2845,Rose Gold Essence Bracelet,body moisturizers,Body care,17.0
2846,Rose Gold Eternity Band,Nail care products,Body care,106.0
2847,Rose Gold Feather Necklace,shampoos and conditioners,Hair care,182.0
2848,Rose Gold Flow Ring,Body soaps and washes,Body care,185.0
2849,Rose Gold Harmony Bracelet,Nail care products,Body care,42.0
2850,Rose Gold Harmony Necklace,"bath oils, bubbles and soaks",Body care,67.0
2851,Rose Gold Heartbeat Necklace,"bath oils, bubbles and soaks",Body care,190.0
2852,Rose Gold Infinity Band,hand creams,Body care,153.0
2853,Rose Gold Infinity Necklace,body moisturizers,Body care,71.0
2854,Rose Gold Ivy Chain,body moisturizers,Body care,119.0
2855,Rose Gold Ivy Earrings,body moisturizers,Body care,166.0
2856,Rose Gold Luna Studs,"bath oils, bubbles and soaks",Body care,83.0
2857,Rose Gold Mirage Earrings,"bath oils, bubbles and soaks",Body care,82.0
2858,Rose Gold Orbit Pendant,body moisturizers,Body care,121.0
2859,Rose Gold Petal Pendant,hand creams,Body care,34.0
2860,Rose Gold Petal Studs,"bath oils, bubbles and soaks",Body care,157.0
2861,Rose Gold Serenity Necklace,"bath oils, bubbles and soaks",Body care,123.0
2862,Rose Gold Solstice Necklace,face masks and exfoliators,Body care,192.0
2863,Rose Gold Starburst Pendant,Nail care products,Body care,170.0
2864,Rose Gold Tides Bracelet,"bath oils, bubbles and soaks",Body care,58.0
2865,Rose Gold Tranquil Bangle,hand creams,Body care,18.0
2866,Rose Gold Twilight Ring,"bath oils, bubbles and soaks",Body care,190.0
2867,Rose Gold Zenith Chain,body moisturizers,Body care,136.0
2868,Rosemary & Herbs Conditioner,"bath oils, bubbles and soaks",Body care,19.0
2869,Rosemary & Herbs Shampoo,"bath oils, bubbles and soaks",Body care,27.0
2870,Ruby Blaze Earrings,body moisturizers,Body care,106.0
2871,Ruby Blaze Ring,body moisturizers,Body care,154.0
2872,Ruby Blossom Ring,"bath oils, bubbles and soaks",Body care,129.0
2873,Ruby Crown Ring,face masks and exfoliators,Body care,36.0
2874,Ruby Flame Earrings,vitamins and supplements,Body care,192.0
2875,Ruby Glimmer Earrings,body moisturizers,Body care,93.0
2876,Ruby Glimmer Necklace,Nail care products,Body care,60.0
2877,Ruby Horizon Bracelet,hand creams,Body care,140.0
2878,Ruby Ivy Necklace,Nail care products,Body care,36.0
2879,Ruby Solstice Anklet,Body soaps and washes,Body care,53.0
2880,Ruby Starburst Ring,face masks and exfoliators,Body care,44.0
2881,Ruby Tide Anklet,face masks and exfoliators,Body care,31.0
2882,Ruby Veil Necklace,body moisturizers,Body care,30.0
2883,Ruby Wave Anklet,Eye shadows and pencils,Make up,182.0
2884,Ruby Whisper Bracelet,body moisturizers,Body care,197.0
2885,Ruby Whisper Necklace,face masks and exfoliators,Body care,75.0
2886,Sally Hansen Color Therapy Glow with the Flow Soft Peach,vitamins and supplements,Body care,5.0
2887,Sally Hansen Color Therapy Red-iance Bright Red,vitamins and supplements,Body care,4.0
2888,Sally Hansen Color Therapy Rosy Quartz Pale Pink,face masks and exfoliators,Body care,8.0
2889,Sally Hansen Color Therapy Sheer Nirvana Sheer Nude,Nail care products,Body care,4.0
2890,Sally Hansen Color Therapy Soothing Sapphire Deep Blue,Nail care products,Body care,6.0
2891,Sally Hansen Color Therapy Steely Serene Cool Gray,fragrances,Home and Accessories,9.0
2892,Sally Hansen Color Therapy Unwine'd Deep Burgundy,hair colors and toners,Hair care,7.0
2893,Sally Hansen Hard as Nails Xtreme Wear Coral Reef Vibrant Coral,Body soaps and washes,Body care,6.0
2894,Sally Hansen Hard as Nails Xtreme Wear Green Thumb Mint Green,face masks and exfoliators,Body care,3.0
2895,Sally Hansen Hard as Nails Xtreme Wear Iris Illusion Shimmering Lavender,"bath oils, bubbles and soaks",Body care,4.0
2896,Sally Hansen Hard as Nails Xtreme Wear Mellow Yellow Bright Yellow,face masks and exfoliators,Body care,8.0
2897,Sally Hansen Hard as Nails Xtreme Wear Pacific Blue Bold Blue,Body soaps and washes,Body care,10.0
2898,Sally Hansen Hard as Nails Xtreme Wear Pucker Up Bright Coral,Nail care products,Body care,10.0
2899,Sally Hansen Hard as Nails Xtreme Wear Royal Hue Rich Purple,"bath oils, bubbles and soaks",Body care,4.0
2900,Sally Hansen Hard as Nails Xtreme Wear Sun Kissed Bright Orange,face masks and exfoliators,Body care,6.0
2901,Sally Hansen Insta-Dri ASAP Apple Bright Red,"bath oils, bubbles and soaks",Body care,3.0
2902,Sally Hansen Insta-Dri Black to Black Jet Black,Nail care products,Body care,5.0
2903,Sally Hansen Insta-Dri Champagne Supernova Shimmery Nude,brushes and applicators,Home and Accessories,10.0
2904,Sally Hansen Insta-Dri Mauve It Over Soft Mauve,face masks and exfoliators,Body care,9.0
2905,Sally Hansen Insta-Dri Rapid Red Bright Red,"bath oils, bubbles and soaks",Body care,5.0
2906,Sally Hansen Insta-Dri Sand Storm Neutral Beige,Nail care products,Body care,8.0
2907,Sally Hansen Insta-Dri Slick Slate Cool Gray,vitamins and supplements,Body care,4.0
2908,Sally Hansen Miracle Gel Birthday Suit Nude Beige,"bath oils, bubbles and soaks",Body care,6.0
2909,Sally Hansen Miracle Gel Creme de la Creme Pale Pink,Body soaps and washes,Body care,9.0
2910,Sally Hansen Miracle Gel Game of Chromes Gold Metallic,Nail care products,Body care,3.0
2911,Sally Hansen Miracle Gel Malibu Peach Bright Coral,"bath oils, bubbles and soaks",Body care,3.0
2912,Sally Hansen Miracle Gel Pinky Promise Light Pink,"bath oils, bubbles and soaks",Body care,8.0
2913,Sally Hansen Miracle Gel Red Eye Bright Red,face masks and exfoliators,Body care,6.0
2914,Sally Hansen Miracle Gel Street Flair Dusty Lavender,"bath oils, bubbles and soaks",Body care,3.0
2915,Sally Hansen Miracle Gel Terra-Coppa Copper Shimmer,Nail care products,Body care,11.0
2916,Sanctuary Spa Classic Bath Soak,face moisturizing products,Face care,5.0
2917,Sanctuary Spa De-Stress Bath Soak,"bath oils, bubbles and soaks",Body care,18.0
2918,Sanctuary Spa Wet Skin Moisture Miracle,"bath oils, bubbles and soaks",Body care,4.0
2919,Sanctuary Spa White Lily & Damask Rose Bath Soak,body moisturizers,Body care,6.0
2920,Sapphire Blossom Necklace,hand creams,Body care,60.0
2921,Sapphire Crown Bracelet,vitamins and supplements,Body care,60.0
2922,Sapphire Crown Ring,face masks and exfoliators,Body care,50.0
2923,Sapphire Echo Bracelet,body moisturizers,Body care,149.0
2924,Sapphire Enchantment Necklace,body moisturizers,Body care,131.0
2925,Sapphire Glimmer Ring,Body soaps and washes,Body care,138.0
2926,Sapphire Horizon Earrings,body moisturizers,Body care,196.0
2927,Sapphire Horizon Ring,Nail care products,Body care,173.0
2928,Sapphire Ivy Anklet,face masks and exfoliators,Body care,69.0
2929,Sapphire Ivy Pendant,body moisturizers,Body care,92.0
2930,Sapphire Radiance Pendant,body moisturizers,Body care,171.0
2931,Sapphire Serenity Pendant,Nail care products,Body care,84.0
2932,Sapphire Solstice Pendant,face moisturizing products,Face care,138.0
2933,Sapphire Starburst Ring,"bath oils, bubbles and soaks",Body care,76.0
2934,Sapphire Twilight Earrings,face masks and exfoliators,Body care,114.0
2935,Sapphire Wave Bracelet,hair colors and toners,Hair care,74.0
2936,Schwarzkopf Color Expert - Cool Medium Brown,body moisturizers,Body care,9.0
2937,Schwarzkopf Color Expert - Dark Auburn,Nail care products,Body care,8.0
2938,Schwarzkopf Color Expert - Golden Honey Blonde,body moisturizers,Body care,15.0
2939,Schwarzkopf Color Expert - Light Ash Blonde,vitamins and supplements,Body care,12.0
2940,Schwarzkopf Color Expert - Light Ash Brown,hand creams,Body care,19.0
2941,Schwarzkopf Color Expert - Light Caramel Brown,"bath oils, bubbles and soaks",Body care,18.0
2942,Schwarzkopf Color Expert - Medium Golden Brown,face masks and exfoliators,Body care,13.0
2943,Schwarzkopf Color Expert - Medium Mahogany Red,hair colors and toners,Hair care,18.0
2944,Schwarzkopf Color Expert - Soft Black,Nail care products,Body care,9.0
2945,Schwarzkopf Color Expert - Warm Cinnamon Brown,hand creams,Body care,10.0
2946,Schwarzkopf Got2b Metallics - Dark Amethyst,hand creams,Body care,15.0
2947,Schwarzkopf Got2b Metallics - Dusty Silver,vitamins and supplements,Body care,14.0
2948,Schwarzkopf Got2b Metallics - Frosted Platinum,"bath oils, bubbles and soaks",Body care,10.0
2949,Schwarzkopf Got2b Metallics - Golden Rose,"bath oils, bubbles and soaks",Body care,9.0
2950,Schwarzkopf Got2b Metallics - Purple Sapphire,body moisturizers,Body care,8.0
2951,Schwarzkopf Got2b Metallics - Rose Gold,hand creams,Body care,14.0
2952,Schwarzkopf Got2b Metallics - Smokey Silver,"bath oils, bubbles and soaks",Body care,12.0
2953,Schwarzkopf Got2b Metallics - Smoky Steel,"bath oils, bubbles and soaks",Body care,11.0
2954,Schwarzkopf Got2b Metallics - Soft Violet,"bath oils, bubbles and soaks",Body care,13.0
2955,Schwarzkopf Got2b Metallics - Steel Blue,"bath oils, bubbles and soaks",Body care,16.0
2956,Schwarzkopf Keratin Color - Intense Cocoa,vitamins and supplements,Body care,8.0
2957,Schwarzkopf Live Intense Color - Cool Lilac,vitamins and supplements,Body care,14.0
2958,Schwarzkopf Live Intense Color - Cosmic Blue,body moisturizers,Body care,18.0
2959,Schwarzkopf Live Intense Color - Deep Red,Body soaps and washes,Body care,20.0
2960,Schwarzkopf Live Intense Color - Light Rose,"bath oils, bubbles and soaks",Body care,13.0
2961,Schwarzkopf Live Intense Color - Lilac Rose,body moisturizers,Body care,10.0
2962,Schwarzkopf Live Intense Color - Metallic Violet,hand creams,Body care,19.0
2963,Schwarzkopf Live Intense Color - Mystic Violet,"bath oils, bubbles and soaks",Body care,9.0
2964,Schwarzkopf Live Intense Color - Pink Ruby,shampoos and conditioners,Hair care,15.0
2965,Schwarzkopf Live Intense Color - Urban Brown,"bath oils, bubbles and soaks",Body care,18.0
2966,Schwarzkopf Professional Igora Royal - Dark Brown,body moisturizers,Body care,15.0
2967,Schwarzkopf Professional Igora Royal - Light Golden Brown,body moisturizers,Body care,15.0
2968,Schwarzkopf Professional Igora Royal - Medium Ash Brown,Body soaps and washes,Body care,14.0
2969,Schwarzkopf Professional Igora Royal - Medium Cool Blonde,Nail care products,Body care,10.0
2970,Schwarzkopf Professional Igora Royal - Medium Golden Brown,"bath oils, bubbles and soaks",Body care,8.0
2971,Schwarzkopf Professional Igora Vibrance - Golden Blonde,"bath oils, bubbles and soaks",Body care,19.0
2972,Schwarzkopf Professional Igora Vibrance - Pastel Rose,body moisturizers,Body care,16.0
2973,Schwarzkopf Professional Igora Vibrance - Soft Copper,"bath oils, bubbles and soaks",Body care,11.0
2974,Schwarzkopf Professional Igora Vibrance - Soft Mahogany,"bath oils, bubbles and soaks",Body care,15.0
2975,Schwarzkopf Professional Igora Vibrance - Warm Golden Brown,hand creams,Body care,9.0
2976,Sephora Collection Mud Mask Purifying & Mattifying,hand creams,Body care,18.0
2977,Sephora Collection PRO Airbrush Concealer Brush #57,"bath oils, bubbles and soaks",Body care,7.0
2978,Sephora Collection PRO All Over Powder Brush #61,body moisturizers,Body care,10.0
2979,Sephora Collection PRO Angled Blush Brush #49,"bath oils, bubbles and soaks",Body care,3.0
2980,Sephora Collection PRO Angled Contour Brush #75,Body soaps and washes,Body care,6.0
2981,Sephora Collection PRO Concealer Brush #71,Body soaps and washes,Body care,3.0
2982,Sephora Collection PRO Contour Brush #77,"candles, sprays, diffusers",Home and Accessories,6.0
2983,Sephora Collection PRO Contour Brush #79,face masks and exfoliators,Body care,12.0
2984,Sephora Collection PRO Contour Highlight Brush #80,hand creams,Body care,6.0
2985,Sephora Collection PRO Crease Brush #24,shampoos and conditioners,Hair care,3.0
2986,Sephora Collection PRO Domed Powder Brush #59,shampoos and conditioners,Hair care,6.0
2987,Sephora Collection PRO Domed Stippling Brush #41,face masks and exfoliators,Body care,4.0
2988,Sephora Collection PRO Fan Brush #65,"bath oils, bubbles and soaks",Body care,5.0
2989,Sephora Collection PRO Featherweight Complexion Brush #90,"bath oils, bubbles and soaks",Body care,10.0
2990,Sephora Collection PRO Flawless Airbrush #56,Nail care products,Body care,6.0
2991,Sephora Collection PRO Foundation Brush #56,"bath oils, bubbles and soaks",Body care,2.0
2992,Sephora Collection PRO Full Coverage Airbrush Brush #53,"bath oils, bubbles and soaks",Body care,11.0
2993,Sephora Collection PRO Highlight Brush #98,face masks and exfoliators,Body care,7.0
2994,Sephora Collection PRO Precision Powder Brush #59,"bath oils, bubbles and soaks",Body care,5.0
2995,Sephora Collection PRO Shadow Brush #14,body moisturizers,Body care,5.0
2996,Sephora Collection PRO Small Stippling Brush #42,"bath oils, bubbles and soaks",Body care,11.0
2997,Sephora Collection PRO Tapered Crease Brush #19,"bath oils, bubbles and soaks",Body care,3.0
2998,Sigma Beauty E15 Flat Definer Brush,Body soaps and washes,Body care,6.0
2999,Sigma Beauty E25 Blending Brush,body moisturizers,Body care,10.0
3000,Sigma Beauty E40 Tapered Blending Brush,"bath oils, bubbles and soaks",Body care,12.0
3001,Sigma Beauty E55 Eye Shading Brush,body moisturizers,Body care,11.0
3002,Sigma Beauty E65 Small Angle Brush,"bath oils, bubbles and soaks",Body care,6.0
3003,Sigma Beauty F10 Powder/Blush Brush,body moisturizers,Body care,7.0
3004,Sigma Beauty F15 Duo Fibre Powder/Blush Brush,body moisturizers,Body care,9.0
3005,Sigma Beauty F25 Tapered Face Brush,"bath oils, bubbles and soaks",Body care,5.0
3006,Sigma Beauty F30 Large Powder Brush,Body soaps and washes,Body care,10.0
3007,Sigma Beauty F35 Tapered Highlighter Brush,"bath oils, bubbles and soaks",Body care,2.0
3008,Sigma Beauty F40 Large Angled Contour Brush,Accessories,Home and Accessories,8.0
3009,Sigma Beauty F50 Duo Fibre Brush,"bath oils, bubbles and soaks",Body care,10.0
3010,Sigma Beauty F55 Small Duo Fibre Brush,Body soaps and washes,Body care,11.0
3011,Sigma Beauty F64 Soft Blend Concealer Brush,hair colors and toners,Hair care,11.0
3012,Sigma Beauty F80 Flat Kabuki Brush,"bath oils, bubbles and soaks",Body care,7.0
3013,Sigma Beauty F82 Round Kabuki Brush,body moisturizers,Body care,5.0
3014,Sigma Beauty F84 Angled Kabuki Brush,body moisturizers,Body care,4.0
3015,Sigma Beauty F86 Tapered Kabuki Brush,body moisturizers,Body care,12.0
3016,Sigma Beauty P82 Precision Round Brush,Body soaps and washes,Body care,11.0
3017,Sigma Beauty P88 Precision Flat Angled Brush,"bath oils, bubbles and soaks",Body care,5.0
3018,Silver Aurora Pendant,vitamins and supplements,Body care,50.0
3019,Silver Blaze Bracelet,body moisturizers,Body care,48.0
3020,Silver Blossom Ring,vitamins and supplements,Body care,187.0
3021,Silver Echo Necklace,"bath oils, bubbles and soaks",Body care,131.0
3022,Silver Echo Pendant,face masks and exfoliators,Body care,45.0
3023,Silver Echo Ring,body moisturizers,Body care,99.0
3024,Silver Eclipse Bangle,face moisturizing products,Face care,136.0
3025,Silver Embrace Bracelet,"bath oils, bubbles and soaks",Body care,88.0
3026,Silver Embrace Ring,body moisturizers,Body care,190.0
3027,Silver Enchantment Anklet,"bath oils, bubbles and soaks",Body care,145.0
3028,Silver Feather Earrings,"bath oils, bubbles and soaks",Body care,74.0
3029,Silver Feather Necklace,"bath oils, bubbles and soaks",Body care,182.0
3030,Silver Frost Bracelet,"bath oils, bubbles and soaks",Body care,152.0
3031,Silver Gleam Earrings,"bath oils, bubbles and soaks",Body care,33.0
3032,Silver Gleam Necklace,"bath oils, bubbles and soaks",Body care,193.0
3033,Silver Glimmer Necklace,body moisturizers,Body care,196.0
3034,Silver Harmony Necklace,face masks and exfoliators,Body care,36.0
3035,Silver Horizon Anklet,"bath oils, bubbles and soaks",Body care,117.0
3036,Silver Horizon Bracelet,body moisturizers,Body care,70.0
3037,Silver Horizon Ring,Body soaps and washes,Body care,130.0
3038,Silver Ice Necklace,"bath oils, bubbles and soaks",Body care,131.0
3039,Silver Ice Stud Earrings,hand creams,Body care,70.0
3040,Silver Luna Bracelet,body moisturizers,Body care,91.0
3041,Silver Luna Pendant,face masks and exfoliators,Body care,58.0
3042,Silver Mirage Anklet,Body soaps and washes,Body care,39.0
3043,Silver Mirage Necklace,"bath oils, bubbles and soaks",Body care,93.0
3044,Silver Moon Pendant,"bath oils, bubbles and soaks",Body care,108.0
3045,Silver Radiance Earrings,body moisturizers,Body care,160.0
3046,Silver Radiance Necklace,"bath oils, bubbles and soaks",Body care,52.0
3047,Silver Solstice Bracelet,body moisturizers,Body care,28.0
3048,Silver Solstice Pendant,body moisturizers,Body care,60.0
3049,Silver Spectrum Anklet,"bath oils, bubbles and soaks",Body care,141.0
3050,Silver Spectrum Earrings,shampoos and conditioners,Hair care,138.0
3051,Silver Spectrum Necklace,face masks and exfoliators,Body care,59.0
3052,Silver Tide Bracelet,"bath oils, bubbles and soaks",Body care,27.0
3053,Silver Tides Anklet,face moisturizing products,Face care,198.0
3054,Silver Tides Bracelet,Nail care products,Body care,84.0
3055,Silver Tides Earrings,Nail care products,Body care,155.0
3056,Silver Twilight Anklet,"bath oils, bubbles and soaks",Body care,90.0
3057,Silver Wave Earrings,"bath oils, bubbles and soaks",Body care,62.0
3058,Silver Whisper Bracelet,"bath oils, bubbles and soaks",Body care,79.0
3059,Silver Whisper Earrings,"bath oils, bubbles and soaks",Body care,200.0
3060,Silver Whisper Necklace,"bath oils, bubbles and soaks",Body care,143.0
3061,Silver Whisper Ring,Accessories,Home and Accessories,182.0
3062,SmartyPants B-Complex,face masks and exfoliators,Body care,35.0
3063,SmartyPants Calcium Gummies,body moisturizers,Body care,20.0
3064,SmartyPants CoQ10,body moisturizers,Body care,40.0
3065,SmartyPants Collagen Peptides,hand creams,Body care,49.0
3066,SmartyPants Gold Standard Whey,"bath oils, bubbles and soaks",Body care,30.0
3067,SmartyPants Melatonin,Body soaps and washes,Body care,36.0
3068,SmartyPants Omega-3 Fish Oil,Body soaps and washes,Body care,35.0
3069,SmartyPants Prenatal Multivitamin,"bath oils, bubbles and soaks",Body care,35.0
3070,SmartyPants Probiotics,"bath oils, bubbles and soaks",Body care,50.0
3071,SmartyPants Vitamin C,vitamins and supplements,Body care,35.0
3072,SmartyPants Vitamin D3,body moisturizers,Body care,21.0
3073,SmartyPants Zinc Tablets,body moisturizers,Body care,45.0
3074,Smashbox Always On Liquid Lip Bang Bang,"bath oils, bubbles and soaks",Body care,18.0
3075,Smashbox Always On Liquid Lip Bawse,Nail care products,Body care,10.0
3076,Smashbox Always On Liquid Lip Girl Gang,body moisturizers,Body care,15.0
3077,Smashbox Always On Liquid Lip Out Loud,vitamins and supplements,Body care,18.0
3078,Smashbox Always On Liquid Lip Stepping Out,body moisturizers,Body care,20.0
3079,Smashbox Backstage Foundation,face masks and exfoliators,Body care,26.0
3080,Smashbox Be Legendary Lipstick Audition,"bath oils, bubbles and soaks",Body care,20.0
3081,Smashbox Be Legendary Lipstick Fireball,"bath oils, bubbles and soaks",Body care,13.0
3082,Smashbox Be Legendary Lipstick Primrose,shampoos and conditioners,Hair care,16.0
3083,Smashbox Be Legendary Lipstick Screen Queen,Nail care products,Body care,17.0
3084,Smashbox Be Legendary Lipstick Witchy,"bath oils, bubbles and soaks",Body care,14.0
3085,Smashbox Double Wear Foundation,"bath oils, bubbles and soaks",Body care,27.0
3086,Smashbox Even Better Makeup,body moisturizers,Body care,30.0
3087,Smashbox Flawless Fusion Ultra-Longwear Foundation,face masks and exfoliators,Body care,35.0
3088,Smashbox Luminous Silk Foundation,body moisturizers,Body care,15.0
3089,Smashbox Radiant Creamy Concealer,"bath oils, bubbles and soaks",Body care,35.0
3090,Smashbox Studio Skin 24 Hour Foundation,"bath oils, bubbles and soaks",Body care,15.0
3091,Smashbox Teint Idole Ultra Wear Foundation,"bath oils, bubbles and soaks",Body care,32.0
3092,Smashbox True Match Foundation,"bath oils, bubbles and soaks",Body care,24.0
3093,Soap & Glory Call of Fruity Hand Cream,body moisturizers,Body care,23.0
3094,Soap & Glory Endless Glove Hand Cream,hair colors and toners,Hair care,24.0
3095,Soap & Glory Endless Glove Moisturizing Hand Cream,"bath oils, bubbles and soaks",Body care,32.0
3096,Soap & Glory Hand Food,face masks and exfoliators,Body care,10.0
3097,Soap & Glory Hand Food Hydrating Hand Cream,"bath oils, bubbles and soaks",Body care,35.0
3098,Soap & Glory Hand Food Hydrating Hand Cream with Shea Butter,"bath oils, bubbles and soaks",Body care,20.0
3099,Soap & Glory Hand Food Sugar Crush,body moisturizers,Body care,35.0
3100,Soap & Glory Hand Maid Antibacterial Gel,"bath oils, bubbles and soaks",Body care,20.0
3101,Soaper Duper Rich & Creamy Shea Butter Bath Soak,"bath oils, bubbles and soaks",Body care,17.0
3102,Soaper Duper Zesty Lemon Bath Soak,"bath oils, bubbles and soaks",Body care,6.0
3103,Softsoap Acai Berry & Tropical Water Body Wash,face moisturizing products,Face care,9.0
3104,Softsoap Black Orchid & Velvet Hibiscus Body Wash,Body soaps and washes,Body care,14.0
3105,Softsoap Citrus Splash & Berry Fusion Body Wash,shampoos and conditioners,Hair care,5.0
3106,Softsoap Coconut Butter Scrub Body Wash,"bath oils, bubbles and soaks",Body care,3.0
3107,Softsoap Honeysuckle & Orange Peel Body Wash,"bath oils, bubbles and soaks",Body care,3.0
3108,Softsoap Luminous Oils Body Wash,Body soaps and washes,Body care,9.0
3109,Softsoap Luminous Oils Macadamia Oil & Peony Body Wash,"bath oils, bubbles and soaks",Body care,12.0
3110,Softsoap Pomegranate & Mango Body Wash,body moisturizers,Body care,13.0
3111,Softsoap Shea & Almond Oil Body Wash,face masks and exfoliators,Body care,13.0
3112,Softsoap Sweet Honeysuckle & Orange Peel Body Wash,Body soaps and washes,Body care,11.0
3113,Solgar B-Complex,shampoos and conditioners,Hair care,38.0
3114,Solgar CoQ10,"bath oils, bubbles and soaks",Body care,24.0
3115,Solgar Elderberry Gummies,"bath oils, bubbles and soaks",Body care,31.0
3116,Solgar Gold Standard Whey,body moisturizers,Body care,34.0
3117,Solgar Magnesium Citrate,"candles, sprays, diffusers",Home and Accessories,47.0
3118,Solgar Prenatal Multivitamin,"bath oils, bubbles and soaks",Body care,45.0
3119,Solgar Probiotics,"bath oils, bubbles and soaks",Body care,28.0
3120,Solgar Turmeric Curcumin,vitamins and supplements,Body care,22.0
3121,Solgar Vitamin C,"bath oils, bubbles and soaks",Body care,48.0
3122,Solgar Zinc Tablets,"bath oils, bubbles and soaks",Body care,28.0
3123,Sterling Blaze Earrings,Nail care products,Body care,145.0
3124,Sterling Blaze Ring,"bath oils, bubbles and soaks",Body care,52.0
3125,Sterling Blossom Necklace,"bath oils, bubbles and soaks",Body care,55.0
3126,Sterling Crescent Bracelet,body moisturizers,Body care,56.0
3127,Sterling Crown Anklet,"bath oils, bubbles and soaks",Body care,183.0
3128,Sterling Crown Earrings,body moisturizers,Body care,183.0
3129,Sterling Crown Necklace,body moisturizers,Body care,118.0
3130,Sterling Crown Pendant,body moisturizers,Body care,30.0
3131,Sterling Echo Earrings,"bath oils, bubbles and soaks",Body care,148.0
3132,Sterling Elegance Bracelet,body moisturizers,Body care,152.0
3133,Sterling Feather Earrings,"bath oils, bubbles and soaks",Body care,31.0
3134,Sterling Feather Pendant,Nail care products,Body care,96.0
3135,Sterling Feather Ring,"bath oils, bubbles and soaks",Body care,101.0
3136,Sterling Frost Anklet,Body soaps and washes,Body care,192.0
3137,Sterling Frost Earrings,"bath oils, bubbles and soaks",Body care,170.0
3138,Sterling Frost Ring,"bath oils, bubbles and soaks",Body care,194.0
3139,Sterling Gleam Ring,body moisturizers,Body care,149.0
3140,Sterling Glow Earrings,body moisturizers,Body care,104.0
3141,Sterling Halo Pendant,"bath oils, bubbles and soaks",Body care,148.0
3142,Sterling Horizon Necklace,"bath oils, bubbles and soaks",Body care,117.0
3143,Sterling Horizon Ring,body moisturizers,Body care,44.0
3144,Sterling Ivy Bracelet,"bath oils, bubbles and soaks",Body care,84.0
3145,Sterling Ivy Earrings,"bath oils, bubbles and soaks",Body care,72.0
3146,Sterling Ivy Necklace,"bath oils, bubbles and soaks",Body care,106.0
3147,Sterling Luna Bracelet,hand creams,Body care,20.0
3148,Sterling Mirage Earrings,body moisturizers,Body care,70.0
3149,Sterling Mirage Pendant,Nail care products,Body care,96.0
3150,Sterling Petal Necklace,body moisturizers,Body care,128.0
3151,Sterling Radiance Ring,hand creams,Body care,94.0
3152,Sterling Solstice Anklet,"bath oils, bubbles and soaks",Body care,172.0
3153,Sterling Solstice Pendant,"bath oils, bubbles and soaks",Body care,135.0
3154,Sterling Starburst Earrings,body moisturizers,Body care,36.0
3155,Sterling Starburst Ring,Body soaps and washes,Body care,15.0
3156,Sterling Tide Earrings,body moisturizers,Body care,33.0
3157,Sterling Veil Anklet,body moisturizers,Body care,164.0
3158,Sterling Veil Ring,"bath oils, bubbles and soaks",Body care,129.0
3159,Sterling Vine Anklet,body moisturizers,Body care,124.0
3160,Sterling Wave Earrings,"bath oils, bubbles and soaks",Body care,180.0
3161,Sterling Wave Pendant,body moisturizers,Body care,158.0
3162,Sterling Wave Ring,"bath oils, bubbles and soaks",Body care,18.0
3163,Sterling Whisper Anklet,Nail care products,Body care,129.0
3164,Sterling Whisper Bracelet,"bath oils, bubbles and soaks",Body care,167.0
3165,Stila Eyeshadow Bubbly Pale Gold,body moisturizers,Body care,19.0
3166,Stila Eyeshadow Cloud Lavender with Gold Shimmer,face masks and exfoliators,Body care,7.0
3167,Stila Eyeshadow Diamond Dust Sparkling Silver,hand creams,Body care,16.0
3168,Stila Eyeshadow Golden Topaz Warm Brown with Gold Shimmer,"bath oils, bubbles and soaks",Body care,13.0
3169,Stila Eyeshadow Jezebel Rose Gold Shimmer,hand creams,Body care,6.0
3170,Stila Eyeshadow Kitten Soft Shimmering Nude,"bath oils, bubbles and soaks",Body care,8.0
3171,Stila Eyeshadow La Douce Olive Green with Gold Shimmer,"bath oils, bubbles and soaks",Body care,7.0
3172,Stila Eyeshadow Moonlight Soft Silver Shimmer,Body soaps and washes,Body care,14.0
3173,Stila Eyeshadow Oasis Golden Bronze,"bath oils, bubbles and soaks",Body care,13.0
3174,Stila Eyeshadow Pewter Shimmering Charcoal,hand creams,Body care,12.0
3175,Stila Eyeshadow Pigalle Deep Burgundy,"bath oils, bubbles and soaks",Body care,10.0
3176,Stila Eyeshadow Sunset Shimmering Copper,Accessories,Home and Accessories,6.0
3177,Stila Smudge Stick Waterproof Eye Liner Bluefin Teal Shimmer,Nail care products,Body care,13.0
3178,Stila Smudge Stick Waterproof Eye Liner Damsel Matte Brown,face moisturizing products,Face care,20.0
3179,Stila Smudge Stick Waterproof Eye Liner Jade Green,Nail care products,Body care,8.0
3180,Stila Smudge Stick Waterproof Eye Liner Lionfish Bronze,"bath oils, bubbles and soaks",Body care,13.0
3181,Stila Smudge Stick Waterproof Eye Liner Sienna Deep Brown,Body soaps and washes,Body care,13.0
3182,Stila Smudge Stick Waterproof Eye Liner Stingray Jet Black,vitamins and supplements,Body care,7.0
3183,Stila Stay All Day Waterproof Liquid Eye Liner Amber,"bath oils, bubbles and soaks",Body care,18.0
3184,Stila Stay All Day Waterproof Liquid Eye Liner Dark Brown,face masks and exfoliators,Body care,20.0
3185,Stila Stay All Day Waterproof Liquid Eye Liner Intense Black,Body soaps and washes,Body care,8.0
3186,Stila Stay All Day Waterproof Liquid Eye Liner Midnight Navy,Nail care products,Body care,8.0
3187,Stila Stay All Day Waterproof Liquid Eye Liner Snow White,body moisturizers,Body care,12.0
3188,Stila Stay All Day Waterproof Liquid Eye Liner White Snow,vitamins and supplements,Body care,9.0
3189,Summer Fridays Jet Lag Mask,"bath oils, bubbles and soaks",Body care,19.0
3190,Susanne Kaufmann Detox Oil Bath,body moisturizers,Body care,18.0
3191,Susanne Kaufmann Oil Bath for the Senses,body moisturizers,Body care,10.0
3192,TRESemmé 24 Hour Body Conditioner,Nail care products,Body care,12.0
3193,TRESemmé 24 Hour Body Shampoo,"bath oils, bubbles and soaks",Body care,8.0
3194,TRESemmé Botanique Color Vibrance & Shine Conditioner,body moisturizers,Body care,10.0
3195,TRESemmé Botanique Color Vibrance & Shine Shampoo,"bath oils, bubbles and soaks",Body care,39.0
3196,TRESemmé Botanique Nourish & Replenish Cleansing Conditioner,body moisturizers,Body care,21.0
3197,TRESemmé Botanique Nourish & Replenish Conditioner,"bath oils, bubbles and soaks",Body care,24.0
3198,TRESemmé Botanique Nourish & Replenish Shampoo,"bath oils, bubbles and soaks",Body care,40.0
3199,TRESemmé Botanique Restore & Shine Conditioner,hand creams,Body care,4.0
3200,TRESemmé Botanique Restore & Shine Shampoo,"bath oils, bubbles and soaks",Body care,31.0
3201,TRESemmé Color Revitalize Conditioner,"bath oils, bubbles and soaks",Body care,34.0
3202,TRESemmé Color Revitalize Shampoo,"bath oils, bubbles and soaks",Body care,6.0
3203,TRESemmé Flawless Curls Conditioner,"bath oils, bubbles and soaks",Body care,11.0
3204,TRESemmé Flawless Curls Shampoo,face masks and exfoliators,Body care,8.0
3205,TRESemmé Keratin Smooth Conditioner,body moisturizers,Body care,38.0
3206,TRESemmé Keratin Smooth Shampoo,hand creams,Body care,12.0
3207,TRESemmé Luxurious Moisture Conditioner,"bath oils, bubbles and soaks",Body care,5.0
3208,TRESemmé Luxurious Moisture Shampoo,"bath oils, bubbles and soaks",Body care,30.0
3209,TRESemmé Moisture Rich Conditioner,"bath oils, bubbles and soaks",Body care,7.0
3210,TRESemmé Moisture Rich Shampoo,"bath oils, bubbles and soaks",Body care,33.0
3211,TRESemmé Smooth & Silky Conditioner,Nail care products,Body care,14.0
3212,TRESemmé Smooth & Silky Shampoo,"bath oils, bubbles and soaks",Body care,38.0
3213,Tarte Airbrush Finish Bamboo Foundation Brush,"bath oils, bubbles and soaks",Body care,8.0
3214,Tarte Airbrush Finish Foundation Brush,face masks and exfoliators,Body care,8.0
3215,Tarte Airbuki Bamboo Powder Foundation Brush,"bath oils, bubbles and soaks",Body care,5.0
3216,Tarte Bamboo Foundation Brush,Nail care products,Body care,10.0
3217,Tarte Bronze & Glow Contour Brush,Nail care products,Body care,2.0
3218,Tarte Double Duty Beauty Complexion Brush,Body soaps and washes,Body care,6.0
3219,Tarte Double Duty Beauty Powder Brush,"bath oils, bubbles and soaks",Body care,9.0
3220,Tarte Double-Ended Complexion Brush,face masks and exfoliators,Body care,7.0
3221,Tarte Double-Ended Foundation Brush,"bath oils, bubbles and soaks",Body care,9.0
3222,Tarte Glowlight Double-Ended Luminizing Wand Brush,body moisturizers,Body care,3.0
3223,Tarte Magic Wands Brush Set,"bath oils, bubbles and soaks",Body care,6.0
3224,Tarte Paddled Foundation Brush,"bath oils, bubbles and soaks",Body care,12.0
3225,Tarte Powder Player Bamboo Pressed Powder Brush,"bath oils, bubbles and soaks",Body care,8.0
3226,Tarte Slenderizer Bamboo Contour Brush,hand creams,Body care,11.0
3227,Tarte Smooth Operator Amazonian Clay Pressed Finishing Powder Brush,face masks and exfoliators,Body care,2.0
3228,Tarte Smoothie Blender Foundation Brush,body moisturizers,Body care,10.0
3229,Tarte Swirl Power Contour & Bronzer Brush,body moisturizers,Body care,6.0
3230,Tarte The Airbuki Bamboo Powder Foundation Brush,vitamins and supplements,Body care,4.0
3231,Tarte The Buffer Airbrush Finish Bamboo Foundation Brush,"bath oils, bubbles and soaks",Body care,7.0
3232,Tarte The Slenderizer Bamboo Contour Brush,Nail care products,Body care,11.0
3233,Tata Harper Fortifying Body Lotion,hand creams,Body care,12.0
3234,Tata Harper Resurfacing Mask,body moisturizers,Body care,12.0
3235,Tata Harper Revitalizing Body Oil,"bath oils, bubbles and soaks",Body care,9.0
3236,Tata Harper Smoothing Body Scrub,"bath oils, bubbles and soaks",Body care,14.0
3237,Tatcha Indigo Soothing Triple Recovery Cream,face masks and exfoliators,Body care,16.0
3238,Tatcha Kissu Lip Mask,Nail care products,Body care,12.0
3239,Tatcha Luminous Deep Hydration Lifting Mask,"bath oils, bubbles and soaks",Body care,8.0
3240,Tatcha Rice Enzyme Powder,"bath oils, bubbles and soaks",Body care,15.0
3241,Tatcha The Deep Cleanse Exfoliating Cleanser,"bath oils, bubbles and soaks",Body care,11.0
3242,Tatcha The Silk Canvas Protective Primer,body moisturizers,Body care,9.0
3243,Tatcha The Water Cream,"bath oils, bubbles and soaks",Body care,13.0
3244,Tatcha Violet-C Radiance Mask,body moisturizers,Body care,10.0
3245,The Body Shop Almond Hand & Nail Cream,vitamins and supplements,Body care,9.0
3246,The Body Shop British Rose Bath Foam,face moisturizing products,Face care,18.0
3247,The Body Shop British Rose Petal-Soft Hand Cream,vitamins and supplements,Body care,26.0
3248,The Body Shop British Rose Shower Gel,"bath oils, bubbles and soaks",Body care,16.0
3249,The Body Shop Coconut Bath Bubble,"bath oils, bubbles and soaks",Body care,5.0
3250,The Body Shop Coconut Hand Cream,Nail care products,Body care,37.0
3251,The Body Shop Drops of Youth Gentle Foaming Wash,face moisturizing products,Face care,9.0
3252,The Body Shop Drops of Youth Youth Liquid Peel,face masks and exfoliators,Body care,14.0
3253,The Body Shop Fuji Green Tea Refreshingly Purifying Body Wash,body moisturizers,Body care,8.0
3254,The Body Shop Hemp Hand Protector,body moisturizers,Body care,8.0
3255,The Body Shop Himalayan Charcoal Purifying Glow Mask,shampoos and conditioners,Hair care,16.0
3256,The Body Shop Mango Shower Gel,"bath oils, bubbles and soaks",Body care,11.0
3257,The Body Shop Moringa Bath Bubble,body moisturizers,Body care,3.0
3258,The Body Shop Moringa Hand Cream,"bath oils, bubbles and soaks",Body care,21.0
3259,The Body Shop Moringa Shower Gel,brushes and applicators,Home and Accessories,11.0
3260,The Body Shop Olive Shower Gel,face masks and exfoliators,Body care,14.0
3261,The Body Shop Peppermint Hand Cream,"bath oils, bubbles and soaks",Body care,24.0
3262,The Body Shop Pink Grapefruit Bath Bubble,"bath oils, bubbles and soaks",Body care,8.0
3263,The Body Shop Pink Grapefruit Hand Cream,body moisturizers,Body care,22.0
3264,The Body Shop Pink Grapefruit Shower Gel,Body soaps and washes,Body care,13.0
3265,The Body Shop Satsuma Shower Gel,"bath oils, bubbles and soaks",Body care,10.0
3266,The Body Shop Shea Hand Cream,face masks and exfoliators,Body care,20.0
3267,The Body Shop Shea Shower Cream,face moisturizing products,Face care,5.0
3268,The Body Shop Strawberry Hand Cream,"bath oils, bubbles and soaks",Body care,21.0
3269,The Body Shop Tea Tree Skin Clearing Body Wash,face masks and exfoliators,Body care,6.0
3270,The Body Shop Tea Tree Skin Clearing Clay Mask,body moisturizers,Body care,12.0
3271,The Body Shop Vanilla Pumpkin Hand Cream,body moisturizers,Body care,40.0
3272,The Body Shop Vitamin C Glow Boosting Microdermabrasion,Nail care products,Body care,18.0
3273,The Ordinary AHA 30% + BHA 2% Peeling Solution,hand creams,Body care,13.0
3274,The Ordinary Glycolic Acid 7% Toning Solution,face masks and exfoliators,Body care,14.0
3275,The Ordinary Lactic Acid 10% + HA,"bath oils, bubbles and soaks",Body care,11.0
3276,The Ordinary Mandelic Acid 10% + HA,"bath oils, bubbles and soaks",Body care,14.0
3277,The Ordinary Salicylic Acid 2% Masque,body moisturizers,Body care,9.0
3278,The White Company Blanc Bath & Shower Gel,body moisturizers,Body care,8.0
3279,The White Company Noir Bath & Shower Gel,Body soaps and washes,Body care,6.0
3280,The White Company Seychelles Bath Foam,"bath oils, bubbles and soaks",Body care,6.0
3281,The White Company Winter Bath & Shower Gel,vitamins and supplements,Body care,4.0
3282,This Works Deep Sleep Bath Oil,body moisturizers,Body care,5.0
3283,This Works Deep Sleep Bath Soak,"bath oils, bubbles and soaks",Body care,11.0
3284,This Works Sleep Plus Bath Oil,"bath oils, bubbles and soaks",Body care,9.0
3285,Thorne Research B-Complex,"bath oils, bubbles and soaks",Body care,35.0
3286,Thorne Research CoQ10,"bath oils, bubbles and soaks",Body care,32.0
3287,Thorne Research Collagen Peptides,"bath oils, bubbles and soaks",Body care,39.0
3288,Thorne Research Gold Standard Whey,vitamins and supplements,Body care,25.0
3289,Thorne Research Melatonin,Body soaps and washes,Body care,40.0
3290,Thorne Research Multivitamin for Women,"bath oils, bubbles and soaks",Body care,39.0
3291,Thorne Research Vitamin C,"bath oils, bubbles and soaks",Body care,31.0
3292,Tisserand Muscle Ease Bath Oil,"bath oils, bubbles and soaks",Body care,17.0
3293,Tisserand Sweet Dreams Bath Oil,"bath oils, bubbles and soaks",Body care,6.0
3294,Tisserand Total De-Stress Bath Oil,body moisturizers,Body care,6.0
3295,Tom Ford 1 Million,body moisturizers,Body care,93.0
3296,Tom Ford Black Opium,"candles, sprays, diffusers",Home and Accessories,79.0
3297,Tom Ford Bloom,hand creams,Body care,114.0
3298,Tom Ford Boys & Girls Lip Color Diego,"bath oils, bubbles and soaks",Body care,9.0
3299,Tom Ford Boys & Girls Lip Color Evan,hand creams,Body care,9.0
3300,Tom Ford Boys & Girls Lip Color Joaquin,Nail care products,Body care,17.0
3301,Tom Ford Boys & Girls Lip Color Patrick,body moisturizers,Body care,14.0
3302,Tom Ford Boys & Girls Lip Color Snowdon,"bath oils, bubbles and soaks",Body care,19.0
3303,Tom Ford Code,body moisturizers,Body care,75.0
3304,Tom Ford Good Girl,Nail care products,Body care,67.0
3305,Tom Ford La Vie Est Belle,"bath oils, bubbles and soaks",Body care,88.0
3306,Tom Ford Light Blue,hair colors and toners,Hair care,65.0
3307,Tom Ford Lip Color Blush Nude,body moisturizers,Body care,16.0
3308,Tom Ford Lip Color Casablanca,Body soaps and washes,Body care,7.0
3309,Tom Ford Lip Color Cherry Lush,body moisturizers,Body care,10.0
3310,Tom Ford Lip Color Indian Rose,"bath oils, bubbles and soaks",Body care,15.0
3311,Tom Ford Lip Color Scarlet Rouge,shampoos and conditioners,Hair care,6.0
3312,Tom Ford Mon Paris,Nail care products,Body care,88.0
3313,Tom Ford My Way,Body soaps and washes,Body care,88.0
3314,Tom Ford Olympea,Lipsticks,Make up,80.0
3315,Tom Ford Sauvage,hand creams,Body care,63.0
3316,Too Faced Airbrush Flawless Foundation,"bath oils, bubbles and soaks",Body care,32.0
3317,Too Faced Born This Way Foundation,"bath oils, bubbles and soaks",Body care,13.0
3318,Too Faced Chocolate Bar Eyeshadow Palette Creme Brulee,"bath oils, bubbles and soaks",Body care,10.0
3319,Too Faced Chocolate Bar Eyeshadow Palette Gilded Ganache,Body soaps and washes,Body care,12.0
3320,Too Faced Chocolate Bar Eyeshadow Palette Haute Chocolate,"bath oils, bubbles and soaks",Body care,16.0
3321,Too Faced Chocolate Bar Eyeshadow Palette Marzipan,Body soaps and washes,Body care,6.0
3322,Too Faced Chocolate Bar Eyeshadow Palette Salted Caramel,face moisturizing products,Face care,20.0
3323,Too Faced Chocolate Bar Eyeshadow Palette Triple Fudge,hand creams,Body care,9.0
3324,Too Faced Even Better Makeup,"bath oils, bubbles and soaks",Body care,34.0
3325,Too Faced Flawless Fusion Ultra-Longwear Foundation,face masks and exfoliators,Body care,35.0
3326,Too Faced Glitter Bomb Eyeshadow Palette Glitter Goals,face masks and exfoliators,Body care,6.0
3327,Too Faced Glitter Bomb Eyeshadow Palette Oh It's On,face masks and exfoliators,Body care,19.0
3328,Too Faced Glitter Bomb Eyeshadow Palette Rose All Day,"bath oils, bubbles and soaks",Body care,19.0
3329,Too Faced Glitter Bomb Eyeshadow Palette Splash,"bath oils, bubbles and soaks",Body care,16.0
3330,Too Faced Glitter Bomb Eyeshadow Palette Work It,"bath oils, bubbles and soaks",Body care,20.0
3331,Too Faced Killer Kajal Eyeliner Killer Black,body moisturizers,Body care,7.0
3332,Too Faced Killer Kajal Eyeliner Killer Cashmere,"bath oils, bubbles and soaks",Body care,11.0
3333,Too Faced Killer Kajal Eyeliner Killer Charcoal,face masks and exfoliators,Body care,9.0
3334,Too Faced Killer Kajal Eyeliner Killer Chocolate,body moisturizers,Body care,7.0
3335,Too Faced Killer Kajal Eyeliner Killer Espresso,"bath oils, bubbles and soaks",Body care,10.0
3336,Too Faced Killer Kajal Eyeliner Killer Mocha,shampoos and conditioners,Hair care,8.0
3337,Too Faced Killer Kajal Eyeliner Killer Sapphire,body moisturizers,Body care,19.0
3338,Too Faced Killer Kajal Eyeliner Killer Spice,face masks and exfoliators,Body care,10.0
3339,Too Faced Natural Eyes Palette Cashmere Bunny,"bath oils, bubbles and soaks",Body care,7.0
3340,Too Faced Natural Eyes Palette Erotica,"bath oils, bubbles and soaks",Body care,14.0
3341,Too Faced Natural Eyes Palette Heaven,"bath oils, bubbles and soaks",Body care,7.0
3342,Too Faced Natural Eyes Palette Nudie,"bath oils, bubbles and soaks",Body care,8.0
3343,Too Faced Natural Eyes Palette Push-Up,"bath oils, bubbles and soaks",Body care,15.0
3344,Too Faced Natural Eyes Palette Silk Teddy,"bath oils, bubbles and soaks",Body care,12.0
3345,Too Faced Pro Filt'r Foundation,Nail care products,Body care,32.0
3346,Too Faced Skin Long-Wear Weightless Foundation,"bath oils, bubbles and soaks",Body care,30.0
3347,Too Faced Stay Naked Foundation,"bath oils, bubbles and soaks",Body care,25.0
3348,Too Faced Studio Skin 24 Hour Foundation,body moisturizers,Body care,30.0
3349,Too Faced Sweet Peach Eyeshadow Bellini,"bath oils, bubbles and soaks",Body care,17.0
3350,Too Faced Sweet Peach Eyeshadow Candied Peach,"bath oils, bubbles and soaks",Body care,15.0
3351,Too Faced Sweet Peach Eyeshadow Just Peachy,face masks and exfoliators,Body care,20.0
3352,Too Faced Sweet Peach Eyeshadow Peach Pit,"bath oils, bubbles and soaks",Body care,8.0
3353,Too Faced Sweet Peach Eyeshadow Summer Yum,Nail care products,Body care,17.0
3354,Too Faced Ultra HD Foundation,face masks and exfoliators,Body care,27.0
3355,Too Faced Your Skin But Better CC+ Cream,body moisturizers,Body care,27.0
3356,Trapp Baies Candle,"bath oils, bubbles and soaks",Body care,4.0
3357,Trapp Lime Basil & Mandarin Diffuser,Body soaps and washes,Body care,5.0
3358,Trapp REPLICA Lazy Sunday Morning Candle,body moisturizers,Body care,9.0
3359,Trapp Santal 26 Candle,"bath oils, bubbles and soaks",Body care,16.0
3360,Trapp Sea & Dune Diffuser,Body soaps and washes,Body care,17.0
3361,Trapp Smell of Spring Spray,"bath oils, bubbles and soaks",Body care,10.0
3362,Trapp Volcano Candle,"bath oils, bubbles and soaks",Body care,18.0
3363,Urban Decay 24/7 Glide-On Eye Pencil Asphyxia Lavender with Blue Shift,"bath oils, bubbles and soaks",Body care,10.0
3364,Urban Decay 24/7 Glide-On Eye Pencil Bourbon Brown with Shimmer,face masks and exfoliators,Body care,16.0
3365,Urban Decay 24/7 Glide-On Eye Pencil Demolition Matte Dark Brown,"bath oils, bubbles and soaks",Body care,7.0
3366,Urban Decay 24/7 Glide-On Eye Pencil Electric Bright Teal,face masks and exfoliators,Body care,18.0
3367,Urban Decay 24/7 Glide-On Eye Pencil Perversion Blackest Black,"bath oils, bubbles and soaks",Body care,7.0
3368,Urban Decay 24/7 Glide-On Eye Pencil Rockstar Dark Purple,body moisturizers,Body care,10.0
3369,Urban Decay 24/7 Glide-On Eye Pencil Stash Olive Green,"bath oils, bubbles and soaks",Body care,10.0
3370,Urban Decay 24/7 Glide-On Eye Pencil Zero Black,Nail care products,Body care,19.0
3371,Urban Decay ColorStay Foundation,"bath oils, bubbles and soaks",Body care,30.0
3372,Urban Decay Eyeshadow Backdoor Dark Brown,"bath oils, bubbles and soaks",Body care,9.0
3373,Urban Decay Eyeshadow Baked Bold Bronze,body moisturizers,Body care,15.0
3374,Urban Decay Eyeshadow Buck Matte Brown,body moisturizers,Body care,6.0
3375,Urban Decay Eyeshadow Cherry Deep Mauve Pink,face masks and exfoliators,Body care,18.0
3376,Urban Decay Eyeshadow Chopper Copper Shimmer,"bath oils, bubbles and soaks",Body care,18.0
3377,Urban Decay Eyeshadow Creep Black with Shimmer,"bath oils, bubbles and soaks",Body care,13.0
3378,Urban Decay Eyeshadow Fireball Peach with Pink Shift,"bath oils, bubbles and soaks",Body care,11.0
3379,Urban Decay Eyeshadow Flash Bright Purple,"bath oils, bubbles and soaks",Body care,13.0
3380,Urban Decay Eyeshadow Foxy Cream Bisque Matte,body moisturizers,Body care,7.0
3381,Urban Decay Eyeshadow Half Baked Golden Bronze,"bath oils, bubbles and soaks",Body care,14.0
3382,Urban Decay Eyeshadow Lounge Brick Red with Green Shift,hand creams,Body care,14.0
3383,Urban Decay Eyeshadow Midnight Cowboy Reddish Pink,face masks and exfoliators,Body care,12.0
3384,Urban Decay Eyeshadow Mushroom Warm Grey,"bath oils, bubbles and soaks",Body care,17.0
3385,Urban Decay Eyeshadow Naked Soft Beige,body moisturizers,Body care,16.0
3386,Urban Decay Eyeshadow Polyester Bride White with Silver Shimmer,hand creams,Body care,7.0
3387,Urban Decay Eyeshadow Ransom Bright Purple,hand creams,Body care,6.0
3388,Urban Decay Eyeshadow Riff Brown Nude,Nail care products,Body care,19.0
3389,Urban Decay Eyeshadow Sin Pale Nude Shimmer,body moisturizers,Body care,9.0
3390,Urban Decay Eyeshadow Smog Deep Coppery Bronze,"bath oils, bubbles and soaks",Body care,7.0
3391,Urban Decay Eyeshadow Solstice Red with Green Shift,"bath oils, bubbles and soaks",Body care,7.0
3392,Urban Decay Eyeshadow Tease Creamy Brown,Nail care products,Body care,13.0
3393,Urban Decay Eyeshadow Tonic Lilac with Blue Shift,"bath oils, bubbles and soaks",Body care,11.0
3394,Urban Decay Flawless Fusion Ultra-Longwear Foundation,body moisturizers,Body care,20.0
3395,Urban Decay Radiant Creamy Concealer,body moisturizers,Body care,13.0
3396,Urban Decay Studio Fix Fluid,face moisturizing products,Face care,35.0
3397,Urban Decay Teint Idole Ultra Wear Foundation,body moisturizers,Body care,27.0
3398,Urban Decay True Match Foundation,"bath oils, bubbles and soaks",Body care,34.0
3399,Urban Decay Ultra HD Foundation,"bath oils, bubbles and soaks",Body care,16.0
3400,Urban Decay Vice Lipstick 69 Bright Red,face moisturizing products,Face care,18.0
3401,Urban Decay Vice Lipstick Backtalk,vitamins and supplements,Body care,18.0
3402,Urban Decay Vice Lipstick Disturbed,"bath oils, bubbles and soaks",Body care,14.0
3403,Urban Decay Vice Lipstick EZ Orange Red,"bath oils, bubbles and soaks",Body care,17.0
3404,Urban Decay Vice Lipstick F-Bomb,body moisturizers,Body care,19.0
3405,Urban Decay Vice Lipstick Menace,face masks and exfoliators,Body care,15.0
3406,Urban Decay Vice Lipstick Naked,body moisturizers,Body care,20.0
3407,Urban Decay Vice Lipstick Psycho,"bath oils, bubbles and soaks",Body care,9.0
3408,Urban Decay Vice Lipstick Ravenswood,Body soaps and washes,Body care,8.0
3409,Urban Decay Vice Lipstick Rock Steady,body moisturizers,Body care,6.0
3410,Vaseline Advanced Repair Lotion,"bath oils, bubbles and soaks",Body care,9.0
3411,Vaseline Aloe Soothe Lotion,body moisturizers,Body care,26.0
3412,Vaseline Clinical Care Extremely Dry Skin Rescue,body moisturizers,Body care,14.0
3413,Vaseline Clinical Care Hand Cream,hand creams,Body care,21.0
3414,Vaseline Cocoa Radiant Lotion,hand creams,Body care,12.0
3415,Vaseline Hand Sanitizer Lotion,"bath oils, bubbles and soaks",Body care,22.0
3416,Vaseline Healing Jelly All-Over Moisturizer,"bath oils, bubbles and soaks",Body care,12.0
3417,Vaseline Healthy Hands & Stronger Nails Lotion,"bath oils, bubbles and soaks",Body care,26.0
3418,Vaseline Intensive Care Advanced Repair Lotion,"bath oils, bubbles and soaks",Body care,19.0
3419,Vaseline Intensive Care Aloe Vera Gel,hand creams,Body care,33.0
3420,Vaseline Intensive Care Anti-Bacterial Hand Cream,"bath oils, bubbles and soaks",Body care,10.0
3421,Vaseline Intensive Care Cocoa Butter Deep Conditioning Lotion,"bath oils, bubbles and soaks",Body care,23.0
3422,Vaseline Intensive Care Cocoa Glow,"bath oils, bubbles and soaks",Body care,8.0
3423,Vaseline Intensive Care Dry Skin Repair Hand Cream,body moisturizers,Body care,30.0
3424,Vaseline Intensive Care Essential Healing,"bath oils, bubbles and soaks",Body care,14.0
3425,Vaseline Intensive Care Essential Healing Hand Cream,"bath oils, bubbles and soaks",Body care,40.0
3426,Vaseline Intensive Care Essential Healing Lotion,"bath oils, bubbles and soaks",Body care,16.0
3427,Vaseline Intensive Care Hand Cream,face moisturizing products,Face care,24.0
3428,Vaseline Intensive Care Hand Cream with SPF,body moisturizers,Body care,21.0
3429,Vaseline Intensive Care Healing Serum,body moisturizers,Body care,20.0
3430,Vaseline Intensive Care Healthy Hands Stronger Nails Lotion,face masks and exfoliators,Body care,17.0
3431,Vaseline Intensive Care Lotion,Nail care products,Body care,18.0
3432,Vaseline Intensive Care Repairing Hand Cream,vitamins and supplements,Body care,28.0
3433,Versace Acqua di Giò,Body soaps and washes,Body care,94.0
3434,Versace Black Opium,face moisturizing products,Face care,59.0
3435,Versace Black Orchid,hand creams,Body care,77.0
3436,Versace Coco Mademoiselle,body moisturizers,Body care,120.0
3437,Versace Crystal Noir,hand creams,Body care,50.0
3438,Versace Flowerbomb,"bath oils, bubbles and soaks",Body care,53.0
3439,Versace Her Eau de Parfum,Nail care products,Body care,47.0
3440,Versace La Vie Est Belle,hand creams,Body care,106.0
3441,Versace Libre,face moisturizing products,Face care,94.0
3442,Versace Man in Black,Body soaps and washes,Body care,84.0
3443,Versace Spicebomb,vitamins and supplements,Body care,106.0
3444,Vichy Aqualia Thermal Rich Cream,Nail care products,Body care,15.0
3445,Viktor & Rolf Allure Homme,hand creams,Body care,106.0
3446,Viktor & Rolf Bad Boy,Nail care products,Body care,60.0
3447,Viktor & Rolf Code,face masks and exfoliators,Body care,101.0
3448,Viktor & Rolf Explorer,body moisturizers,Body care,62.0
3449,Viktor & Rolf Flowerbomb,hair colors and toners,Hair care,72.0
3450,Viktor & Rolf Legend,face masks and exfoliators,Body care,104.0
3451,Viktor & Rolf Love Story,"bath oils, bubbles and soaks",Body care,86.0
3452,Viktor & Rolf Polo Blue,vitamins and supplements,Body care,97.0
3453,Viktor & Rolf The One,"bath oils, bubbles and soaks",Body care,40.0
3454,Vintage Gold Cufflinks,face masks and exfoliators,Body care,120.0
3455,Vitafusion B-Complex,body moisturizers,Body care,40.0
3456,Vitafusion Calcium Gummies,"bath oils, bubbles and soaks",Body care,46.0
3457,Vitafusion CoQ10,"bath oils, bubbles and soaks",Body care,40.0
3458,Vitafusion Glucosamine Chondroitin,Body soaps and washes,Body care,27.0
3459,Vitafusion Gold Standard Whey,face masks and exfoliators,Body care,40.0
3460,Vitafusion Iron Supplement,hair colors and toners,Hair care,42.0
3461,Vitafusion Magnesium Citrate,Body soaps and washes,Body care,46.0
3462,Vitafusion Melatonin,"bath oils, bubbles and soaks",Body care,40.0
3463,Vitafusion Multivitamin for Women,"bath oils, bubbles and soaks",Body care,29.0
3464,Vitafusion Omega-3 Fish Oil,"bath oils, bubbles and soaks",Body care,43.0
3465,Vitafusion Prenatal Multivitamin,"candles, sprays, diffusers",Home and Accessories,28.0
3466,Vitafusion Vitamin C,hand creams,Body care,32.0
3467,Voluspa Black Forest Candle,Nail care products,Body care,10.0
3468,Voluspa Feu de Bois Candle,"bath oils, bubbles and soaks",Body care,14.0
3469,Voluspa Garden Mint Candle,face masks and exfoliators,Body care,13.0
3470,Voluspa Santal 26 Candle,"bath oils, bubbles and soaks",Body care,18.0
3471,Weleda Almond Sensitive Skin Hand Cream,body moisturizers,Body care,31.0
3472,Weleda Calendula Bath,"bath oils, bubbles and soaks",Body care,4.0
3473,Weleda Calendula Intensive Hand Cream,"bath oils, bubbles and soaks",Body care,29.0
3474,Weleda Evening Primrose Age Revitalizing Hand Cream,vitamins and supplements,Body care,7.0
3475,Weleda Hydrating Hand Cream,face masks and exfoliators,Body care,12.0
3476,Weleda Lavender Relaxing Bath Milk,"bath oils, bubbles and soaks",Body care,16.0
3477,Weleda Pomegranate Regenerating Body Oil,body moisturizers,Body care,14.0
3478,Weleda Pomegranate Regenerating Hand Cream,body moisturizers,Body care,16.0
3479,Weleda Sea Buckthorn Hand Cream,face masks and exfoliators,Body care,28.0
3480,Weleda Skin Food Hand Cream,body moisturizers,Body care,26.0
3481,Weleda Skin Food Nourishing Hand Cream,vitamins and supplements,Body care,31.0
3482,Weleda Wild Rose Cream Bath,body moisturizers,Body care,16.0
3483,Weleda Wild Rose Pampering Hand Cream,"bath oils, bubbles and soaks",Body care,12.0
3484,Wella Color Charm Demi-Permanent Hair Color - Medium Red Blonde,hand creams,Body care,18.0
3485,Wella Color Charm Permanent Liquid Hair Color - Light Ash Blonde,Body soaps and washes,Body care,10.0
3486,Wella Color Charm Toner - Extra Light Blonde,hand creams,Body care,20.0
3487,Wella Color Charm Toner - Light Ash Blonde,hand creams,Body care,16.0
3488,Wella Color Charm Toner - Lightest Beige Blonde,Nail care products,Body care,8.0
3489,Wella Color Charm Toner - Medium Beige Blonde,"bath oils, bubbles and soaks",Body care,19.0
3490,Wella Color Charm Toner - Medium Blonde,face masks and exfoliators,Body care,14.0
3491,Wella Color Charm Toner - Pale Ash Blonde,"bath oils, bubbles and soaks",Body care,10.0
3492,Wella Color Charm Toner - Pale Beige Blonde,"bath oils, bubbles and soaks",Body care,8.0
3493,Wella Color Charm Toner - Pale Yellow,vitamins and supplements,Body care,17.0
3494,Wella Color Tango Permanent Hair Color - Black Pearl,body moisturizers,Body care,10.0
3495,Wella Color Tango Permanent Hair Color - Dark Ash Brown,hair colors and toners,Hair care,12.0
3496,Wella Color Tango Permanent Hair Color - Darkest Brown,body moisturizers,Body care,11.0
3497,Wella Color Tango Permanent Hair Color - Light Blonde,"bath oils, bubbles and soaks",Body care,15.0
3498,Wella Color Tango Permanent Hair Color - Medium Mahogany Brown,Body soaps and washes,Body care,13.0
3499,Wella Color Tango Permanent Hair Color - Natural Black,hair colors and toners,Hair care,10.0
3500,Wella Color Tango Permanent Hair Color - Pale Blonde,"bath oils, bubbles and soaks",Body care,20.0
3501,Wella Color Tango Permanent Hair Color - Warm Red,hand creams,Body care,13.0
3502,Wella Color Tango Toners - Pale Platinum,"bath oils, bubbles and soaks",Body care,13.0
3503,Wella Illumina Color - Lightest Pearl Blonde,vitamins and supplements,Body care,16.0
3504,Wella Koleston Perfect - Cool Light Blonde,hand creams,Body care,10.0
3505,Wella Koleston Perfect - Cool Medium Brown,Body soaps and washes,Body care,18.0
3506,Wella Koleston Perfect - Light Cool Blonde,body moisturizers,Body care,18.0
3507,Wella Koleston Perfect - Medium Rich Brown,vitamins and supplements,Body care,16.0
3508,Wella Koleston Perfect - Rich Natural Brown,"bath oils, bubbles and soaks",Body care,9.0
3509,Wella Koleston Perfect - Soft Ash Blonde,vitamins and supplements,Body care,16.0
3510,Wella Koleston Perfect - Soft Mahogany Brown,"bath oils, bubbles and soaks",Body care,16.0
3511,Wella Koleston Perfect - Soft Red Blonde,"bath oils, bubbles and soaks",Body care,13.0
3512,Wella Koleston Perfect - Vibrant Copper Red,"bath oils, bubbles and soaks",Body care,18.0
3513,Wella Koleston Perfect - Vibrant Red,Nail care products,Body care,12.0
3514,White Grapefruit & Mosa Mint Conditioner,"bath oils, bubbles and soaks",Body care,17.0
3515,White Grapefruit & Mosa Mint Shampoo,body moisturizers,Body care,31.0
3516,White Strawberry & Sweet Mint Conditioner,Nail care products,Body care,29.0
3517,White Strawberry & Sweet Mint Shampoo,vitamins and supplements,Body care,21.0
3518,WoodWick Black Forest Candle,"bath oils, bubbles and soaks",Body care,6.0
3519,WoodWick Cedar Stack Candle,"bath oils, bubbles and soaks",Body care,5.0
3520,WoodWick Eucalyptus Spearmint Candle,"bath oils, bubbles and soaks",Body care,18.0
3521,WoodWick Geranium Candle,Body soaps and washes,Body care,15.0
3522,WoodWick Grapefruit Candle,"bath oils, bubbles and soaks",Body care,15.0
3523,WoodWick Lavender Vanilla Candle,hand creams,Body care,3.0
3524,WoodWick Rustic Pumpkin Candle,"bath oils, bubbles and soaks",Body care,13.0
3525,WoodWick Volcano Candle,"bath oils, bubbles and soaks",Body care,16.0
3526,YSL Rouge Pur Couture Fuchsia,Nail care products,Body care,20.0
3527,YSL Rouge Pur Couture Le Rouge,hand creams,Body care,17.0
3528,YSL Rouge Pur Couture Orange Sequin,"bath oils, bubbles and soaks",Body care,17.0
3529,YSL Rouge Pur Couture Rose Stiletto,Body soaps and washes,Body care,18.0
3530,YSL Rouge Volupté Shine Coral,"bath oils, bubbles and soaks",Body care,9.0
3531,YSL Rouge Volupté Shine Nude Lavalliere,vitamins and supplements,Body care,14.0
3532,YSL Rouge Volupté Shine Pink in Devotion,hair colors and toners,Hair care,10.0
3533,YSL Rouge Volupté Shine Red in Attitude,body moisturizers,Body care,15.0
3534,YSL Tatouage Couture Carmine Encounter,body moisturizers,Body care,19.0
3535,YSL Tatouage Couture Vermillion,"bath oils, bubbles and soaks",Body care,19.0
3536,Yankee Candle French Cade Lavender Candle,body moisturizers,Body care,5.0
3537,Yankee Candle Russian Leather Candle,Nail care products,Body care,9.0
3538,Yankee Candle Smell of Spring Spray,hand creams,Body care,6.0
3539,Yves Rocher Hammam Body Balm,body moisturizers,Body care,7.0
3540,Yves Rocher Plaisirs Nature Relaxing Bath Salts,body moisturizers,Body care,12.0
3541,Yves Rocher Relaxing Bath & Shower Gel,"bath oils, bubbles and soaks",Body care,6.0
3542,Yves Saint Laurent Black Orchid,"bath oils, bubbles and soaks",Body care,80.0
3543,Yves Saint Laurent Bloom,hand creams,Body care,92.0
3544,Yves Saint Laurent Coco Mademoiselle,Body soaps and washes,Body care,97.0
3545,Yves Saint Laurent Good Girl,Body soaps and washes,Body care,40.0
3546,Yves Saint Laurent Invictus,shampoos and conditioners,Hair care,120.0
3547,Yves Saint Laurent Legend,face masks and exfoliators,Body care,71.0
3548,Zoya Nail Polish Ali Neon Pink,"bath oils, bubbles and soaks",Body care,5.0
3549,Zoya Nail Polish Aurora Purple with Holographic Glitter,"bath oils, bubbles and soaks",Body care,3.0
3550,Zoya Nail Polish Bevin Dusty Green,"bath oils, bubbles and soaks",Body care,6.0
3551,Zoya Nail Polish Blaze Red with Holographic Glitter,Body soaps and washes,Body care,4.0
3552,Zoya Nail Polish Blu Soft Blue,"bath oils, bubbles and soaks",Body care,7.0
3553,Zoya Nail Polish Charisma Neon Purple,"bath oils, bubbles and soaks",Body care,3.0
3554,Zoya Nail Polish Dove Cool Gray,vitamins and supplements,Body care,4.0
3555,Zoya Nail Polish Dream Deep Blue with Glitter,face masks and exfoliators,Body care,11.0
3556,Zoya Nail Polish Gemma Olive with Blue Shift,Body soaps and washes,Body care,7.0
3557,Zoya Nail Polish Hunter Forest Green,face moisturizing products,Face care,3.0
3558,Zoya Nail Polish Ibiza Midnight Blue,Nail care products,Body care,11.0
3559,Zoya Nail Polish Jacqueline Soft Cream,"bath oils, bubbles and soaks",Body care,8.0
3560,Zoya Nail Polish Jem Deep Purple with Red Shimmer,"bath oils, bubbles and soaks",Body care,8.0
3561,Zoya Nail Polish Kelly Smoky Gray,vitamins and supplements,Body care,6.0
3562,Zoya Nail Polish Kristen Powder Blue,"bath oils, bubbles and soaks",Body care,9.0
3563,Zoya Nail Polish Lola Bright Pink with Blue Shimmer,"bath oils, bubbles and soaks",Body care,5.0
3564,Zoya Nail Polish Neeka Amethyst with Gold Shimmer,"bath oils, bubbles and soaks",Body care,7.0
3565,Zoya Nail Polish PixieDust Godiva Beige with Glitter,hand creams,Body care,10.0
3566,Zoya Nail Polish Purity Pure White,hair colors and toners,Hair care,11.0
3567,Zoya Nail Polish Reagan Bright Fuchsia,Nail care products,Body care,10.0
3568,Zoya Nail Polish Remy Deep Teal with Glitter,"bath oils, bubbles and soaks",Body care,7.0
3569,Zoya Nail Polish Robyn Bright Blue,"bath oils, bubbles and soaks",Body care,11.0
3570,Zoya Nail Polish Rue Soft Blush,hand creams,Body care,10.0
3571,Zoya Nail Polish Sooki Bright Red,"bath oils, bubbles and soaks",Body care,6.0
3572,Zoya Nail Polish Spencer Camel Beige,Body soaps and washes,Body care,9.0
3573,Zoya Nail Polish Storm Black with Holographic Glitter,"bath oils, bubbles and soaks",Body care,9.0
3574,Zoya Nail Polish Talia Bright Turquoise,"bath oils, bubbles and soaks",Body care,5.0
3575,Zoya Nail Polish Trixie Metallic Silver,Nail care products,Body care,9.0
3576,Zoya Nail Polish Willa Glossy Black,vitamins and supplements,Body care,4.0
3577,Zoya Nail Polish Yara Olive Green with Gold Shimmer,"bath oils, bubbles and soaks",Body care,11.0
