location_id,city,state,country,region,market
1,Baruta,Miranda,Venezuela,South America,LATAM
2,Preston,England,United Kingdom,Northern Europe,Europe
3,Dalian,Liaoning,China,Eastern Asia,Asia Pacific
4,Halle,North Rhine-Westphalia,Germany,Western Europe,Europe
5,Sonsonate,Sonsonate,El Salvador,Central America,LATAM
6,Fes,Fès-Boulemane,Morocco,North Africa,Africa
7,Latina,Lazio,Italy,Southern Europe,Europe
8,Bogor,Jawa Barat,Indonesia,Southeastern Asia,Asia Pacific
9,Lawrence,Massachusetts,United States,Eastern US,USCA
10,Niort,Aquitaine-Limousin-Poitou-Charentes,France,Western Europe,Europe
11,Kafr ad Dawwar,Al Buhayrah,Egypt,North Africa,Africa
12,Gaziemir,Izmir,Turkey,Western Asia,Asia Pacific
13,Freeport,New York,United States,Eastern US,USCA
14,Termez,Surxondaryo,Uzbekistan,Central Asia,Asia Pacific
15,New Delhi,Delhi,India,Southern Asia,Asia Pacific
16,Gaborone,South-East,Botswana,Southern Africa,Africa
17,Montgeron,Ile-de-France,France,Western Europe,Europe
18,Santiago de Cuba,Santiago de Cuba,Cuba,Caribbean,LATAM
19,Solapur,Maharashtra,India,Southern Asia,Asia Pacific
20,Linhares,Espírito Santo,Brazil,South America,LATAM
21,Nelson,Nelson,New Zealand,Oceania,Asia Pacific
22,Valdemoro,Madrid,Spain,Southern Europe,Europe
23,Mijas,Andalusía,Spain,Southern Europe,Europe
24,Macapá,Amapá,Brazil,South America,LATAM
25,Patiala,Punjab,India,Southern Asia,Asia Pacific
26,Birigui,São Paulo,Brazil,South America,LATAM
27,Settat,Chaouia-Ouardigha,Morocco,North Africa,Africa
28,Nitra,Nitra,Slovakia,Eastern Europe,Europe
29,Briton Ferry,Wales,United Kingdom,Northern Europe,Europe
30,Takamatsu,Kagawa,Japan,Eastern Asia,Asia Pacific
31,Belo Horizonte,Minas Gerais,Brazil,South America,LATAM
32,Puerto Padre,Las Tunas,Cuba,Caribbean,LATAM
33,Bangalore,Karnataka,India,Southern Asia,Asia Pacific
34,Liaocheng,Shandong,China,Eastern Asia,Asia Pacific
35,Pontoise,Ile-de-France,France,Western Europe,Europe
36,Courbevoie,Ile-de-France,France,Western Europe,Europe
37,Ludwigsburg,Baden-Württemberg,Germany,Western Europe,Europe
38,Freeport,Illinois,United States,Central US,USCA
39,Cabo de Santo Agostinho,Pernambuco,Brazil,South America,LATAM
40,Chaohu,Anhui,China,Eastern Asia,Asia Pacific
41,Dearborn Heights,Michigan,United States,Central US,USCA
42,Hamilton,Ontario,Canada,Canada,USCA
43,Hebi,Henan,China,Eastern Asia,Asia Pacific
44,Neu-Ulm,Bavaria,Germany,Western Europe,Europe
45,Presidencia Roque Sáenz Peña,Chaco,Argentina,South America,LATAM
46,Holon,Tel Aviv,Israel,Western Asia,Asia Pacific
47,Linares,Nuevo León,Mexico,Central America,LATAM
48,Vanves,Ile-de-France,France,Western Europe,Europe
49,Tegucigalpa,Francisco Morazán,Honduras,Central America,LATAM
50,Bangkok,Bangkok,Thailand,Southeastern Asia,Asia Pacific
51,Yichun,Heilongjiang,China,Eastern Asia,Asia Pacific
52,Guayaquil,Guayas,Ecuador,South America,LATAM
53,Nantes,Pays de la Loire,France,Western Europe,Europe
54,Tremblay-en-France,Ile-de-France,France,Western Europe,Europe
55,Frederiksberg,Hovedstaden,Denmark,Northern Europe,Europe
56,Faridabad,Haryana,India,Southern Asia,Asia Pacific
57,Vichy,Auvergne,France,Western Europe,Europe
58,Majadahonda,Madrid,Spain,Southern Europe,Europe
59,Roman,Neamt,Romania,Eastern Europe,Europe
60,Saint-Herblain,Pays de la Loire,France,Western Europe,Europe
61,Liberec,Liberec,Czech Republic,Eastern Europe,Europe
62,Fushun,Liaoning,China,Eastern Asia,Asia Pacific
63,Venlo,Limburg,Netherlands,Western Europe,Europe
64,Bauchi,Bauchi,Nigeria,Western Africa,Africa
65,Bistrita,Bistrita-Nasaud,Romania,Eastern Europe,Europe
66,Broomfield,Colorado,United States,Western US,USCA
67,Yacuiba,Tarija,Bolivia,South America,LATAM
68,Jalalabad,Nangarhar,Afghanistan,Southern Asia,Asia Pacific
69,Kitwe,Copperbelt,Zambia,Eastern Africa,Africa
70,Weifang,Shandong,China,Eastern Asia,Asia Pacific
71,Zahedan,Sistan Va Baluchestan,Iran,Southern Asia,Asia Pacific
72,Qarshi,Qashqadaryo,Uzbekistan,Central Asia,Asia Pacific
73,Bilaspur,Uttar Pradesh,India,Southern Asia,Asia Pacific
74,Baraki,Tipaza,Algeria,North Africa,Africa
75,Bagcilar,Istanbul,Turkey,Western Asia,Asia Pacific
76,Garza García,Nuevo León,Mexico,Central America,LATAM
77,Irun,Basque Country,Spain,Southern Europe,Europe
78,San Luis Potosí,San Luis Potosí,Mexico,Central America,LATAM
79,Kikwit,Bandundu,Congo [DRC],Central Africa,Africa
80,Yuma,Arizona,United States,Western US,USCA
81,Bruges,West Flanders,Belgium,Western Europe,Europe
82,Da Nang,Dà Nang,Vietnam,Southeastern Asia,Asia Pacific
83,Mardin,Mardin,Turkey,Western Asia,Asia Pacific
84,Castelldefels,Catalonia,Spain,Southern Europe,Europe
85,Huaiyin,Jiangsu,China,Eastern Asia,Asia Pacific
86,Gagny,Ile-de-France,France,Western Europe,Europe
87,Cuyahoga Falls,Ohio,United States,Eastern US,USCA
88,Sydney,New South Wales,Australia,Oceania,Asia Pacific
89,Manila,National Capital,Philippines,Southeastern Asia,Asia Pacific
90,Arbil,Arbil,Iraq,Western Asia,Asia Pacific
91,Aix-en-Provence,Provence-Alpes-Côte d'Azur,France,Western Europe,Europe
92,Toyohashi,Aichi,Japan,Eastern Asia,Asia Pacific
93,Ugep,Cross River,Nigeria,Western Africa,Africa
94,Dhule,Maharashtra,India,Southern Asia,Asia Pacific
95,Gisborne,Gisborne,New Zealand,Oceania,Asia Pacific
96,Minneapolis,Minnesota,United States,Central US,USCA
97,Tlemcen,Tlemcen,Algeria,North Africa,Africa
98,Haifa,Haifa,Israel,Western Asia,Asia Pacific
99,Colombo,Western,Sri Lanka,Southern Asia,Asia Pacific
100,Granollers,Catalonia,Spain,Southern Europe,Europe
101,Westland,Michigan,United States,Central US,USCA
102,Polatli,Ankara,Turkey,Western Asia,Asia Pacific
103,Worcester,England,United Kingdom,Northern Europe,Europe
104,Bogotá,Bogota,Colombia,South America,LATAM
105,Liverpool,England,United Kingdom,Northern Europe,Europe
106,Zaporizhzhya,Zaporizhzhya,Ukraine,Eastern Europe,Europe
107,Multan,Punjab,Pakistan,Southern Asia,Asia Pacific
108,Oshawa,Ontario,Canada,Canada,USCA
109,San Antonio,Valparaíso,Chile,South America,LATAM
110,Appleton,Wisconsin,United States,Central US,USCA
111,Be'er Sheva,Southern,Israel,Western Asia,Asia Pacific
112,Bethlehem,Pennsylvania,United States,Eastern US,USCA
113,Chinandega,Chinandega,Nicaragua,Central America,LATAM
114,Bhiwandi,Maharashtra,India,Southern Asia,Asia Pacific
115,Denpasar,Bali,Indonesia,Southeastern Asia,Asia Pacific
116,Medellín,Antioquia,Colombia,South America,LATAM
117,Santiago,Santiago,Chile,South America,LATAM
118,Eastbourne,England,United Kingdom,Northern Europe,Europe
119,Sterlitamak,Bashkortostan,Russia,Eastern Europe,Europe
120,Pingnan,Guangxi,China,Eastern Asia,Asia Pacific
121,Huyton,England,United Kingdom,Northern Europe,Europe
122,Viransehir,Sanliurfa,Turkey,Western Asia,Asia Pacific
123,Saint-Chamond,Auvergne-Rhône-Alpes,France,Western Europe,Europe
124,Itapetininga,São Paulo,Brazil,South America,LATAM
125,Levallois-Perret,Ile-de-France,France,Western Europe,Europe
126,La Baule-Escoublac,Pays de la Loire,France,Western Europe,Europe
127,Bry-sur-Marne,Ile-de-France,France,Western Europe,Europe
128,Kidderminster,England,United Kingdom,Northern Europe,Europe
129,Norfolk,Nebraska,United States,Central US,USCA
130,Aligudarz,Lorestan,Iran,Southern Asia,Asia Pacific
131,Polatsk,Vitsyebsk,Belarus,Eastern Europe,Europe
132,Kahramanmaras,Kahramanmaras,Turkey,Western Asia,Asia Pacific
133,Trabzon,Trabzon,Turkey,Western Asia,Asia Pacific
134,São Gonçalo,Rio de Janeiro,Brazil,South America,LATAM
135,Decatur,Illinois,United States,Central US,USCA
136,Mobile,Alabama,United States,Southern US,USCA
137,Antiguo Cuscatlán,La Libertad,El Salvador,Central America,LATAM
138,Longview,Washington,United States,Western US,USCA
139,Xinzhou,Shanxi,China,Eastern Asia,Asia Pacific
140,Mansfield,England,United Kingdom,Northern Europe,Europe
141,Rustenburg,North-West,South Africa,Southern Africa,Africa
142,Duque de Caxias,Rio de Janeiro,Brazil,South America,LATAM
143,Clarksville,Tennessee,United States,Southern US,USCA
144,Sandy Springs,Georgia,United States,Southern US,USCA
145,Fiumicino,Lazio,Italy,Southern Europe,Europe
146,Maryborough,Queensland,Australia,Oceania,Asia Pacific
147,Guarenas,Miranda,Venezuela,South America,LATAM
148,Anshan,Liaoning,China,Eastern Asia,Asia Pacific
149,Melbourne,Victoria,Australia,Oceania,Asia Pacific
150,Bezons,Ile-de-France,France,Western Europe,Europe
151,Dar es Salaam,Dar Es Salaam,Tanzania,Eastern Africa,Africa
152,Roosendaal,North Brabant,Netherlands,Western Europe,Europe
153,New Castle,Indiana,United States,Central US,USCA
154,Ambattur,Tamil Nadu,India,Southern Asia,Asia Pacific
155,Changwon,Gyeongsangnam,South Korea,Eastern Asia,Asia Pacific
156,São Pedro da Aldeia,Rio de Janeiro,Brazil,South America,LATAM
157,Dundee,Scotland,United Kingdom,Northern Europe,Europe
158,Columbia,Missouri,United States,Central US,USCA
159,Elx,Valenciana,Spain,Southern Europe,Europe
160,Troyes,Alsace-Champagne-Ardenne-Lorraine,France,Western Europe,Europe
161,Rapid City,South Dakota,United States,Central US,USCA
162,Kazerun,Fars,Iran,Southern Asia,Asia Pacific
163,Cainta,Calabarzon,Philippines,Southeastern Asia,Asia Pacific
164,Pesaro,Marche,Italy,Southern Europe,Europe
165,Queanbeyan,New South Wales,Australia,Oceania,Asia Pacific
166,Avellaneda,Santa Fe,Argentina,South America,LATAM
167,Wuxi,Hunan,China,Eastern Asia,Asia Pacific
168,Noisy-le-Sec,Ile-de-France,France,Western Europe,Europe
169,Cirebon,Jawa Barat,Indonesia,Southeastern Asia,Asia Pacific
170,Kumanovo,Kumanovo,Macedonia [FYROM],Southern Europe,Europe
171,Giurgiu,Giurgiu,Romania,Eastern Europe,Europe
172,Drogobych,L'viv,Ukraine,Eastern Europe,Europe
173,Colorado Springs,Colorado,United States,Western US,USCA
174,Guilin,Guangxi,China,Eastern Asia,Asia Pacific
175,Bron,Auvergne-Rhône-Alpes,France,Western Europe,Europe
176,Norwich,England,United Kingdom,Northern Europe,Europe
177,Qostanay,Qostanay,Kazakhstan,Central Asia,Asia Pacific
178,Toliara,Atsimo-Andrefana,Madagascar,Eastern Africa,Africa
179,Avondale,Arizona,United States,Western US,USCA
180,Benevento,Campania,Italy,Southern Europe,Europe
181,Shouguang,Shandong,China,Eastern Asia,Asia Pacific
182,Lichinga,Niassa,Mozambique,Eastern Africa,Africa
183,Jastrzebie Zdroj,Silesia,Poland,Eastern Europe,Europe
184,Kara,Kara,Togo,Western Africa,Africa
185,Tripoli,North Lebanon,Lebanon,Western Asia,Asia Pacific
186,Las Piedras,Canelones,Uruguay,South America,LATAM
187,Varanasi,Uttar Pradesh,India,Southern Asia,Asia Pacific
188,Mar del Plata,Provincia de Buenos Aires,Argentina,South America,LATAM
189,Schweinfurt,Bavaria,Germany,Western Europe,Europe
190,Montauban,Languedoc-Roussillon-Midi-Pyrénées,France,Western Europe,Europe
191,Bunbury,Western Australia,Australia,Oceania,Asia Pacific
192,Talcahuano,Biobio,Chile,South America,LATAM
193,Santa Cruz de la Sierra,Santa Cruz,Bolivia,South America,LATAM
194,Stockton-on-Tees,England,United Kingdom,Northern Europe,Europe
195,Cartago,Valle del Cauca,Colombia,South America,LATAM
196,Lawrence,Indiana,United States,Central US,USCA
197,Irkutsk,Irkutsk,Russia,Eastern Europe,Europe
198,Rybnik,Silesia,Poland,Eastern Europe,Europe
199,Victoria Falls,Matabeleland North,Zimbabwe,Eastern Africa,Africa
200,Shenzhen,Guangdong,China,Eastern Asia,Asia Pacific
201,Dnipropetrovs'k,Dnipropetrovs'k,Ukraine,Eastern Europe,Europe
202,Bezerros,Pernambuco,Brazil,South America,LATAM
203,Izmir,Izmir,Turkey,Western Asia,Asia Pacific
204,Pune,Maharashtra,India,Southern Asia,Asia Pacific
205,Dos Quebradas,Risaralda,Colombia,South America,LATAM
206,Taboão da Serra,São Paulo,Brazil,South America,LATAM
207,Kristiansand,Vest-Agder,Norway,Northern Europe,Europe
208,Pozzuoli,Campania,Italy,Southern Europe,Europe
209,Zunyi,Guizhou,China,Eastern Asia,Asia Pacific
210,Bedford,England,United Kingdom,Northern Europe,Europe
211,Nakhon Ratchasima,Nakhon Ratchasima,Thailand,Southeastern Asia,Asia Pacific
212,Eagan,Minnesota,United States,Central US,USCA
213,East Orange,New Jersey,United States,Eastern US,USCA
214,Farnborough,England,United Kingdom,Northern Europe,Europe
215,Flers,Normandy,France,Western Europe,Europe
216,Friedberg,Hesse,Germany,Western Europe,Europe
217,Castanhal,Pará,Brazil,South America,LATAM
218,Velletri,Lazio,Italy,Southern Europe,Europe
219,Cardiff,Wales,United Kingdom,Northern Europe,Europe
220,Voronezh,Voronezh,Russia,Eastern Europe,Europe
221,Windhoek,Khomas,Namibia,Southern Africa,Africa
222,Taupo,Waikato,New Zealand,Oceania,Asia Pacific
223,Arequipa,Arequipa,Peru,South America,LATAM
224,Erzurum,Erzurum,Turkey,Western Asia,Asia Pacific
225,Paranaguá,Parana,Brazil,South America,LATAM
226,Salamanca,Castile and León,Spain,Southern Europe,Europe
227,Darmstadt,Hesse,Germany,Western Europe,Europe
228,Magnitogorsk,Chelyabinsk,Russia,Eastern Europe,Europe
229,Dover,Delaware,United States,Eastern US,USCA
230,Veenendaal,Utrecht,Netherlands,Western Europe,Europe
231,Batna,Batna,Algeria,North Africa,Africa
232,Mendoza,Mendoza,Argentina,South America,LATAM
233,Azcapotzalco,Distrito Federal,Mexico,Central America,LATAM
234,Huelva,Andalusía,Spain,Southern Europe,Europe
235,Manaus,Amazonas,Brazil,South America,LATAM
236,Columbus,Indiana,United States,Central US,USCA
237,Uruguaiana,Rio Grande do Sul,Brazil,South America,LATAM
238,Greeley,Colorado,United States,Western US,USCA
239,Montargis,Centre-Val de Loire,France,Western Europe,Europe
240,Gdansk,Pomerania,Poland,Eastern Europe,Europe
241,Antofagasta,Antofagasta,Chile,South America,LATAM
242,Leominster,Massachusetts,United States,Eastern US,USCA
243,Benidorm,Valenciana,Spain,Southern Europe,Europe
244,Smyrna,Tennessee,United States,Southern US,USCA
245,Cruzeiro do Sul,Acre,Brazil,South America,LATAM
246,Lubbock,Texas,United States,Central US,USCA
247,San Pedro Sula,Cortés,Honduras,Central America,LATAM
248,Orange,New South Wales,Australia,Oceania,Asia Pacific
249,Waterloo,Ontario,Canada,Canada,USCA
250,Depok,Yogyakarta,Indonesia,Southeastern Asia,Asia Pacific
251,Guaratinguetá,São Paulo,Brazil,South America,LATAM
252,Devonport,Tasmania,Australia,Oceania,Asia Pacific
253,Brentwood,California,United States,Western US,USCA
254,Skokie,Illinois,United States,Central US,USCA
255,El Tigre,Anzoátegui,Venezuela,South America,LATAM
256,Fuji,Shizuoka,Japan,Eastern Asia,Asia Pacific
257,Colchester,England,United Kingdom,Northern Europe,Europe
258,Qena,Qina,Egypt,North Africa,Africa
259,Los Ángeles,Biobio,Chile,South America,LATAM
260,Huixquilucan,México,Mexico,Central America,LATAM
261,Shinyanga,Shinyanga,Tanzania,Eastern Africa,Africa
262,Foggia,Apulia,Italy,Southern Europe,Europe
263,Irbid,Irbid,Jordan,Western Asia,Asia Pacific
264,Nanterre,Ile-de-France,France,Western Europe,Europe
265,Mount Pleasant,South Carolina,United States,Southern US,USCA
266,Kozan,Adana,Turkey,Western Asia,Asia Pacific
267,Bulawayo,Bulawayo,Zimbabwe,Eastern Africa,Africa
268,Genoa,Liguria,Italy,Southern Europe,Europe
269,Conflans-Sainte-Honorine,Ile-de-France,France,Western Europe,Europe
270,Acuña,Coahuila,Mexico,Central America,LATAM
271,Monza,Lombardy,Italy,Southern Europe,Europe
272,Yicheng,Hubei,China,Eastern Asia,Asia Pacific
273,Glasgow,Scotland,United Kingdom,Northern Europe,Europe
274,Djibouti,Djibouti,Djibouti,Eastern Africa,Africa
275,Annecy-le-Vieux,Auvergne-Rhône-Alpes,France,Western Europe,Europe
276,Orihuela,Valenciana,Spain,Southern Europe,Europe
277,High Wycombe,England,United Kingdom,Northern Europe,Europe
278,Rancho Cucamonga,California,United States,Western US,USCA
279,Mason,Ohio,United States,Eastern US,USCA
280,Bayonne,New Jersey,United States,Eastern US,USCA
281,Witten,North Rhine-Westphalia,Germany,Western Europe,Europe
282,Mangalore,Karnataka,India,Southern Asia,Asia Pacific
283,Cúcuta,Norte de Santander,Colombia,South America,LATAM
284,Pickering,Ontario,Canada,Canada,USCA
285,Arusha,Arusha,Tanzania,Eastern Africa,Africa
286,Changchun,Jilin,China,Eastern Asia,Asia Pacific
287,Soweto,Gauteng,South Africa,Southern Africa,Africa
288,Ipoh,Perak,Malaysia,Southeastern Asia,Asia Pacific
289,Salem,Tamil Nadu,India,Southern Asia,Asia Pacific
290,Binjai,Sumatera Utara,Indonesia,Southeastern Asia,Asia Pacific
291,Kiel,Schleswig-Holstein,Germany,Western Europe,Europe
292,Ordu,Ordu,Turkey,Western Asia,Asia Pacific
293,Bo,Southern,Sierra Leone,Western Africa,Africa
294,Surubim,Pernambuco,Brazil,South America,LATAM
295,Francisco Beltrão,Parana,Brazil,South America,LATAM
296,Kalisz,Greater Poland,Poland,Eastern Europe,Europe
297,Saint Petersburg,Florida,United States,Southern US,USCA
298,Felahiye,Kayseri,Turkey,Western Asia,Asia Pacific
299,Vanadzor,Lori,Armenia,Western Asia,Asia Pacific
300,Mallawi,Al Minya,Egypt,North Africa,Africa
301,Hermosillo,Sonora,Mexico,Central America,LATAM
302,Dijon,Bourgogne-Franche-Comté,France,Western Europe,Europe
303,Holguín,Holguín,Cuba,Caribbean,LATAM
304,Las Tunas,Las Tunas,Cuba,Caribbean,LATAM
305,Verdun,Alsace-Champagne-Ardenne-Lorraine,France,Western Europe,Europe
306,Dabrowa Gornicza,Silesia,Poland,Eastern Europe,Europe
307,Valencia,Valenciana,Spain,Southern Europe,Europe
308,Rueil-Malmaison,Ile-de-France,France,Western Europe,Europe
309,Ratingen,North Rhine-Westphalia,Germany,Western Europe,Europe
310,Madero,Tamaulipas,Mexico,Central America,LATAM
311,Lincoln,England,United Kingdom,Northern Europe,Europe
312,Mutare,Manicaland,Zimbabwe,Eastern Africa,Africa
313,Willich,North Rhine-Westphalia,Germany,Western Europe,Europe
314,Coari,Amazonas,Brazil,South America,LATAM
315,Vientiane,Vientiane Prefecture,Laos,Southeastern Asia,Asia Pacific
316,Asheville,North Carolina,United States,Southern US,USCA
317,Santa Clara,Villa Clara,Cuba,Caribbean,LATAM
318,Lublin,Lublin,Poland,Eastern Europe,Europe
319,San Justo,Santa Fe,Argentina,South America,LATAM
320,Arras,Nord-Pas-de-Calais-Picardie,France,Western Europe,Europe
321,Les Abymes,Guadeloupe,Guadeloupe,Caribbean,LATAM
322,Huaibei,Anhui,China,Eastern Asia,Asia Pacific
323,Arkhangelsk,Arkhangel'sk,Russia,Eastern Europe,Europe
324,Lianyuan,Hunan,China,Eastern Asia,Asia Pacific
325,Wenzhou,Zhejiang,China,Eastern Asia,Asia Pacific
326,Hereford,England,United Kingdom,Northern Europe,Europe
327,Orlando,Florida,United States,Southern US,USCA
328,Amman,'Amman,Jordan,Western Asia,Asia Pacific
329,Ziguinchor,Ziguinchor,Senegal,Western Africa,Africa
330,Warwick,Rhode Island,United States,Eastern US,USCA
331,Wigan,England,United Kingdom,Northern Europe,Europe
332,Itapevi,São Paulo,Brazil,South America,LATAM
333,Panevezys,Panevezys,Lithuania,Northern Europe,Europe
334,Arezzo,Tuscany,Italy,Southern Europe,Europe
335,Goyang,Gyeonggi,South Korea,Eastern Asia,Asia Pacific
336,Matadi,Bas-Congo,Congo [DRC],Central Africa,Africa
337,Escondido,California,United States,Western US,USCA
338,Niterói,Rio de Janeiro,Brazil,South America,LATAM
339,Huaraz,Ancash,Peru,South America,LATAM
340,Burnaby,British Columbia,Canada,Canada,USCA
341,Cotia,São Paulo,Brazil,South America,LATAM
342,Lohne,Lower Saxony,Germany,Western Europe,Europe
343,Nantong,Jiangsu,China,Eastern Asia,Asia Pacific
344,Kollam,Kerala,India,Southern Asia,Asia Pacific
345,Torquay,England,United Kingdom,Northern Europe,Europe
346,San Fernando,Andalusía,Spain,Southern Europe,Europe
347,Hasselt,Limburg,Belgium,Western Europe,Europe
348,Puyang,Henan,China,Eastern Asia,Asia Pacific
349,Sète,Languedoc-Roussillon-Midi-Pyrénées,France,Western Europe,Europe
350,Pontevedra,Galicia,Spain,Southern Europe,Europe
351,Taldyqorghan,Almaty,Kazakhstan,Central Asia,Asia Pacific
352,Astana,Astana,Kazakhstan,Central Asia,Asia Pacific
353,Reggio nell'Emilia,Emilia-Romagna,Italy,Southern Europe,Europe
354,Datong,Shanxi,China,Eastern Asia,Asia Pacific
355,San Bernardo,Santiago,Chile,South America,LATAM
356,Flensburg,Schleswig-Holstein,Germany,Western Europe,Europe
357,Corbeil-Essonnes,Ile-de-France,France,Western Europe,Europe
358,Georgetown,Kentucky,United States,Southern US,USCA
359,Wallasey,England,United Kingdom,Northern Europe,Europe
360,Thionville,Alsace-Champagne-Ardenne-Lorraine,France,Western Europe,Europe
361,Northampton,England,United Kingdom,Northern Europe,Europe
362,Ciudad del Carmen,Campeche,Mexico,Central America,LATAM
363,Fontenay-sous-Bois,Ile-de-France,France,Western Europe,Europe
364,Zhaoyuan,Heilongjiang,China,Eastern Asia,Asia Pacific
365,Lugo,Galicia,Spain,Southern Europe,Europe
366,Bossier City,Louisiana,United States,Southern US,USCA
367,Belgaum,Karnataka,India,Southern Asia,Asia Pacific
368,Cape Town,Western Cape,South Africa,Southern Africa,Africa
369,Valenzuela,National Capital,Philippines,Southeastern Asia,Asia Pacific
370,Le Bouscat,Aquitaine-Limousin-Poitou-Charentes,France,Western Europe,Europe
371,Auburn,New York,United States,Eastern US,USCA
372,Bergen,Hordaland,Norway,Northern Europe,Europe
373,Monrovia,Montserrado,Liberia,Western Africa,Africa
374,Watertown,New York,United States,Eastern US,USCA
375,Moa,Holguín,Cuba,Caribbean,LATAM
376,Benguela,Benguela,Angola,Central Africa,Africa
377,Prato,Tuscany,Italy,Southern Europe,Europe
378,Campo Grande,Mato Grosso do Sul,Brazil,South America,LATAM
379,Idfu,Aswan,Egypt,North Africa,Africa
380,Wolfsburg,Lower Saxony,Germany,Western Europe,Europe
381,Berck,Nord-Pas-de-Calais-Picardie,France,Western Europe,Europe
382,Edogawa-ku,Tokyo,Japan,Eastern Asia,Asia Pacific
383,Kassel,Hesse,Germany,Western Europe,Europe
384,Parker,Colorado,United States,Western US,USCA
385,West Allis,Wisconsin,United States,Central US,USCA
386,Montceau-les-Mines,Bourgogne-Franche-Comté,France,Western Europe,Europe
387,Hagerstown,Maryland,United States,Eastern US,USCA
388,Cruzeiro,São Paulo,Brazil,South America,LATAM
389,Haninge,Stockholm,Sweden,Northern Europe,Europe
390,Timisoara,Timis,Romania,Eastern Europe,Europe
391,Vittoria,Sicily,Italy,Southern Europe,Europe
392,Tekirdag,Tekirdag,Turkey,Western Asia,Asia Pacific
393,Saint-Malo,Brittany,France,Western Europe,Europe
394,Villeneuve-le-Roi,Ile-de-France,France,Western Europe,Europe
395,Afragola,Campania,Italy,Southern Europe,Europe
396,Xichang,Sichuan,China,Eastern Asia,Asia Pacific
397,Juliaca,Puno,Peru,South America,LATAM
398,La Paz,Baja California Sur,Mexico,Central America,LATAM
399,Accra,Greater Accra,Ghana,Western Africa,Africa
400,Jequié,Bahia,Brazil,South America,LATAM
401,Bertoua,Est,Cameroon,Central Africa,Africa
402,Yanbu al Bahr,Al Madinah,Saudi Arabia,Western Asia,Asia Pacific
403,Danville,California,United States,Western US,USCA
404,Livingston,Scotland,United Kingdom,Northern Europe,Europe
405,Paraparaumu,Wellington,New Zealand,Oceania,Asia Pacific
406,Redditch,England,United Kingdom,Northern Europe,Europe
407,Baranagar,West Bengal,India,Southern Asia,Asia Pacific
408,Kigoma,Kigoma,Tanzania,Eastern Africa,Africa
409,Tete,Tete,Mozambique,Eastern Africa,Africa
410,Angeles City,Central Luzon,Philippines,Southeastern Asia,Asia Pacific
411,Bayreuth,Bavaria,Germany,Western Europe,Europe
412,Tokyo,Tokyo,Japan,Eastern Asia,Asia Pacific
413,Ibadan,Oyo,Nigeria,Western Africa,Africa
414,Khulna,Khulna,Bangladesh,Southern Asia,Asia Pacific
415,Karbala',Karbala',Iraq,Western Asia,Asia Pacific
416,Salta,Salta,Argentina,South America,LATAM
417,Tulsa,Oklahoma,United States,Central US,USCA
418,La Plata,Provincia de Buenos Aires,Argentina,South America,LATAM
419,Ghent,East Flanders,Belgium,Western Europe,Europe
420,Bokaro,Jharkhand,India,Southern Asia,Asia Pacific
421,Dordrecht,South Holland,Netherlands,Western Europe,Europe
422,Pearland,Texas,United States,Central US,USCA
423,Rijeka,Primorsko-Goranska,Croatia,Southern Europe,Europe
424,Sohag,Suhaj,Egypt,North Africa,Africa
425,Vernon,Normandy,France,Western Europe,Europe
426,Irving,Texas,United States,Central US,USCA
427,Bafra,Samsun,Turkey,Western Asia,Asia Pacific
428,Rohtak,Haryana,India,Southern Asia,Asia Pacific
429,Palma Soriano,Santiago de Cuba,Cuba,Caribbean,LATAM
430,Turgutlu,Manisa,Turkey,Western Asia,Asia Pacific
431,Casablanca,Grand Casablanca,Morocco,North Africa,Africa
432,Vassouras,Rio de Janeiro,Brazil,South America,LATAM
433,Mbeya,Mbeya,Tanzania,Eastern Africa,Africa
434,Guayana,Bolivar,Venezuela,South America,LATAM
435,Jilin,Jilin,China,Eastern Asia,Asia Pacific
436,Wetter (Ruhr),North Rhine-Westphalia,Germany,Western Europe,Europe
437,Bath,England,United Kingdom,Northern Europe,Europe
438,Iguala,Guerrero,Mexico,Central America,LATAM
439,Chililabombwe,Copperbelt,Zambia,Eastern Africa,Africa
440,Keller,Texas,United States,Central US,USCA
441,Beaumont,Texas,United States,Central US,USCA
442,Lianzhou,Guangxi,China,Eastern Asia,Asia Pacific
443,Cedar Hill,Texas,United States,Central US,USCA
444,Pinar del Río,Pinar del Río,Cuba,Caribbean,LATAM
445,Kharkiv,Kharkiv,Ukraine,Eastern Europe,Europe
446,Sale,Rabat-Salé-Zemmour-Zaer,Morocco,North Africa,Africa
447,Taranto,Apulia,Italy,Southern Europe,Europe
448,Pekalongan,Jawa Tengah,Indonesia,Southeastern Asia,Asia Pacific
449,Pessac,Aquitaine-Limousin-Poitou-Charentes,France,Western Europe,Europe
450,Aprilia,Lazio,Italy,Southern Europe,Europe
451,San Ignacio,Cayo District,Belize,Central America,LATAM
452,Yaounde,Centre,Cameroon,Central Africa,Africa
453,Omaha,Nebraska,United States,Central US,USCA
454,Xi'an,Shaanxi,China,Eastern Asia,Asia Pacific
455,Quebec,Quebec,Canada,Canada,USCA
456,Blenheim,Marlborough,New Zealand,Oceania,Asia Pacific
457,Nouakchott,Nouakchott,Mauritania,Western Africa,Africa
458,Eindhoven,North Brabant,Netherlands,Western Europe,Europe
459,Waterbury,Connecticut,United States,Eastern US,USCA
460,Palmira,Valle del Cauca,Colombia,South America,LATAM
461,Duitama,Boyacá,Colombia,South America,LATAM
462,Takamatsu,Ishikawa,Japan,Eastern Asia,Asia Pacific
463,Darwin,Northern Territory,Australia,Oceania,Asia Pacific
464,Mwanza,Mwanza,Tanzania,Eastern Africa,Africa
465,Roswell,Georgia,United States,Southern US,USCA
466,Antwerp,Antwerp,Belgium,Western Europe,Europe
467,Marikina,National Capital,Philippines,Southeastern Asia,Asia Pacific
468,Turkmenabat,Lebap,Turkmenistan,Central Asia,Asia Pacific
469,Amarillo,Texas,United States,Central US,USCA
470,Ranchi,Jharkhand,India,Southern Asia,Asia Pacific
471,Poços de Caldas,Minas Gerais,Brazil,South America,LATAM
472,Nazilli,Aydin,Turkey,Western Asia,Asia Pacific
473,Khorramshahr,Khuzestan,Iran,Southern Asia,Asia Pacific
474,Registro,São Paulo,Brazil,South America,LATAM
475,Donghai,Guangdong,China,Eastern Asia,Asia Pacific
476,Yokkaichi,Mie,Japan,Eastern Asia,Asia Pacific
477,Chester,Pennsylvania,United States,Eastern US,USCA
478,Jining,Shandong,China,Eastern Asia,Asia Pacific
479,Saanich,British Columbia,Canada,Canada,USCA
480,Rotorua,Bay of Plenty,New Zealand,Oceania,Asia Pacific
481,Ternopil',Ternopil',Ukraine,Eastern Europe,Europe
482,Hialeah,Florida,United States,Southern US,USCA
483,Quetta,Baluchistan,Pakistan,Southern Asia,Asia Pacific
484,Alanya,Antalya,Turkey,Western Asia,Asia Pacific
485,Kaspiysk,Dagestan,Russia,Eastern Europe,Europe
486,Hailin,Heilongjiang,China,Eastern Asia,Asia Pacific
487,Busan,Busan,South Korea,Eastern Asia,Asia Pacific
488,Saint-Louis,Saint-Louis,Senegal,Western Africa,Africa
489,Pamplona,Navarra,Spain,Southern Europe,Europe
490,Rosarito,Baja California,Mexico,Central America,LATAM
491,Lins,São Paulo,Brazil,South America,LATAM
492,Lakeland,Florida,United States,Southern US,USCA
493,Eggenstein-Leopoldshafen,Baden-Württemberg,Germany,Western Europe,Europe
494,Harlow,England,United Kingdom,Northern Europe,Europe
495,Chaumont,Alsace-Champagne-Ardenne-Lorraine,France,Western Europe,Europe
496,Grosseto,Tuscany,Italy,Southern Europe,Europe
497,Soledad Díez Gutiérrez,San Luis Potosí,Mexico,Central America,LATAM
498,Imola,Emilia-Romagna,Italy,Southern Europe,Europe
499,Bolu,Bolu,Turkey,Western Asia,Asia Pacific
500,Mossoró,Rio Grande do Norte,Brazil,South America,LATAM
501,Vlore,Vlorë,Albania,Southern Europe,Europe
502,Funabashi,Chiba,Japan,Eastern Asia,Asia Pacific
503,Saint Louis,Missouri,United States,Central US,USCA
504,Richmond,Kentucky,United States,Southern US,USCA
505,Pembroke Pines,Florida,United States,Southern US,USCA
506,Firminy,Auvergne-Rhône-Alpes,France,Western Europe,Europe
507,Carpi,Emilia-Romagna,Italy,Southern Europe,Europe
508,Petare,Miranda,Venezuela,South America,LATAM
509,La Seyne-sur-Mer,Provence-Alpes-Côte d'Azur,France,Western Europe,Europe
510,Nanning,Guangxi,China,Eastern Asia,Asia Pacific
511,Tlalpan,Distrito Federal,Mexico,Central America,LATAM
512,Hidalgo,Michoacán,Mexico,Central America,LATAM
513,Sanya,Hainan,China,Eastern Asia,Asia Pacific
514,Antananarivo,Analamanga,Madagascar,Eastern Africa,Africa
515,Mudanjiang,Heilongjiang,China,Eastern Asia,Asia Pacific
516,Banda Aceh,Aceh,Indonesia,Southeastern Asia,Asia Pacific
517,Fukui,Fukui,Japan,Eastern Asia,Asia Pacific
518,Lanzhou,Gansu,China,Eastern Asia,Asia Pacific
519,Baqubah,Diyala,Iraq,Western Asia,Asia Pacific
520,Solihull,England,United Kingdom,Northern Europe,Europe
521,Nanyang,Henan,China,Eastern Asia,Asia Pacific
522,Lida,Hrodna,Belarus,Eastern Europe,Europe
523,Fairfield,Ohio,United States,Eastern US,USCA
524,Wattrelos,Nord-Pas-de-Calais-Picardie,France,Western Europe,Europe
525,Sukabumi,Jawa Barat,Indonesia,Southeastern Asia,Asia Pacific
526,Ilo,Moquegua,Peru,South America,LATAM
527,Kaluga,Kaluga,Russia,Eastern Europe,Europe
528,Kherson,Kherson,Ukraine,Eastern Europe,Europe
529,Nkongsamba,Littoral,Cameroon,Central Africa,Africa
530,Kumba,Sud-Ouest,Cameroon,Central Africa,Africa
531,Khomeynishahr,Esfahan,Iran,Southern Asia,Asia Pacific
532,Chalus,Mazandaran,Iran,Southern Asia,Asia Pacific
533,Vanderbijlpark,Gauteng,South Africa,Southern Africa,Africa
534,Trenton,Michigan,United States,Central US,USCA
535,Qingdao,Shandong,China,Eastern Asia,Asia Pacific
536,Ndola,Copperbelt,Zambia,Eastern Africa,Africa
537,Vinnytsya,Vinnytsya,Ukraine,Eastern Europe,Europe
538,Huntington Beach,California,United States,Western US,USCA
539,Buzau,Buzau,Romania,Eastern Europe,Europe
540,Tanta,Al Gharbiyah,Egypt,North Africa,Africa
541,Marion,Ohio,United States,Eastern US,USCA
542,Port Orange,Florida,United States,Southern US,USCA
543,Boa Vista,Roraima,Brazil,South America,LATAM
544,Chemnitz,Saxony,Germany,Western Europe,Europe
545,San Salvador de Jujuy,Jujuy,Argentina,South America,LATAM
546,Tieling,Liaoning,China,Eastern Asia,Asia Pacific
547,Hargeysa,Woqooyi Galbeed,Somalia,Eastern Africa,Africa
548,Bar-le-Duc,Alsace-Champagne-Ardenne-Lorraine,France,Western Europe,Europe
549,Tartu,Tartumaa,Estonia,Northern Europe,Europe
550,Ponteareas,Galicia,Spain,Southern Europe,Europe
551,Al Minya,Al Minya,Egypt,North Africa,Africa
552,Kilis,Kilis,Turkey,Western Asia,Asia Pacific
553,Rockhampton,Queensland,Australia,Oceania,Asia Pacific
554,Oceanside,New York,United States,Eastern US,USCA
555,Jeddah,Makkah,Saudi Arabia,Western Asia,Asia Pacific
556,Baguio City,Cordillera,Philippines,Southeastern Asia,Asia Pacific
557,Gera,Thuringia,Germany,Western Europe,Europe
558,Palo Negro,Aragua,Venezuela,South America,LATAM
559,Paderborn,North Rhine-Westphalia,Germany,Western Europe,Europe
560,Port Moresby,National Capital,Papua New Guinea,Oceania,Asia Pacific
561,Abadan,Khuzestan,Iran,Southern Asia,Asia Pacific
562,Waco,Texas,United States,Central US,USCA
563,Ottawa,Ontario,Canada,Canada,USCA
564,Aracaju,Sergipe,Brazil,South America,LATAM
565,Vence,Provence-Alpes-Côte d'Azur,France,Western Europe,Europe
566,Utica,New York,United States,Eastern US,USCA
567,Valencia,Northern Mindanao,Philippines,Southeastern Asia,Asia Pacific
568,Acarigua,Portuguesa,Venezuela,South America,LATAM
569,Karlsruhe,Baden-Württemberg,Germany,Western Europe,Europe
570,Lisichansk,Luhans'k,Ukraine,Eastern Europe,Europe
571,Bologna,Emilia-Romagna,Italy,Southern Europe,Europe
572,Lorain,Ohio,United States,Eastern US,USCA
573,Goulburn,New South Wales,Australia,Oceania,Asia Pacific
574,Sarkand,Almaty,Kazakhstan,Central Asia,Asia Pacific
575,Castelnau-le-Lez,Languedoc-Roussillon-Midi-Pyrénées,France,Western Europe,Europe
576,Hastings,Hawke's Bay,New Zealand,Oceania,Asia Pacific
577,Ji-Paraná,Rondônia,Brazil,South America,LATAM
578,Wilson,North Carolina,United States,Southern US,USCA
579,Broken Arrow,Oklahoma,United States,Central US,USCA
580,Wilmington,North Carolina,United States,Southern US,USCA
581,Richmond,British Columbia,Canada,Canada,USCA
582,Al Hillah,Babil,Iraq,Western Asia,Asia Pacific
583,Lucerne,Lucerne,Switzerland,Western Europe,Europe
584,Brumado,Bahia,Brazil,South America,LATAM
585,Beni Mellal,Tadla-Azilal,Morocco,North Africa,Africa
586,Akola,Maharashtra,India,Southern Asia,Asia Pacific
587,Salzburg,Salzburg,Austria,Western Europe,Europe
588,Bejaia,Bejaia,Algeria,North Africa,Africa
589,Yangjiang,Guangdong,China,Eastern Asia,Asia Pacific
590,Jerez de la Frontera,Andalusía,Spain,Southern Europe,Europe
591,Cangzhou,Hebei,China,Eastern Asia,Asia Pacific
592,Limoeiro do Norte,Ceará,Brazil,South America,LATAM
593,Recife,Pernambuco,Brazil,South America,LATAM
594,New Plymouth,Taranaki,New Zealand,Oceania,Asia Pacific
595,Gdynia,Pomerania,Poland,Eastern Europe,Europe
596,San Pedro,Calabarzon,Philippines,Southeastern Asia,Asia Pacific
597,Kediri,Jawa Timur,Indonesia,Southeastern Asia,Asia Pacific
598,Guiyang,Guizhou,China,Eastern Asia,Asia Pacific
599,Inglewood,California,United States,Western US,USCA
600,Tecomán,Colima,Mexico,Central America,LATAM
601,Yangon,Yangon,Myanmar [Burma],Southeastern Asia,Asia Pacific
602,Yancheng,Jiangsu,China,Eastern Asia,Asia Pacific
603,Venice,Veneto,Italy,Southern Europe,Europe
604,Aurangabad,Bihar,India,Southern Asia,Asia Pacific
605,Rennes,Brittany,France,Western Europe,Europe
606,Hagen,North Rhine-Westphalia,Germany,Western Europe,Europe
607,Samarra',Salah Ad Din,Iraq,Western Asia,Asia Pacific
608,Moreno Valley,California,United States,Western US,USCA
609,Perpignan,Languedoc-Roussillon-Midi-Pyrénées,France,Western Europe,Europe
610,Dehra Dun,Uttarakhand,India,Southern Asia,Asia Pacific
611,Yueyang,Hunan,China,Eastern Asia,Asia Pacific
612,Mogi das Cruzes,São Paulo,Brazil,South America,LATAM
613,La Celle-Saint-Cloud,Ile-de-France,France,Western Europe,Europe
614,Fujisawa,Kanagawa,Japan,Eastern Asia,Asia Pacific
615,Miramar,Tamaulipas,Mexico,Central America,LATAM
616,Edmond,Oklahoma,United States,Central US,USCA
617,Lewiston,Maine,United States,Eastern US,USCA
618,Gravataí,Rio Grande do Sul,Brazil,South America,LATAM
619,Pucallpa,Ucayali,Peru,South America,LATAM
620,Basel,Basel-Stadt,Switzerland,Western Europe,Europe
621,Houston,Texas,United States,Central US,USCA
622,Draguignan,Provence-Alpes-Côte d'Azur,France,Western Europe,Europe
623,Bandung,Jawa Barat,Indonesia,Southeastern Asia,Asia Pacific
624,Ashdod,Southern,Israel,Western Asia,Asia Pacific
625,Jena,Thuringia,Germany,Western Europe,Europe
626,Atlantic City,New Jersey,United States,Eastern US,USCA
627,Livingstone,Southern,Zambia,Eastern Africa,Africa
628,Alexandria,Virginia,United States,Southern US,USCA
629,Denver,Colorado,United States,Western US,USCA
630,Oktyabr'skiy,Bashkortostan,Russia,Eastern Europe,Europe
631,Tucson,Arizona,United States,Western US,USCA
632,Hoover,Alabama,United States,Southern US,USCA
633,Kwangju,Gyeonggi,South Korea,Eastern Asia,Asia Pacific
634,Arvada,Colorado,United States,Western US,USCA
635,Kalemie,Katanga,Congo [DRC],Central Africa,Africa
636,Riverside,California,United States,Western US,USCA
637,Abbotsford,British Columbia,Canada,Canada,USCA
638,Texarkana,Arkansas,United States,Southern US,USCA
639,Semarang,Jawa Tengah,Indonesia,Southeastern Asia,Asia Pacific
640,Aylesbury,England,United Kingdom,Northern Europe,Europe
641,Hobart,Tasmania,Australia,Oceania,Asia Pacific
642,Blois,Centre-Val de Loire,France,Western Europe,Europe
643,Gold Coast,Queensland,Australia,Oceania,Asia Pacific
644,Ajmer,Rajasthan,India,Southern Asia,Asia Pacific
645,Cuscatancingo,San Salvador,El Salvador,Central America,LATAM
646,Angarsk,Irkutsk,Russia,Eastern Europe,Europe
647,Bikaner,Rajasthan,India,Southern Asia,Asia Pacific
648,Taubaté,São Paulo,Brazil,South America,LATAM
649,Springs,Gauteng,South Africa,Southern Africa,Africa
650,St. Gallen,St. Gallen,Switzerland,Western Europe,Europe
651,Xiangtan,Hunan,China,Eastern Asia,Asia Pacific
652,Corum,Corum,Turkey,Western Asia,Asia Pacific
653,Santa Clara,California,United States,Western US,USCA
654,Abu Kabir,Ash Sharqiyah,Egypt,North Africa,Africa
655,Angers,Pays de la Loire,France,Western Europe,Europe
656,Neyshabur,Razavi Khorasan,Iran,Southern Asia,Asia Pacific
657,Helmond,North Brabant,Netherlands,Western Europe,Europe
658,Sannois,Ile-de-France,France,Western Europe,Europe
659,Orem,Utah,United States,Western US,USCA
660,Huddinge,Stockholm,Sweden,Northern Europe,Europe
661,Woodland,California,United States,Western US,USCA
662,Leiden,South Holland,Netherlands,Western Europe,Europe
663,Bloomington,Indiana,United States,Central US,USCA
664,Durham,North Carolina,United States,Southern US,USCA
665,Columbia,Maryland,United States,Eastern US,USCA
666,Harbin,Heilongjiang,China,Eastern Asia,Asia Pacific
667,Villa Canales,Guatemala,Guatemala,Central America,LATAM
668,Roseville,California,United States,Western US,USCA
669,The Colony,Texas,United States,Central US,USCA
670,Oxford,England,United Kingdom,Northern Europe,Europe
671,Bourg-en-Bresse,Auvergne-Rhône-Alpes,France,Western Europe,Europe
672,Cabimas,Zulia,Venezuela,South America,LATAM
673,Chittagong,Chittagong,Bangladesh,Southern Asia,Asia Pacific
674,Bebington,England,United Kingdom,Northern Europe,Europe
675,Hisar,Haryana,India,Southern Asia,Asia Pacific
676,Nova Serrana,Minas Gerais,Brazil,South America,LATAM
677,Burlington,Ontario,Canada,Canada,USCA
678,Redmond,Washington,United States,Western US,USCA
679,Deer Park,Texas,United States,Central US,USCA
680,Berlin,Berlin,Germany,Western Europe,Europe
681,Tiruppur,Tamil Nadu,India,Southern Asia,Asia Pacific
682,Huambo,Huambo,Angola,Central Africa,Africa
683,Corlu,Tekirdag,Turkey,Western Asia,Asia Pacific
684,Chisinau,Chisinau,Moldova,Eastern Europe,Europe
685,Armenia,Quindío,Colombia,South America,LATAM
686,Saltillo,Coahuila,Mexico,Central America,LATAM
687,Les Mureaux,Ile-de-France,France,Western Europe,Europe
688,Upper Hutt,Wellington,New Zealand,Oceania,Asia Pacific
689,Busto Arsizio,Lombardy,Italy,Southern Europe,Europe
690,Safi,Doukkala-Abda,Morocco,North Africa,Africa
691,Keren,Anseba,Eritrea,Eastern Africa,Africa
692,Copiapó,Atacama,Chile,South America,LATAM
693,Seoul,Seoul,South Korea,Eastern Asia,Asia Pacific
694,Kuala Lumpur,Kuala Lumpur,Malaysia,Southeastern Asia,Asia Pacific
695,Shahriar,Tehran,Iran,Southern Asia,Asia Pacific
696,Mandurah,Western Australia,Australia,Oceania,Asia Pacific
697,Malanje,Malanje,Angola,Central Africa,Africa
698,Traralgon,Victoria,Australia,Oceania,Asia Pacific
699,Kunming,Yunnan,China,Eastern Asia,Asia Pacific
700,Ghaziabad,Uttar Pradesh,India,Southern Asia,Asia Pacific
701,Roissy-en-Brie,Ile-de-France,France,Western Europe,Europe
702,Glendale,Arizona,United States,Western US,USCA
703,Amritsar,Punjab,India,Southern Asia,Asia Pacific
704,Mississauga,Ontario,Canada,Canada,USCA
705,Vallauris,Provence-Alpes-Côte d'Azur,France,Western Europe,Europe
706,Allahabad,Uttar Pradesh,India,Southern Asia,Asia Pacific
707,Butare,Southern,Rwanda,Eastern Africa,Africa
708,Bastia,Corsica,France,Western Europe,Europe
709,Binzhou,Heilongjiang,China,Eastern Asia,Asia Pacific
710,Nairobi,Nairobi,Kenya,Eastern Africa,Africa
711,Taizz,Ta'izz,Yemen,Western Asia,Asia Pacific
712,Tembisa,Gauteng,South Africa,Southern Africa,Africa
713,Thiruvananthapuram,Kerala,India,Southern Asia,Asia Pacific
714,Gandia,Valenciana,Spain,Southern Europe,Europe
715,Gwalior,Madhya Pradesh,India,Southern Asia,Asia Pacific
716,Bacau,Bacau,Romania,Eastern Europe,Europe
717,Dublin,Ohio,United States,Eastern US,USCA
718,Shushtar,Khuzestan,Iran,Southern Asia,Asia Pacific
719,Westminster,California,United States,Western US,USCA
720,Ad Diwem,White Nile,Sudan,North Africa,Africa
721,Montes Claros,Minas Gerais,Brazil,South America,LATAM
722,Colmar,Alsace-Champagne-Ardenne-Lorraine,France,Western Europe,Europe
723,Nizhyn,Chernihiv,Ukraine,Eastern Europe,Europe
724,Indaiatuba,São Paulo,Brazil,South America,LATAM
725,Delhi,Delhi,India,Southern Asia,Asia Pacific
726,Radom,Masovia,Poland,Eastern Europe,Europe
727,Troy,Ohio,United States,Eastern US,USCA
728,Cárdenas,Matanzas,Cuba,Caribbean,LATAM
729,Lowestoft,England,United Kingdom,Northern Europe,Europe
730,Krefeld,North Rhine-Westphalia,Germany,Western Europe,Europe
731,Oberhausen,North Rhine-Westphalia,Germany,Western Europe,Europe
732,Nashville,Tennessee,United States,Southern US,USCA
733,Daejeon,Daejeon,South Korea,Eastern Asia,Asia Pacific
734,Saint-Laurent-du-Var,Provence-Alpes-Côte d'Azur,France,Western Europe,Europe
735,Handa,Aichi,Japan,Eastern Asia,Asia Pacific
736,Mataram,Nusa Tenggara Barat,Indonesia,Southeastern Asia,Asia Pacific
737,Halesowen,England,United Kingdom,Northern Europe,Europe
738,Vigevano,Lombardy,Italy,Southern Europe,Europe
739,Umraniye,Istanbul,Turkey,Western Asia,Asia Pacific
740,Samsun,Samsun,Turkey,Western Asia,Asia Pacific
741,Shangzhi,Heilongjiang,China,Eastern Asia,Asia Pacific
742,Taraz,Zhambyl,Kazakhstan,Central Asia,Asia Pacific
743,Bahawalpur,Punjab,Pakistan,Southern Asia,Asia Pacific
744,Caracas,Distrito Capital,Venezuela,South America,LATAM
745,Osh,Osh,Kyrgyzstan,Central Asia,Asia Pacific
746,Tepic,Nayarit,Mexico,Central America,LATAM
747,Roanne,Auvergne-Rhône-Alpes,France,Western Europe,Europe
748,Maringá,Parana,Brazil,South America,LATAM
749,West Jordan,Utah,United States,Western US,USCA
750,Sanandaj,Kordestan,Iran,Southern Asia,Asia Pacific
751,Enugu,Enugu,Nigeria,Western Africa,Africa
752,Rotherham,England,United Kingdom,Northern Europe,Europe
753,Zlatoust,Chelyabinsk,Russia,Eastern Europe,Europe
754,Ajman,'Ajman,United Arab Emirates,Western Asia,Asia Pacific
755,Mezitli,Mersin,Turkey,Western Asia,Asia Pacific
756,Maracay,Aragua,Venezuela,South America,LATAM
757,San Jose del Monte,Central Luzon,Philippines,Southeastern Asia,Asia Pacific
758,Weston-super-Mare,England,United Kingdom,Northern Europe,Europe
759,Grove City,Ohio,United States,Eastern US,USCA
760,Milan,Lombardy,Italy,Southern Europe,Europe
761,Erlangen,Bavaria,Germany,Western Europe,Europe
762,Van,Van,Turkey,Western Asia,Asia Pacific
763,Thies Nones,Thies,Senegal,Western Africa,Africa
764,Sakai,Osaka,Japan,Eastern Asia,Asia Pacific
765,Lafayette,Louisiana,United States,Southern US,USCA
766,Brampton,Ontario,Canada,Canada,USCA
767,Montmorency,Ile-de-France,France,Western Europe,Europe
768,Yingcheng,Hubei,China,Eastern Asia,Asia Pacific
769,Vitrolles,Provence-Alpes-Côte d'Azur,France,Western Europe,Europe
770,Sidi Qacem,Gharb-Chrarda-Béni Hssen,Morocco,North Africa,Africa
771,Redlands,California,United States,Western US,USCA
772,Toulon,Provence-Alpes-Côte d'Azur,France,Western Europe,Europe
773,Ain Oussera,Djelfa,Algeria,North Africa,Africa
774,Antsiranana,Diana,Madagascar,Eastern Africa,Africa
775,Envigado,Antioquia,Colombia,South America,LATAM
776,Shah Alam,Selangor,Malaysia,Southeastern Asia,Asia Pacific
777,Nagercoil,Tamil Nadu,India,Southern Asia,Asia Pacific
778,Arak,Markazi,Iran,Southern Asia,Asia Pacific
779,Bandar-e Anzali,Gilan,Iran,Southern Asia,Asia Pacific
780,Sagamihara,Kanagawa,Japan,Eastern Asia,Asia Pacific
781,Valencia,Carabobo,Venezuela,South America,LATAM
782,Medina,Ohio,United States,Eastern US,USCA
783,Varese,Lombardy,Italy,Southern Europe,Europe
784,Cartagena,Bolívar,Colombia,South America,LATAM
785,Bharatpur,Rajasthan,India,Southern Asia,Asia Pacific
786,Mount Isa,Queensland,Australia,Oceania,Asia Pacific
787,Woodbury,Minnesota,United States,Central US,USCA
788,Plock,Masovia,Poland,Eastern Europe,Europe
789,Dearborn,Michigan,United States,Central US,USCA
790,Battipaglia,Campania,Italy,Southern Europe,Europe
791,Des Moines,Iowa,United States,Central US,USCA
792,Bundaberg,Queensland,Australia,Oceania,Asia Pacific
793,Badalona,Catalonia,Spain,Southern Europe,Europe
794,Metepec,México,Mexico,Central America,LATAM
795,Layton,Utah,United States,Western US,USCA
796,Santo Domingo de los Colorados,Pichincha,Ecuador,South America,LATAM
797,Bondy,Ile-de-France,France,Western Europe,Europe
798,Vespasiano,Minas Gerais,Brazil,South America,LATAM
799,Palmerston,Northern Territory,Australia,Oceania,Asia Pacific
800,Jodhpur,Gujarat,India,Southern Asia,Asia Pacific
801,Daloa,Haut-Sassandra,Côte d'Ivoire,Western Africa,Africa
802,Tongzhou,Beijing,China,Eastern Asia,Asia Pacific
803,Ulundi,Kwazulu-natal,South Africa,Southern Africa,Africa
804,Bognor Regis,England,United Kingdom,Northern Europe,Europe
805,Woodstock,Georgia,United States,Southern US,USCA
806,Manzini,Manzini,Swaziland,Southern Africa,Africa
807,Nishinomiya,Hyogo,Japan,Eastern Asia,Asia Pacific
808,Pertuis,Provence-Alpes-Côte d'Azur,France,Western Europe,Europe
809,Nellore,Andhra Pradesh,India,Southern Asia,Asia Pacific
810,Monterrey,Nuevo León,Mexico,Central America,LATAM
811,Visakhapatnam,Andhra Pradesh,India,Southern Asia,Asia Pacific
812,Clermont-Ferrand,Auvergne,France,Western Europe,Europe
813,Dumai,Riau,Indonesia,Southeastern Asia,Asia Pacific
814,Gothenburg,Västra Götaland,Sweden,Northern Europe,Europe
815,Wagga Wagga,New South Wales,Australia,Oceania,Asia Pacific
816,Almaty,Almaty City,Kazakhstan,Central Asia,Asia Pacific
817,Poltava,Poltava,Ukraine,Eastern Europe,Europe
818,Wuchang,Heilongjiang,China,Eastern Asia,Asia Pacific
819,Woodstock,Illinois,United States,Central US,USCA
820,Des Plaines,Illinois,United States,Central US,USCA
821,Kirkwood,Missouri,United States,Central US,USCA
822,Passos,Minas Gerais,Brazil,South America,LATAM
823,Oceanside,California,United States,Western US,USCA
824,Sevastopol,Sevastopol',Ukraine,Eastern Europe,Europe
825,Bekasi,Jawa Barat,Indonesia,Southeastern Asia,Asia Pacific
826,Ilorin,Kwara,Nigeria,Western Africa,Africa
827,San Andrés Tuxtla,Veracruz,Mexico,Central America,LATAM
828,Zamora,Castile and León,Spain,Southern Europe,Europe
829,Logan,Utah,United States,Western US,USCA
830,Obninsk,Kaluga,Russia,Eastern Europe,Europe
831,Uman',Cherkasy,Ukraine,Eastern Europe,Europe
832,Pleasant Grove,Utah,United States,Western US,USCA
833,Catanduva,São Paulo,Brazil,South America,LATAM
834,Drammen,Buskerud,Norway,Northern Europe,Europe
835,San Fernando del Valle de Catamarca,Catamarca,Argentina,South America,LATAM
836,Imphal,Manipur,India,Southern Asia,Asia Pacific
837,Maiduguri,Borno,Nigeria,Western Africa,Africa
838,Ciego de Ávila,Ciego de Ávila,Cuba,Caribbean,LATAM
839,Johannesburg,Gauteng,South Africa,Southern Africa,Africa
840,Barueri,São Paulo,Brazil,South America,LATAM
841,Suceava,Suceava,Romania,Eastern Europe,Europe
842,Reading,England,United Kingdom,Northern Europe,Europe
843,Ratlam,Madhya Pradesh,India,Southern Asia,Asia Pacific
844,Jamnagar,Gujarat,India,Southern Asia,Asia Pacific
845,Kindu,Maniema,Congo [DRC],Central Africa,Africa
846,Rochester,Minnesota,United States,Central US,USCA
847,Rivera,Rivera,Uruguay,South America,LATAM
848,Shashi,Hubei,China,Eastern Asia,Asia Pacific
849,Jining,Inner Mongolia,China,Eastern Asia,Asia Pacific
850,Dos Hermanas,Andalusía,Spain,Southern Europe,Europe
851,Ludwigshafen am Rhein,Rhineland-Palatinate,Germany,Western Europe,Europe
852,Independence,Missouri,United States,Central US,USCA
853,Pontianak,Kalimantan Barat,Indonesia,Southeastern Asia,Asia Pacific
854,Ezhou,Hubei,China,Eastern Asia,Asia Pacific
855,Amasya,Amasya,Turkey,Western Asia,Asia Pacific
856,Temirtau,Qaraghandy,Kazakhstan,Central Asia,Asia Pacific
857,Pasig,National Capital,Philippines,Southeastern Asia,Asia Pacific
858,Grasse,Provence-Alpes-Côte d'Azur,France,Western Europe,Europe
859,Bareilly,Uttar Pradesh,India,Southern Asia,Asia Pacific
860,San Lorenzo,Central,Paraguay,South America,LATAM
861,Derby,England,United Kingdom,Northern Europe,Europe
862,Arlington,Texas,United States,Central US,USCA
863,Bielsko-Biala,Silesia,Poland,Eastern Europe,Europe
864,Kupang,Nusa Tenggara Timur,Indonesia,Southeastern Asia,Asia Pacific
865,Mtwara,Mtwara,Tanzania,Eastern Africa,Africa
866,Tourcoing,Nord-Pas-de-Calais-Picardie,France,Western Europe,Europe
867,Ambon,Maluku,Indonesia,Southeastern Asia,Asia Pacific
868,Santa Rosa,La Pampa,Argentina,South America,LATAM
869,Uvinza,Kigoma,Tanzania,Eastern Africa,Africa
870,Pensacola,Florida,United States,Southern US,USCA
871,Kaifeng,Henan,China,Eastern Asia,Asia Pacific
872,Madrid,Madrid,Spain,Southern Europe,Europe
873,Vienna,Vienna,Austria,Western Europe,Europe
874,Hemel Hempstead,England,United Kingdom,Northern Europe,Europe
875,Chico,California,United States,Western US,USCA
876,Odense,South Denmark,Denmark,Northern Europe,Europe
877,Huddersfield,England,United Kingdom,Northern Europe,Europe
878,Agen,Aquitaine-Limousin-Poitou-Charentes,France,Western Europe,Europe
879,Surrey,British Columbia,Canada,Canada,USCA
880,Bandundu,Bandundu,Congo [DRC],Central Africa,Africa
881,Tirunelveli,Tamil Nadu,India,Southern Asia,Asia Pacific
882,Albury,New South Wales,Australia,Oceania,Asia Pacific
883,Wuppertal,North Rhine-Westphalia,Germany,Western Europe,Europe
884,Vallejo,California,United States,Western US,USCA
885,Tel Aviv,Tel Aviv,Israel,Western Asia,Asia Pacific
886,Ebolowa,Sud,Cameroon,Central Africa,Africa
887,Concord,California,United States,Western US,USCA
888,Taza,Taza-Al Hoceima-Taounate,Morocco,North Africa,Africa
889,Antalya,Antalya,Turkey,Western Asia,Asia Pacific
890,Savigny-le-Temple,Ile-de-France,France,Western Europe,Europe
891,Barretos,São Paulo,Brazil,South America,LATAM
892,Hollywood,Florida,United States,Southern US,USCA
893,Saida,Saida,Algeria,North Africa,Africa
894,Sarcelles,Ile-de-France,France,Western Europe,Europe
895,Fairfield,California,United States,Western US,USCA
896,Jamshedpur,Jharkhand,India,Southern Asia,Asia Pacific
897,Neuilly-sur-Marne,Ile-de-France,France,Western Europe,Europe
898,Widnes,England,United Kingdom,Northern Europe,Europe
899,Jiamusi,Heilongjiang,China,Eastern Asia,Asia Pacific
900,Ragusa,Sicily,Italy,Southern Europe,Europe
901,Nicolás Romero,México,Mexico,Central America,LATAM
902,Kolwezi,Katanga,Congo [DRC],Central Africa,Africa
903,Pingxiang,Jiangxi,China,Eastern Asia,Asia Pacific
904,Gorakhpur,Haryana,India,Southern Asia,Asia Pacific
905,Stavanger,Rogaland,Norway,Northern Europe,Europe
906,Hanoi,Thủ Dô Hà Nội,Vietnam,Southeastern Asia,Asia Pacific
907,Pekanbaru,Riau,Indonesia,Southeastern Asia,Asia Pacific
908,Maidenhead,England,United Kingdom,Northern Europe,Europe
909,Nashua,New Hampshire,United States,Eastern US,USCA
910,Laval,Pays de la Loire,France,Western Europe,Europe
911,Timaru,Canterbury,New Zealand,Oceania,Asia Pacific
912,Dourados,Mato Grosso do Sul,Brazil,South America,LATAM
913,Korba,Chhattisgarh,India,Southern Asia,Asia Pacific
914,Ayacucho,Ayacucho,Peru,South America,LATAM
915,Jamundí,Valle del Cauca,Colombia,South America,LATAM
916,Kartal,Istanbul,Turkey,Western Asia,Asia Pacific
917,Lomme,Nord-Pas-de-Calais-Picardie,France,Western Europe,Europe
918,Gubkin,Belgorod,Russia,Eastern Europe,Europe
919,Nueva Gerona,Isla de la Juventud,Cuba,Caribbean,LATAM
920,Shuangyashan,Heilongjiang,China,Eastern Asia,Asia Pacific
921,Nuremberg,Bavaria,Germany,Western Europe,Europe
922,Rawalpindi,Punjab,Pakistan,Southern Asia,Asia Pacific
923,Mombasa,Coast,Kenya,Eastern Africa,Africa
924,Fortaleza,Ceará,Brazil,South America,LATAM
925,Guantánamo,Guantánamo,Cuba,Caribbean,LATAM
926,Hirakata,Osaka,Japan,Eastern Asia,Asia Pacific
927,Cúa,Miranda,Venezuela,South America,LATAM
928,Abeokuta,Ogun,Nigeria,Western Africa,Africa
929,Hot Springs,Arkansas,United States,Southern US,USCA
930,Raipur,Uttarakhand,India,Southern Asia,Asia Pacific
931,Lianzhou,Guangdong,China,Eastern Asia,Asia Pacific
932,Waterloo,Iowa,United States,Central US,USCA
933,Andijon,Andijan,Uzbekistan,Central Asia,Asia Pacific
934,Taverny,Ile-de-France,France,Western Europe,Europe
935,Orange,New Jersey,United States,Eastern US,USCA
936,Guanare,Portuguesa,Venezuela,South America,LATAM
937,Lattes,Languedoc-Roussillon-Midi-Pyrénées,France,Western Europe,Europe
938,Zwickau,Saxony,Germany,Western Europe,Europe
939,Garland,Texas,United States,Central US,USCA
940,Vignola,Emilia-Romagna,Italy,Southern Europe,Europe
941,São Leopoldo,Rio Grande do Sul,Brazil,South America,LATAM
942,Mejicanos,San Salvador,El Salvador,Central America,LATAM
943,Canberra,Australian Capital Territory,Australia,Oceania,Asia Pacific
944,Piedecuesta,Santander,Colombia,South America,LATAM
945,Yokkaichi,Oita,Japan,Eastern Asia,Asia Pacific
946,Silopi,Sirnak,Turkey,Western Asia,Asia Pacific
947,Boynton Beach,Florida,United States,Southern US,USCA
948,Villefontaine,Auvergne-Rhône-Alpes,France,Western Europe,Europe
949,Evreux,Normandy,France,Western Europe,Europe
950,Girona,Catalonia,Spain,Southern Europe,Europe
951,Chartres,Centre-Val de Loire,France,Western Europe,Europe
952,Las Vegas,Nevada,United States,Western US,USCA
953,Danville,Illinois,United States,Central US,USCA
954,Asansol,West Bengal,India,Southern Asia,Asia Pacific
955,Ufa,Bashkortostan,Russia,Eastern Europe,Europe
956,Morelia,Michoacán,Mexico,Central America,LATAM
957,Alfortville,Ile-de-France,France,Western Europe,Europe
958,Trapani,Sicily,Italy,Southern Europe,Europe
959,Hefei,Anhui,China,Eastern Asia,Asia Pacific
960,Taizhou,Jiangsu,China,Eastern Asia,Asia Pacific
961,Ouidah,Atlantique,Benin,Western Africa,Africa
962,Nowra,New South Wales,Australia,Oceania,Asia Pacific
963,Saga,Saga,Japan,Eastern Asia,Asia Pacific
964,Santa Ana,California,United States,Western US,USCA
965,Novara,Piedmont,Italy,Southern Europe,Europe
966,Casoria,Campania,Italy,Southern Europe,Europe
967,Kakinada,Andhra Pradesh,India,Southern Asia,Asia Pacific
968,Mantes-la-Ville,Ile-de-France,France,Western Europe,Europe
969,Kerpen,North Rhine-Westphalia,Germany,Western Europe,Europe
970,La Madeleine,Nord-Pas-de-Calais-Picardie,France,Western Europe,Europe
971,Zaria,Kaduna,Nigeria,Western Africa,Africa
972,Jacksonville,North Carolina,United States,Southern US,USCA
973,Herat,Hirat,Afghanistan,Southern Asia,Asia Pacific
974,Xianyang,Shaanxi,China,Eastern Asia,Asia Pacific
975,Leipzig,Saxony,Germany,Western Europe,Europe
976,Dortmund,North Rhine-Westphalia,Germany,Western Europe,Europe
977,Maputo,Cidade De Maputo,Mozambique,Eastern Africa,Africa
978,Coventry,England,United Kingdom,Northern Europe,Europe
979,Villach,Carinthia,Austria,Western Europe,Europe
980,Jonesboro,Arkansas,United States,Southern US,USCA
981,Grand Prairie,Texas,United States,Central US,USCA
982,Gelsenkirchen,North Rhine-Westphalia,Germany,Western Europe,Europe
983,Balneário Camboriú,Santa Catarina,Brazil,South America,LATAM
984,Makurdi,Benue,Nigeria,Western Africa,Africa
985,Leoben,Styria,Austria,Western Europe,Europe
986,Concord,North Carolina,United States,Southern US,USCA
987,Broken Hill,New South Wales,Australia,Oceania,Asia Pacific
988,Whakatane,Bay of Plenty,New Zealand,Oceania,Asia Pacific
989,Sabadell,Catalonia,Spain,Southern Europe,Europe
990,Yaritagua,Yaracuy,Venezuela,South America,LATAM
991,Peshawar,Khyber Pakhtunkhwa,Pakistan,Southern Asia,Asia Pacific
992,Andover,Massachusetts,United States,Eastern US,USCA
993,Canton,Michigan,United States,Central US,USCA
994,Gonaïves,Artibonite,Haiti,Caribbean,LATAM
995,Loveland,Colorado,United States,Western US,USCA
996,Jackson,Mississippi,United States,Southern US,USCA
997,Beykoz,Istanbul,Turkey,Western Asia,Asia Pacific
998,Auch,Languedoc-Roussillon-Midi-Pyrénées,France,Western Europe,Europe
999,Malegaon,Maharashtra,India,Southern Asia,Asia Pacific
1000,Luhans'k,Luhans'k,Ukraine,Eastern Europe,Europe
1001,Salon-de-Provence,Provence-Alpes-Côte d'Azur,France,Western Europe,Europe
1002,Kaduna,Kaduna,Nigeria,Western Africa,Africa
1003,Sincan,Ankara,Turkey,Western Asia,Asia Pacific
1004,Brescia,Lombardy,Italy,Southern Europe,Europe
1005,Irapuato,Guanajuato,Mexico,Central America,LATAM
1006,São Miguel dos Campos,Alagoas,Brazil,South America,LATAM
1007,Kismaayo,Jubbada Hoose,Somalia,Eastern Africa,Africa
1008,Murfreesboro,Tennessee,United States,Southern US,USCA
1009,Mysore,Karnataka,India,Southern Asia,Asia Pacific
1010,Baia Mare,Maramures,Romania,Eastern Europe,Europe
1011,Lund,Skåne,Sweden,Northern Europe,Europe
1012,Pietermaritzburg,Kwazulu-natal,South Africa,Southern Africa,Africa
1013,Gulu,Gulu,Uganda,Eastern Africa,Africa
1014,Cestas,Aquitaine-Limousin-Poitou-Charentes,France,Western Europe,Europe
1015,Franco da Rocha,São Paulo,Brazil,South America,LATAM
1016,Frontera,Tabasco,Mexico,Central America,LATAM
1017,Missouri City,Texas,United States,Central US,USCA
1018,Dunedin,Otago,New Zealand,Oceania,Asia Pacific
1019,Kota,Chhattisgarh,India,Southern Asia,Asia Pacific
1020,Eskisehir,Eskisehir,Turkey,Western Asia,Asia Pacific
1021,Chimaltenango,Chimaltenango,Guatemala,Central America,LATAM
1022,Chaozhou,Guangdong,China,Eastern Asia,Asia Pacific
1023,Bayamo,Granma,Cuba,Caribbean,LATAM
1024,Moshi,Kilimanjaro,Tanzania,Eastern Africa,Africa
1025,Mesa,Arizona,United States,Western US,USCA
1026,Bornova,Izmir,Turkey,Western Asia,Asia Pacific
1027,Sittard,Limburg,Netherlands,Western Europe,Europe
1028,Victoria,Tamaulipas,Mexico,Central America,LATAM
1029,Tapachula,Chiapas,Mexico,Central America,LATAM
1030,Montreuil,Ile-de-France,France,Western Europe,Europe
1031,Ulsan,Ulsan,South Korea,Eastern Asia,Asia Pacific
1032,Valinhos,São Paulo,Brazil,South America,LATAM
1033,Ribeirão Preto,São Paulo,Brazil,South America,LATAM
1034,La Chorrera,Panama,Panama,Central America,LATAM
1035,Oss,North Brabant,Netherlands,Western Europe,Europe
1036,Quincy,Illinois,United States,Central US,USCA
1037,Malden,Massachusetts,United States,Eastern US,USCA
1038,San Mateo,California,United States,Western US,USCA
1039,Carpentras,Provence-Alpes-Côte d'Azur,France,Western Europe,Europe
1040,Bisceglie,Apulia,Italy,Southern Europe,Europe
1041,Blagoveshchensk,Bashkortostan,Russia,Eastern Europe,Europe
1042,Guadalajara,Jalisco,Mexico,Central America,LATAM
1043,Vicenza,Veneto,Italy,Southern Europe,Europe
1044,Newport News,Virginia,United States,Southern US,USCA
1045,Mackay,Queensland,Australia,Oceania,Asia Pacific
1046,Dieppe,Normandy,France,Western Europe,Europe
1047,Huntsville,Alabama,United States,Southern US,USCA
1048,Doha,Ad Dawhah,Qatar,Western Asia,Asia Pacific
1049,Cambridge,England,United Kingdom,Northern Europe,Europe
1050,Heyuan,Guangdong,China,Eastern Asia,Asia Pacific
1051,Córdoba,Veracruz,Mexico,Central America,LATAM
1052,Tengzhou,Shandong,China,Eastern Asia,Asia Pacific
1053,Tianjin,Tianjin,China,Eastern Asia,Asia Pacific
1054,Ramat Aviv,Tel Aviv,Israel,Western Asia,Asia Pacific
1055,Launceston,Tasmania,Australia,Oceania,Asia Pacific
1056,Itu,São Paulo,Brazil,South America,LATAM
1057,Constantine,Constantine,Algeria,North Africa,Africa
1058,Voiron,Auvergne-Rhône-Alpes,France,Western Europe,Europe
1059,Catania,Sicily,Italy,Southern Europe,Europe
1060,Port Elizabeth,Eastern Cape,South Africa,Southern Africa,Africa
1061,Louisville,Kentucky,United States,Southern US,USCA
1062,Limoges,Aquitaine-Limousin-Poitou-Charentes,France,Western Europe,Europe
1063,Heidelberg,Baden-Württemberg,Germany,Western Europe,Europe
1064,Yopal,Casanare,Colombia,South America,LATAM
1065,Franklin,Massachusetts,United States,Eastern US,USCA
1066,Tatuí,São Paulo,Brazil,South America,LATAM
1067,Oyama,Tochigi,Japan,Eastern Asia,Asia Pacific
1068,Kano,Kano,Nigeria,Western Africa,Africa
1069,Hyderabad,Sindh,Pakistan,Southern Asia,Asia Pacific
1070,Torreón,Coahuila,Mexico,Central America,LATAM
1071,Portici,Campania,Italy,Southern Europe,Europe
1072,Bhavnagar,Gujarat,India,Southern Asia,Asia Pacific
1073,Yazd,Yazd,Iran,Southern Asia,Asia Pacific
1074,Abha,'Asir,Saudi Arabia,Western Asia,Asia Pacific
1075,Cary,North Carolina,United States,Southern US,USCA
1076,Toledo,Ohio,United States,Eastern US,USCA
1077,New Brunswick,New Jersey,United States,Eastern US,USCA
1078,Apatzingán de la Constitución,Michoacán,Mexico,Central America,LATAM
1079,Sanary-sur-Mer,Provence-Alpes-Côte d'Azur,France,Western Europe,Europe
1080,Milwaukee,Wisconsin,United States,Central US,USCA
1081,Liaoyang,Liaoning,China,Eastern Asia,Asia Pacific
1082,Cranston,Rhode Island,United States,Eastern US,USCA
1083,Morogoro,Morogoro,Tanzania,Eastern Africa,Africa
1084,Ulhasnagar,Maharashtra,India,Southern Asia,Asia Pacific
1085,Melton,Victoria,Australia,Oceania,Asia Pacific
1086,Birkenhead,England,United Kingdom,Northern Europe,Europe
1087,Murcia,Murcia,Spain,Southern Europe,Europe
1088,San Luis Río Colorado,Sonora,Mexico,Central America,LATAM
1089,Lismore,New South Wales,Australia,Oceania,Asia Pacific
1090,Silao,Guanajuato,Mexico,Central America,LATAM
1091,Piotrkow Trybunalski,Lodz,Poland,Eastern Europe,Europe
1092,Perugia,Umbria,Italy,Southern Europe,Europe
1093,Gujrat,Punjab,Pakistan,Southern Asia,Asia Pacific
1094,Franca,São Paulo,Brazil,South America,LATAM
1095,Pomona,California,United States,Western US,USCA
1096,Ichalkaranji,Maharashtra,India,Southern Asia,Asia Pacific
1097,Dreux,Centre-Val de Loire,France,Western Europe,Europe
1098,Abuja,Abuja Capital Territory,Nigeria,Western Africa,Africa
1099,Resistencia,Chaco,Argentina,South America,LATAM
1100,San José de Guanipa,Anzoátegui,Venezuela,South America,LATAM
1101,San Francisco del Rincón,Guanajuato,Mexico,Central America,LATAM
1102,Boghni,Tizi Ouzou,Algeria,North Africa,Africa
1103,Fayetteville,Arkansas,United States,Southern US,USCA
1104,Armidale,New South Wales,Australia,Oceania,Asia Pacific
1105,Nguigmi,Diffa,Niger,Western Africa,Africa
1106,Lakeville,Minnesota,United States,Central US,USCA
1107,Siena,Tuscany,Italy,Southern Europe,Europe
1108,Oyonnax,Auvergne-Rhône-Alpes,France,Western Europe,Europe
1109,Gateshead,England,United Kingdom,Northern Europe,Europe
1110,Dongguan,Guangdong,China,Eastern Asia,Asia Pacific
1111,Heerlen,Limburg,Netherlands,Western Europe,Europe
1112,Caxias do Sul,Rio Grande do Sul,Brazil,South America,LATAM
1113,Istres,Provence-Alpes-Côte d'Azur,France,Western Europe,Europe
1114,Karimnagar,Telangana,India,Southern Asia,Asia Pacific
1115,Xiaogan,Hubei,China,Eastern Asia,Asia Pacific
1116,Dover,New Hampshire,United States,Eastern US,USCA
1117,Sargodha,Punjab,Pakistan,Southern Asia,Asia Pacific
1118,Kozhikode,Kerala,India,Southern Asia,Asia Pacific
1119,Remscheid,North Rhine-Westphalia,Germany,Western Europe,Europe
1120,Hesperia,California,United States,Western US,USCA
1121,Orsha,Vitsyebsk,Belarus,Eastern Europe,Europe
1122,Columbus,Ohio,United States,Eastern US,USCA
1123,Aurora,Colorado,United States,Western US,USCA
1124,Bucaramanga,Santander,Colombia,South America,LATAM
1125,San Jose,California,United States,Western US,USCA
1126,La Porte,Indiana,United States,Central US,USCA
1127,Walsall,England,United Kingdom,Northern Europe,Europe
1128,Jinhua,Zhejiang,China,Eastern Asia,Asia Pacific
1129,Khartoum,Khartoum,Sudan,North Africa,Africa
1130,Fuengirola,Andalusía,Spain,Southern Europe,Europe
1131,Wuzhou,Guangxi,China,Eastern Asia,Asia Pacific
1132,Fort Lauderdale,Florida,United States,Southern US,USCA
1133,Zhuzhou,Hunan,China,Eastern Asia,Asia Pacific
1134,Bergisch Gladbach,North Rhine-Westphalia,Germany,Western Europe,Europe
1135,Shulan,Jilin,China,Eastern Asia,Asia Pacific
1136,Salina Cruz,Oaxaca,Mexico,Central America,LATAM
1137,Billings,Montana,United States,Western US,USCA
1138,Redwood City,California,United States,Western US,USCA
1139,Schwerin,Mecklenburg-Vorpommern,Germany,Western Europe,Europe
1140,Hillsboro,Oregon,United States,Western US,USCA
1141,Midyat,Mardin,Turkey,Western Asia,Asia Pacific
1142,Oriximiná,Pará,Brazil,South America,LATAM
1143,Grigny,Ile-de-France,France,Western Europe,Europe
1144,Zhangjiakou,Hebei,China,Eastern Asia,Asia Pacific
1145,Bridgetown,Saint Michael,Barbados,Caribbean,LATAM
1146,Ludhiana,Punjab,India,Southern Asia,Asia Pacific
1147,Pouso Alegre,Minas Gerais,Brazil,South America,LATAM
1148,Camaçari,Bahia,Brazil,South America,LATAM
1149,San Luis Obispo,California,United States,Western US,USCA
1150,Santo André,São Paulo,Brazil,South America,LATAM
1151,Fremont,Nebraska,United States,Central US,USCA
1152,Zhytomyr,Zhytomyr,Ukraine,Eastern Europe,Europe
1153,Delray Beach,Florida,United States,Southern US,USCA
1154,Votuporanga,São Paulo,Brazil,South America,LATAM
1155,Huntsville,Texas,United States,Central US,USCA
1156,Coatzacoalcos,Veracruz,Mexico,Central America,LATAM
1157,Mixco,Guatemala,Guatemala,Central America,LATAM
1158,Bremen,Bremen,Germany,Western Europe,Europe
1159,Villeurbanne,Auvergne-Rhône-Alpes,France,Western Europe,Europe
1160,Hrodna,Hrodna,Belarus,Eastern Europe,Europe
1161,Potsdam,Brandenburg,Germany,Western Europe,Europe
1162,Kaiserslautern,Rhineland-Palatinate,Germany,Western Europe,Europe
1163,Linz,Upper Austria,Austria,Western Europe,Europe
1164,Vincennes,Ile-de-France,France,Western Europe,Europe
1165,Baghdad,Baghdad,Iraq,Western Asia,Asia Pacific
1166,Caloocan,National Capital,Philippines,Southeastern Asia,Asia Pacific
1167,Trinidad,Beni,Bolivia,South America,LATAM
1168,Johnson City,Tennessee,United States,Southern US,USCA
1169,Arraiján,Panama,Panama,Central America,LATAM
1170,Jiaxing,Zhejiang,China,Eastern Asia,Asia Pacific
1171,Inegol,Bursa,Turkey,Western Asia,Asia Pacific
1172,Bristol,England,United Kingdom,Northern Europe,Europe
1173,Vancouver,British Columbia,Canada,Canada,USCA
1174,Minuf,Al Minufiyah,Egypt,North Africa,Africa
1175,Córdoba,Córdoba,Argentina,South America,LATAM
1176,Ivano-Frankivs'k,Ivano-Frankivsk,Ukraine,Eastern Europe,Europe
1177,Alessandria,Piedmont,Italy,Southern Europe,Europe
1178,Springfield,Ohio,United States,Eastern US,USCA
1179,Nevsehir,Nevsehir,Turkey,Western Asia,Asia Pacific
1180,Boca Raton,Florida,United States,Southern US,USCA
1181,Pavlodar,Pavlodar,Kazakhstan,Central Asia,Asia Pacific
1182,Modica,Sicily,Italy,Southern Europe,Europe
1183,Fontenay-le-Comte,Pays de la Loire,France,Western Europe,Europe
1184,Pasco,Washington,United States,Western US,USCA
1185,Elmhurst,Illinois,United States,Central US,USCA
1186,Cork,Cork,Ireland,Northern Europe,Europe
1187,Indore,Madhya Pradesh,India,Southern Asia,Asia Pacific
1188,Abidjan,Lagunes,Côte d'Ivoire,Western Africa,Africa
1189,Hinckley,England,United Kingdom,Northern Europe,Europe
1190,Puno,Puno,Peru,South America,LATAM
1191,Cagliari,Sardinia,Italy,Southern Europe,Europe
1192,Portmore,Saint Catherine,Jamaica,Caribbean,LATAM
1193,Chaoyang,Jilin,China,Eastern Asia,Asia Pacific
1194,Maastricht,Limburg,Netherlands,Western Europe,Europe
1195,Arapongas,Parana,Brazil,South America,LATAM
1196,Ferrara,Emilia-Romagna,Italy,Southern Europe,Europe
1197,Namur,Namur,Belgium,Western Europe,Europe
1198,Athens,Georgia,United States,Southern US,USCA
1199,Rovigo,Veneto,Italy,Southern Europe,Europe
1200,Ibaraki,Osaka,Japan,Eastern Asia,Asia Pacific
1201,Northwich,England,United Kingdom,Northern Europe,Europe
1202,Dzhezkazgan,Qaraghandy,Kazakhstan,Central Asia,Asia Pacific
1203,Agra,Uttar Pradesh,India,Southern Asia,Asia Pacific
1204,Benghazi,Banghazi,Libya,North Africa,Africa
1205,Parma,Ohio,United States,Eastern US,USCA
1206,Soacha,Cundinamarca,Colombia,South America,LATAM
1207,League City,Texas,United States,Central US,USCA
1208,Villeparisis,Ile-de-France,France,Western Europe,Europe
1209,Lormont,Aquitaine-Limousin-Poitou-Charentes,France,Western Europe,Europe
1210,Bourgoin-Jallieu,Auvergne-Rhône-Alpes,France,Western Europe,Europe
1211,Constanta,Constanta,Romania,Eastern Europe,Europe
1212,Tours,Centre-Val de Loire,France,Western Europe,Europe
1213,Melilla,Melilla,Spain,Southern Europe,Europe
1214,Iskenderun,Hatay,Turkey,Western Asia,Asia Pacific
1215,Bello,Antioquia,Colombia,South America,LATAM
1216,Gladbeck,North Rhine-Westphalia,Germany,Western Europe,Europe
1217,Bad Waldsee,Baden-Württemberg,Germany,Western Europe,Europe
1218,Taipei,Taipei City,Taiwan,Eastern Asia,Asia Pacific
1219,Zapopan,Jalisco,Mexico,Central America,LATAM
1220,Philadelphia,Pennsylvania,United States,Eastern US,USCA
1221,Kendari,Sulawesi Tenggara,Indonesia,Southeastern Asia,Asia Pacific
1222,Burlington,Vermont,United States,Eastern US,USCA
1223,Las Pinas,National Capital,Philippines,Southeastern Asia,Asia Pacific
1224,Arauca,Arauca,Colombia,South America,LATAM
1225,Toronto,Ontario,Canada,Canada,USCA
1226,Rivne,Rivne,Ukraine,Eastern Europe,Europe
1227,Cox’s Bāzār,Chittagong,Bangladesh,Southern Asia,Asia Pacific
1228,Celle,Lower Saxony,Germany,Western Europe,Europe
1229,Ras al Khaymah,Ra's Al Khaymah,United Arab Emirates,Western Asia,Asia Pacific
1230,Porirua,Wellington,New Zealand,Oceania,Asia Pacific
1231,Tournai,Hainaut,Belgium,Western Europe,Europe
1232,Lome,Maritime,Togo,Western Africa,Africa
1233,Mauá,São Paulo,Brazil,South America,LATAM
1234,Livry-Gargan,Ile-de-France,France,Western Europe,Europe
1235,Purmerend,North Holland,Netherlands,Western Europe,Europe
1236,George,Western Cape,South Africa,Southern Africa,Africa
1237,Dartmouth,Nova Scotia,Canada,Canada,USCA
1238,Laiyang,Shandong,China,Eastern Asia,Asia Pacific
1239,Lima,Lima (city),Peru,South America,LATAM
1240,Kinshasa,Kinshasa,Congo [DRC],Central Africa,Africa
1241,Siegen,North Rhine-Westphalia,Germany,Western Europe,Europe
1242,Wadi as Sir,'Amman,Jordan,Western Asia,Asia Pacific
1243,Kowloon,Hong Kong,Hong Kong,Eastern Asia,Asia Pacific
1244,Avon,Ile-de-France,France,Western Europe,Europe
1245,Maisons-Alfort,Ile-de-France,France,Western Europe,Europe
1246,Skikda,Skikda,Algeria,North Africa,Africa
1247,Larache,Tanger-Tétouan,Morocco,North Africa,Africa
1248,Zhlobin,Homyel',Belarus,Eastern Europe,Europe
1249,Zhangzhou,Fujian,China,Eastern Asia,Asia Pacific
1250,Parintins,Amazonas,Brazil,South America,LATAM
1251,Newcastle,New South Wales,Australia,Oceania,Asia Pacific
1252,Dallas,Texas,United States,Central US,USCA
1253,Suzhou,Gansu,China,Eastern Asia,Asia Pacific
1254,Jiutai,Jilin,China,Eastern Asia,Asia Pacific
1255,Progreso,Yucatán,Mexico,Central America,LATAM
1256,Le Chesnay,Ile-de-France,France,Western Europe,Europe
1257,Woking,England,United Kingdom,Northern Europe,Europe
1258,Bordeaux,Aquitaine-Limousin-Poitou-Charentes,France,Western Europe,Europe
1259,Plainfield,New Jersey,United States,Eastern US,USCA
1260,Shahjahanpur,Uttar Pradesh,India,Southern Asia,Asia Pacific
1261,Rolândia,Parana,Brazil,South America,LATAM
1262,São Benedito,Ceará,Brazil,South America,LATAM
1263,Sanming,Fujian,China,Eastern Asia,Asia Pacific
1264,Guangshui,Hubei,China,Eastern Asia,Asia Pacific
1265,Mosul,Ninawa,Iraq,Western Asia,Asia Pacific
1266,Soyapango,San Salvador,El Salvador,Central America,LATAM
1267,Les Clayes-sous-Bois,Ile-de-France,France,Western Europe,Europe
1268,Aurora,Illinois,United States,Central US,USCA
1269,Raipur,Rajasthan,India,Southern Asia,Asia Pacific
1270,Nuevo Laredo,Tamaulipas,Mexico,Central America,LATAM
1271,Valladolid,Castile and León,Spain,Southern Europe,Europe
1272,Kremenchuk,Poltava,Ukraine,Eastern Europe,Europe
1273,Bremerhaven,Bremen,Germany,Western Europe,Europe
1274,Garanhuns,Pernambuco,Brazil,South America,LATAM
1275,Sapele,Delta,Nigeria,Western Africa,Africa
1276,Getafe,Madrid,Spain,Southern Europe,Europe
1277,Oakland,California,United States,Western US,USCA
1278,Bedford,Texas,United States,Central US,USCA
1279,Allauch,Provence-Alpes-Côte d'Azur,France,Western Europe,Europe
1280,Cologne,North Rhine-Westphalia,Germany,Western Europe,Europe
1281,Columbia,South Carolina,United States,Southern US,USCA
1282,Tianguá,Ceará,Brazil,South America,LATAM
1283,Roseville,Michigan,United States,Central US,USCA
1284,Cuajimalpa,Distrito Federal,Mexico,Central America,LATAM
1285,Amersfoort,Utrecht,Netherlands,Western Europe,Europe
1286,Potchefstroom,North-West,South Africa,Southern Africa,Africa
1287,Tasikmalaya,Jawa Barat,Indonesia,Southeastern Asia,Asia Pacific
1288,Montería,Córdoba,Colombia,South America,LATAM
1289,Bakersfield,California,United States,Western US,USCA
1290,Antony,Ile-de-France,France,Western Europe,Europe
1291,Harare,Harare,Zimbabwe,Eastern Africa,Africa
1292,Huzhou,Zhejiang,China,Eastern Asia,Asia Pacific
1293,Yantai,Shandong,China,Eastern Asia,Asia Pacific
1294,Knoxville,Tennessee,United States,Southern US,USCA
1295,Tuscaloosa,Alabama,United States,Southern US,USCA
1296,Neuilly-sur-Seine,Ile-de-France,France,Western Europe,Europe
1297,Wellington,Wellington,New Zealand,Oceania,Asia Pacific
1298,Ibagué,Tolima,Colombia,South America,LATAM
1299,Srinagar,Uttarakhand,India,Southern Asia,Asia Pacific
1300,Jixi,Heilongjiang,China,Eastern Asia,Asia Pacific
1301,Santander,Cantabria,Spain,Southern Europe,Europe
1302,Sindelfingen,Baden-Württemberg,Germany,Western Europe,Europe
1303,Suzhou,Jiangsu,China,Eastern Asia,Asia Pacific
1304,Piedras Negras,Coahuila,Mexico,Central America,LATAM
1305,Homestead,Florida,United States,Southern US,USCA
1306,Farroupilha,Rio Grande do Sul,Brazil,South America,LATAM
1307,Vryburg,North-West,South Africa,Southern Africa,Africa
1308,Sassari,Sardinia,Italy,Southern Europe,Europe
1309,Brighton,England,United Kingdom,Northern Europe,Europe
1310,Troisdorf,North Rhine-Westphalia,Germany,Western Europe,Europe
1311,Cuiabá,Mato Grosso,Brazil,South America,LATAM
1312,Anantapur,Andhra Pradesh,India,Southern Asia,Asia Pacific
1313,Christchurch,Canterbury,New Zealand,Oceania,Asia Pacific
1314,Guatemala City,Guatemala,Guatemala,Central America,LATAM
1315,Gronau,North Rhine-Westphalia,Germany,Western Europe,Europe
1316,Jiutepec,Morelos,Mexico,Central America,LATAM
1317,Rotterdam,South Holland,Netherlands,Western Europe,Europe
1318,Rugby,England,United Kingdom,Northern Europe,Europe
1319,Kuching,Sarawak,Malaysia,Southeastern Asia,Asia Pacific
1320,Itajaí,Santa Catarina,Brazil,South America,LATAM
1321,Muret,Languedoc-Roussillon-Midi-Pyrénées,France,Western Europe,Europe
1322,Lunel,Languedoc-Roussillon-Midi-Pyrénées,France,Western Europe,Europe
1323,Schiedam,South Holland,Netherlands,Western Europe,Europe
1324,Mission Viejo,California,United States,Western US,USCA
1325,Randfontein,Gauteng,South Africa,Southern Africa,Africa
1326,Panihati,West Bengal,India,Southern Asia,Asia Pacific
1327,Vitoria,Basque Country,Spain,Southern Europe,Europe
1328,Sarreguemines,Alsace-Champagne-Ardenne-Lorraine,France,Western Europe,Europe
1329,Jingmen,Hubei,China,Eastern Asia,Asia Pacific
1330,Kalush,Ivano-Frankivsk,Ukraine,Eastern Europe,Europe
1331,Millau,Languedoc-Roussillon-Midi-Pyrénées,France,Western Europe,Europe
1332,Caldwell,Idaho,United States,Western US,USCA
1333,Carrefour,Ouest,Haiti,Caribbean,LATAM
1334,Villahermosa,Tabasco,Mexico,Central America,LATAM
1335,Basra,Al Basrah,Iraq,Western Asia,Asia Pacific
1336,Montecatini Terme,Tuscany,Italy,Southern Europe,Europe
1337,Shizuishan,Ningxia,China,Eastern Asia,Asia Pacific
1338,Kota,Rajasthan,India,Southern Asia,Asia Pacific
1339,Neijiang,Sichuan,China,Eastern Asia,Asia Pacific
1340,Jacareí,São Paulo,Brazil,South America,LATAM
1341,Gillingham,England,United Kingdom,Northern Europe,Europe
1342,Sevran,Ile-de-France,France,Western Europe,Europe
1343,Corrientes,Corrientes,Argentina,South America,LATAM
1344,Ilopango,San Salvador,El Salvador,Central America,LATAM
1345,Montgomery,Alabama,United States,Southern US,USCA
1346,Beirut,Beirut,Lebanon,Western Asia,Asia Pacific
1347,Boulogne-sur-Mer,Nord-Pas-de-Calais-Picardie,France,Western Europe,Europe
1348,Poznan,Greater Poland,Poland,Eastern Europe,Europe
1349,Calais,Nord-Pas-de-Calais-Picardie,France,Western Europe,Europe
1350,Tarnow,Lesser Poland,Poland,Eastern Europe,Europe
1351,Zilina,Žilina,Slovakia,Eastern Europe,Europe
1352,La Ciotat,Provence-Alpes-Côte d'Azur,France,Western Europe,Europe
1353,Tarragona,Catalonia,Spain,Southern Europe,Europe
1354,Le Petit-Quevilly,Normandy,France,Western Europe,Europe
1355,Ixtapaluca,México,Mexico,Central America,LATAM
1356,Decatur,Alabama,United States,Southern US,USCA
1357,Bolzano,Trentino-Alto Adige,Italy,Southern Europe,Europe
1358,Hattiesburg,Mississippi,United States,Southern US,USCA
1359,Kirovohrad,Kirovohrad,Ukraine,Eastern Europe,Europe
1360,Lagos,Lagos,Nigeria,Western Africa,Africa
1361,Palermo,Sicily,Italy,Southern Europe,Europe
1362,Resende,Rio de Janeiro,Brazil,South America,LATAM
1363,Bendigo,Victoria,Australia,Oceania,Asia Pacific
1364,Miguel Hidalgo,Distrito Federal,Mexico,Central America,LATAM
1365,Chaguanas,Chaguanas,Trinidad and Tobago,Caribbean,LATAM
1366,Etimesgut,Ankara,Turkey,Western Asia,Asia Pacific
1367,Colima,Colima,Mexico,Central America,LATAM
1368,Ivanovo,Ivanovo,Russia,Eastern Europe,Europe
1369,Kota Kinabalu,Sabah,Malaysia,Southeastern Asia,Asia Pacific
1370,Herten,North Rhine-Westphalia,Germany,Western Europe,Europe
1371,Bagé,Rio Grande do Sul,Brazil,South America,LATAM
1372,Viña del Mar,Valparaíso,Chile,South America,LATAM
1373,Andria,Apulia,Italy,Southern Europe,Europe
1374,Beni Suef,Bani Suwayf,Egypt,North Africa,Africa
1375,Lakewood,California,United States,Western US,USCA
1376,Unna,North Rhine-Westphalia,Germany,Western Europe,Europe
1377,Norderstedt,Schleswig-Holstein,Germany,Western Europe,Europe
1378,Pisa,Tuscany,Italy,Southern Europe,Europe
1379,Igarassu,Pernambuco,Brazil,South America,LATAM
1380,La Crosse,Wisconsin,United States,Central US,USCA
1381,Elyria,Ohio,United States,Eastern US,USCA
1382,São José dos Campos,São Paulo,Brazil,South America,LATAM
1383,Ho Chi Minh City,Ho Chí Minh City,Vietnam,Southeastern Asia,Asia Pacific
1384,Santo Domingo,Santo Domingo,Dominican Republic,Caribbean,LATAM
1385,Swansea,Wales,United Kingdom,Northern Europe,Europe
1386,Garoua,Nord,Cameroon,Central Africa,Africa
1387,Auxerre,Bourgogne-Franche-Comté,France,Western Europe,Europe
1388,Balti,Balti,Moldova,Eastern Europe,Europe
1389,Zeist,Utrecht,Netherlands,Western Europe,Europe
1390,Bragança Paulista,São Paulo,Brazil,South America,LATAM
1391,Morón,Ciego de Ávila,Cuba,Caribbean,LATAM
1392,Tinaquillo,Cojedes,Venezuela,South America,LATAM
1393,Guarapuava,Parana,Brazil,South America,LATAM
1394,Bento Gonçalves,Rio Grande do Sul,Brazil,South America,LATAM
1395,Shrewsbury,England,United Kingdom,Northern Europe,Europe
1396,Marseille,Provence-Alpes-Côte d'Azur,France,Western Europe,Europe
1397,Geraldton,Western Australia,Australia,Oceania,Asia Pacific
1398,Buenos Aires,Buenos Aires,Argentina,South America,LATAM
1399,Birmingham,England,United Kingdom,Northern Europe,Europe
1400,Escuintla,Escuintla,Guatemala,Central America,LATAM
1401,Napier,Hawke's Bay,New Zealand,Oceania,Asia Pacific
1402,Fort Portal,Kabarole,Uganda,Eastern Africa,Africa
1403,Peterborough,England,United Kingdom,Northern Europe,Europe
1404,El Paso,Texas,United States,Central US,USCA
1405,Kisangani,Orientale,Congo [DRC],Central Africa,Africa
1406,Usak,Usak,Turkey,Western Asia,Asia Pacific
1407,Barranquilla,Atlántico,Colombia,South America,LATAM
1408,Mount Gambier,South Australia,Australia,Oceania,Asia Pacific
1409,Molfetta,Apulia,Italy,Southern Europe,Europe
1410,Burbank,California,United States,Western US,USCA
1411,Saqqez,Kordestan,Iran,Southern Asia,Asia Pacific
1412,Onitsha,Anambra,Nigeria,Western Africa,Africa
1413,Noisy-le-Grand,Ile-de-France,France,Western Europe,Europe
1414,Kingston,Ontario,Canada,Canada,USCA
1415,Chincha Alta,Ica,Peru,South America,LATAM
1416,Rockford,Illinois,United States,Central US,USCA
1417,Varamin,Tehran,Iran,Southern Asia,Asia Pacific
1418,Asunción,Asunción,Paraguay,South America,LATAM
1419,Beijing,Beijing,China,Eastern Asia,Asia Pacific
1420,Dewas,Madhya Pradesh,India,Southern Asia,Asia Pacific
1421,Bonao,Monseñor Nouel,Dominican Republic,Caribbean,LATAM
1422,Esquina,Corrientes,Argentina,South America,LATAM
1423,Great Yarmouth,England,United Kingdom,Northern Europe,Europe
1424,Bilbao,Basque Country,Spain,Southern Europe,Europe
1425,Las Rozas de Madrid,Madrid,Spain,Southern Europe,Europe
1426,Bayeux,Normandy,France,Western Europe,Europe
1427,Iranshahr,Sistan Va Baluchestan,Iran,Southern Asia,Asia Pacific
1428,Woonsocket,Rhode Island,United States,Eastern US,USCA
1429,Hyderabad,Telangana,India,Southern Asia,Asia Pacific
1430,Qom,Qom,Iran,Southern Asia,Asia Pacific
1431,Heroica Zitácuaro,Michoacán,Mexico,Central America,LATAM
1432,Brest,Brittany,France,Western Europe,Europe
1433,Carlisle,England,United Kingdom,Northern Europe,Europe
1434,Lanxi,Zhejiang,China,Eastern Asia,Asia Pacific
1435,Faches-Thumesnil,Nord-Pas-de-Calais-Picardie,France,Western Europe,Europe
1436,Jos,Plateau,Nigeria,Western Africa,Africa
1437,Puerto Vallarta,Jalisco,Mexico,Central America,LATAM
1438,Rostock,Mecklenburg-Vorpommern,Germany,Western Europe,Europe
1439,Birjand,South Khorasan,Iran,Southern Asia,Asia Pacific
1440,Cuttack,Odisha,India,Southern Asia,Asia Pacific
1441,La Crau,Provence-Alpes-Côte d'Azur,France,Western Europe,Europe
1442,Bayeux,Paraíba,Brazil,South America,LATAM
1443,Saharanpur,Uttar Pradesh,India,Southern Asia,Asia Pacific
1444,Cambridge,Massachusetts,United States,Eastern US,USCA
1445,Comodoro Rivadavia,Chubut,Argentina,South America,LATAM
1446,Henderson,Nevada,United States,Western US,USCA
1447,Maracaibo,Zulia,Venezuela,South America,LATAM
1448,Tlalnepantla,México,Mexico,Central America,LATAM
1449,Mont-de-Marsan,Aquitaine-Limousin-Poitou-Charentes,France,Western Europe,Europe
1450,Lakewood,New Jersey,United States,Eastern US,USCA
1451,Hurghada,Al Bahr Al Ahmar,Egypt,North Africa,Africa
1452,Gradignan,Aquitaine-Limousin-Poitou-Charentes,France,Western Europe,Europe
1453,Yamoussoukro,Lacs,Côte d'Ivoire,Western Africa,Africa
1454,Austin,Texas,United States,Central US,USCA
1455,Shihezi,Xinjiang Uygur,China,Eastern Asia,Asia Pacific
1456,Greifswald,Mecklenburg-Vorpommern,Germany,Western Europe,Europe
1457,Quixadá,Ceará,Brazil,South America,LATAM
1458,Chenzhou,Hunan,China,Eastern Asia,Asia Pacific
1459,Satna,Madhya Pradesh,India,Southern Asia,Asia Pacific
1460,Crato,Ceará,Brazil,South America,LATAM
1461,Stockton,California,United States,Western US,USCA
1462,Rafsanjan,Kerman,Iran,Southern Asia,Asia Pacific
1463,Toledo,Parana,Brazil,South America,LATAM
1464,Drancy,Ile-de-France,France,Western Europe,Europe
1465,Lille,Nord-Pas-de-Calais-Picardie,France,Western Europe,Europe
1466,Chengdu,Sichuan,China,Eastern Asia,Asia Pacific
1467,Xianning,Hubei,China,Eastern Asia,Asia Pacific
1468,Guelma,Guelma,Algeria,North Africa,Africa
1469,Clamart,Ile-de-France,France,Western Europe,Europe
1470,Puerto La Cruz,Anzoátegui,Venezuela,South America,LATAM
1471,Little Rock,Arkansas,United States,Southern US,USCA
1472,Benxi,Liaoning,China,Eastern Asia,Asia Pacific
1473,Owerri,Imo,Nigeria,Western Africa,Africa
1474,Amravati,Maharashtra,India,Southern Asia,Asia Pacific
1475,San Gabriel,California,United States,Western US,USCA
1476,Medan,Sumatera Utara,Indonesia,Southeastern Asia,Asia Pacific
1477,Lower Hutt,Wellington,New Zealand,Oceania,Asia Pacific
1478,Jhansi,Uttar Pradesh,India,Southern Asia,Asia Pacific
1479,Neunkirchen,Saarland,Germany,Western Europe,Europe
1480,Gien,Centre-Val de Loire,France,Western Europe,Europe
1481,Carlsbad,New Mexico,United States,Western US,USCA
1482,Hamilton,Waikato,New Zealand,Oceania,Asia Pacific
1483,Changzhou,Jiangsu,China,Eastern Asia,Asia Pacific
1484,San Juan del Río,Querétaro,Mexico,Central America,LATAM
1485,Bergamo,Lombardy,Italy,Southern Europe,Europe
1486,Sangli,Maharashtra,India,Southern Asia,Asia Pacific
1487,Guasave,Sinaloa,Mexico,Central America,LATAM
1488,Parbhani,Maharashtra,India,Southern Asia,Asia Pacific
1489,Saint-Germain-en-Laye,Ile-de-France,France,Western Europe,Europe
1490,Mashhad,Razavi Khorasan,Iran,Southern Asia,Asia Pacific
1491,Lisbon,Lisboa,Portugal,Southern Europe,Europe
1492,Nice,Provence-Alpes-Côte d'Azur,France,Western Europe,Europe
1493,Thika,Central,Kenya,Eastern Africa,Africa
1494,Passaic,New Jersey,United States,Eastern US,USCA
1495,Gawler,South Australia,Australia,Oceania,Asia Pacific
1496,Vaughan,Ontario,Canada,Canada,USCA
1497,Bamenda,Nord-Ouest,Cameroon,Central Africa,Africa
1498,Kenner,Louisiana,United States,Southern US,USCA
1499,Guzmán,Jalisco,Mexico,Central America,LATAM
1500,Jackson,Michigan,United States,Central US,USCA
1501,Mubi,Adamawa,Nigeria,Western Africa,Africa
1502,Villa Frontera,Coahuila,Mexico,Central America,LATAM
1503,Nieuwegein,Utrecht,Netherlands,Western Europe,Europe
1504,Stakhanov,Luhans'k,Ukraine,Eastern Europe,Europe
1505,Deuil-la-Barre,Ile-de-France,France,Western Europe,Europe
1506,Homyel',Homyel',Belarus,Eastern Europe,Europe
1507,Tabuk,Tabuk,Saudi Arabia,Western Asia,Asia Pacific
1508,Kumasi,Ashanti,Ghana,Western Africa,Africa
1509,Salem,Virginia,United States,Southern US,USCA
1510,Djougou,Donga,Benin,Western Africa,Africa
1511,Moncalieri,Piedmont,Italy,Southern Europe,Europe
1512,Torrevieja,Valenciana,Spain,Southern Europe,Europe
1513,Osmaniye,Osmaniye,Turkey,Western Asia,Asia Pacific
1514,Laghouat,Laghouat,Algeria,North Africa,Africa
1515,Aoba-ku,Kanagawa,Japan,Eastern Asia,Asia Pacific
1516,Torre del Greco,Campania,Italy,Southern Europe,Europe
1517,Craiova,Dolj,Romania,Eastern Europe,Europe
1518,Echuca,Victoria,Australia,Oceania,Asia Pacific
1519,Fuzhou,Fujian,China,Eastern Asia,Asia Pacific
1520,Linyi,Shandong,China,Eastern Asia,Asia Pacific
1521,Poissy,Ile-de-France,France,Western Europe,Europe
1522,Peer,Limburg,Belgium,Western Europe,Europe
1523,Minden,North Rhine-Westphalia,Germany,Western Europe,Europe
1524,Camagüey,Camagüey,Cuba,Caribbean,LATAM
1525,Jiangdu,Jiangsu,China,Eastern Asia,Asia Pacific
1526,Modena,Emilia-Romagna,Italy,Southern Europe,Europe
1527,Castres,Languedoc-Roussillon-Midi-Pyrénées,France,Western Europe,Europe
1528,Turin,Piedmont,Italy,Southern Europe,Europe
1529,Kabul,Kabul,Afghanistan,Southern Asia,Asia Pacific
1530,Breda,North Brabant,Netherlands,Western Europe,Europe
1531,Bene Beraq,Tel Aviv,Israel,Western Asia,Asia Pacific
1532,Noda,Chiba,Japan,Eastern Asia,Asia Pacific
1533,Cessnock,New South Wales,Australia,Oceania,Asia Pacific
1534,Bukavu,South Kivu,Congo [DRC],Central Africa,Africa
1535,Salamanca,Guanajuato,Mexico,Central America,LATAM
1536,Santa Cruz de Barahona,Barahona,Dominican Republic,Caribbean,LATAM
1537,St. Catharines,Ontario,Canada,Canada,USCA
1538,Myslowice,Silesia,Poland,Eastern Europe,Europe
1539,Silivri,Istanbul,Turkey,Western Asia,Asia Pacific
1540,Neuilly-Plaisance,Ile-de-France,France,Western Europe,Europe
1541,Vigo,Galicia,Spain,Southern Europe,Europe
1542,Tupã,São Paulo,Brazil,South America,LATAM
1543,Guelph,Ontario,Canada,Canada,USCA
1544,Serra,Espírito Santo,Brazil,South America,LATAM
1545,Leuven,Flemish Brabant,Belgium,Western Europe,Europe
1546,Yuncheng,Shanxi,China,Eastern Asia,Asia Pacific
1547,Monroe,Louisiana,United States,Southern US,USCA
1548,Al Amarah,Maysan,Iraq,Western Asia,Asia Pacific
1549,Saint-Quentin,Nord-Pas-de-Calais-Picardie,France,Western Europe,Europe
1550,Clovis,New Mexico,United States,Western US,USCA
1551,Naihati,West Bengal,India,Southern Asia,Asia Pacific
1552,Kenosha,Wisconsin,United States,Central US,USCA
1553,Marrakech,Marrakech-Tensift-El Haouz,Morocco,North Africa,Africa
1554,Mexicali,Baja California,Mexico,Central America,LATAM
1555,Padang,Sumatera Barat,Indonesia,Southeastern Asia,Asia Pacific
1556,Smyrna,Georgia,United States,Southern US,USCA
1557,Hubli,Karnataka,India,Southern Asia,Asia Pacific
1558,Afyon,Afyonkarahisar,Turkey,Western Asia,Asia Pacific
1559,Nagpur,Maharashtra,India,Southern Asia,Asia Pacific
1560,Annaba,Annaba,Algeria,North Africa,Africa
1561,Vijayawada,Andhra Pradesh,India,Southern Asia,Asia Pacific
1562,Ramat Gan,Tel Aviv,Israel,Western Asia,Asia Pacific
1563,Temecula,California,United States,Western US,USCA
1564,Den Helder,North Holland,Netherlands,Western Europe,Europe
1565,Sunderland,England,United Kingdom,Northern Europe,Europe
1566,Indaial,Santa Catarina,Brazil,South America,LATAM
1567,Santana de Parnaíba,São Paulo,Brazil,South America,LATAM
1568,Manchester,England,United Kingdom,Northern Europe,Europe
1569,Granada,Andalusía,Spain,Southern Europe,Europe
1570,Wuchuan,Guangdong,China,Eastern Asia,Asia Pacific
1571,Kolhapur,Maharashtra,India,Southern Asia,Asia Pacific
1572,Matanzas,Matanzas,Cuba,Caribbean,LATAM
1573,Augsburg,Bavaria,Germany,Western Europe,Europe
1574,Kankan,Kankan,Guinea,Western Africa,Africa
1575,Guimarães,Braga,Portugal,Southern Europe,Europe
1576,Huainan,Anhui,China,Eastern Asia,Asia Pacific
1577,Milford,Connecticut,United States,Eastern US,USCA
1578,Luoyang,Henan,China,Eastern Asia,Asia Pacific
1579,Osny,Ile-de-France,France,Western Europe,Europe
1580,Langenhagen,Lower Saxony,Germany,Western Europe,Europe
1581,Pocatello,Idaho,United States,Western US,USCA
1582,Vaulx-en-Velin,Auvergne-Rhône-Alpes,France,Western Europe,Europe
1583,Maceió,Alagoas,Brazil,South America,LATAM
1584,Murray Bridge,South Australia,Australia,Oceania,Asia Pacific
1585,Saint-Gratien,Ile-de-France,France,Western Europe,Europe
1586,Montpellier,Languedoc-Roussillon-Midi-Pyrénées,France,Western Europe,Europe
1587,Sioux Falls,South Dakota,United States,Central US,USCA
1588,Villeneuve-d'Ascq,Nord-Pas-de-Calais-Picardie,France,Western Europe,Europe
1589,Malakoff,Ile-de-France,France,Western Europe,Europe
1590,Gurupi,Tocantins,Brazil,South America,LATAM
1591,Detmold,North Rhine-Westphalia,Germany,Western Europe,Europe
1592,Luton,England,United Kingdom,Northern Europe,Europe
1593,Sanford,Florida,United States,Southern US,USCA
1594,Bielefeld,North Rhine-Westphalia,Germany,Western Europe,Europe
1595,Basildon,England,United Kingdom,Northern Europe,Europe
1596,Montesson,Ile-de-France,France,Western Europe,Europe
1597,Chingola,Copperbelt,Zambia,Eastern Africa,Africa
1598,Satu Mare,Satu Mare,Romania,Eastern Europe,Europe
1599,Londrina,Parana,Brazil,South America,LATAM
1600,Fresno,California,United States,Western US,USCA
1601,Talavera de la Reina,Castile-La Mancha,Spain,Southern Europe,Europe
1602,Messina,Sicily,Italy,Southern Europe,Europe
1603,Cotonou,Littoral,Benin,Western Africa,Africa
1604,Gebze,Kocaeli,Turkey,Western Asia,Asia Pacific
1605,Bolívar,Bolivar,Venezuela,South America,LATAM
1606,Blanquefort,Aquitaine-Limousin-Poitou-Charentes,France,Western Europe,Europe
1607,Muscat,Muscat,Oman,Western Asia,Asia Pacific
1608,Minna,Niger,Nigeria,Western Africa,Africa
1609,Cherkasy,Cherkasy,Ukraine,Eastern Europe,Europe
1610,La Chapelle-sur-Erdre,Pays de la Loire,France,Western Europe,Europe
1611,Opole,Opole,Poland,Eastern Europe,Europe
1612,Villenave-d'Ornon,Aquitaine-Limousin-Poitou-Charentes,France,Western Europe,Europe
1613,Le Blanc-Mesnil,Ile-de-France,France,Western Europe,Europe
1614,Camocim,Ceará,Brazil,South America,LATAM
1615,Markham,Ontario,Canada,Canada,USCA
1616,Novo Cruzeiro,Minas Gerais,Brazil,South America,LATAM
1617,Cournon-d'Auvergne,Auvergne,France,Western Europe,Europe
1618,Twin Falls,Idaho,United States,Western US,USCA
1619,Sabanalarga,Atlántico,Colombia,South America,LATAM
1620,Santiago de los Caballeros,Santiago,Dominican Republic,Caribbean,LATAM
1621,Hazebrouck,Nord-Pas-de-Calais-Picardie,France,Western Europe,Europe
1622,Amol,Mazandaran,Iran,Southern Asia,Asia Pacific
1623,Gilbert,Arizona,United States,Western US,USCA
1624,Heilbronn,Baden-Württemberg,Germany,Western Europe,Europe
1625,Temixco,Morelos,Mexico,Central America,LATAM
1626,Anyang,Henan,China,Eastern Asia,Asia Pacific
1627,Ensenada,Baja California,Mexico,Central America,LATAM
1628,Tallahassee,Florida,United States,Southern US,USCA
1629,Shanwei,Guangdong,China,Eastern Asia,Asia Pacific
1630,Karlstad,Värmland,Sweden,Northern Europe,Europe
1631,Marsala,Sicily,Italy,Southern Europe,Europe
1632,Massy,Ile-de-France,France,Western Europe,Europe
1633,Port Arthur,Texas,United States,Central US,USCA
1634,Loubomo,Niari,Congo [Republic],Central Africa,Africa
1635,Zigong,Sichuan,China,Eastern Asia,Asia Pacific
1636,Sucy-en-Brie,Ile-de-France,France,Western Europe,Europe
1637,Herne,North Rhine-Westphalia,Germany,Western Europe,Europe
1638,Invercargill,Southland,New Zealand,Oceania,Asia Pacific
1639,Cleveland,Ohio,United States,Eastern US,USCA
1640,Yao,Osaka,Japan,Eastern Asia,Asia Pacific
1641,Berdyans'k,Zaporizhzhya,Ukraine,Eastern Europe,Europe
1642,Jacksonville,Florida,United States,Southern US,USCA
1643,Moca,Espaillat,Dominican Republic,Caribbean,LATAM
1644,Marbella,Andalusía,Spain,Southern Europe,Europe
1645,Bialystok,Podlaskie,Poland,Eastern Europe,Europe
1646,Dubuque,Iowa,United States,Central US,USCA
1647,La Mesa,California,United States,Western US,USCA
1648,Jakarta,Jakarta,Indonesia,Southeastern Asia,Asia Pacific
1649,Baku,Baki,Azerbaijan,Western Asia,Asia Pacific
1650,Tlaquepaque,Jalisco,Mexico,Central America,LATAM
1651,Cairo,Al Qahirah,Egypt,North Africa,Africa
1652,Lokossa,Mono,Benin,Western Africa,Africa
1653,Kotka,Kymenlaakso,Finland,Northern Europe,Europe
1654,Oldenburg,Lower Saxony,Germany,Western Europe,Europe
1655,Guyancourt,Ile-de-France,France,Western Europe,Europe
1656,Katoomba,New South Wales,Australia,Oceania,Asia Pacific
1657,Griffith,New South Wales,Australia,Oceania,Asia Pacific
1658,Ueda,Nagano,Japan,Eastern Asia,Asia Pacific
1659,Bozeman,Montana,United States,Western US,USCA
1660,Warrington,England,United Kingdom,Northern Europe,Europe
1661,La Spezia,Liguria,Italy,Southern Europe,Europe
1662,Sumy,Sumy,Ukraine,Eastern Europe,Europe
1663,Khenifra,Meknès-Tafilalet,Morocco,North Africa,Africa
1664,Etawah,Uttar Pradesh,India,Southern Asia,Asia Pacific
1665,Makhachkala,Dagestan,Russia,Eastern Europe,Europe
1666,Guamúchil,Sinaloa,Mexico,Central America,LATAM
1667,Menden,North Rhine-Westphalia,Germany,Western Europe,Europe
1668,Boulogne-Billancourt,Ile-de-France,France,Western Europe,Europe
1669,Thiais,Ile-de-France,France,Western Europe,Europe
1670,Aurangabad,Maharashtra,India,Southern Asia,Asia Pacific
1671,Laon,Nord-Pas-de-Calais-Picardie,France,Western Europe,Europe
1672,Bandirma,Balikesir,Turkey,Western Asia,Asia Pacific
1673,Rio Grande,Rio Grande do Sul,Brazil,South America,LATAM
1674,Durgapur,West Bengal,India,Southern Asia,Asia Pacific
1675,Handan,Hebei,China,Eastern Asia,Asia Pacific
1676,Brindisi,Apulia,Italy,Southern Europe,Europe
1677,Metz,Alsace-Champagne-Ardenne-Lorraine,France,Western Europe,Europe
1678,Fargo,North Dakota,United States,Central US,USCA
1679,Cottbus,Brandenburg,Germany,Western Europe,Europe
1680,Edinburg,Texas,United States,Central US,USCA
1681,Fukuyama,Hiroshima,Japan,Eastern Asia,Asia Pacific
1682,Akure,Ondo,Nigeria,Western Africa,Africa
1683,Franklin,Wisconsin,United States,Central US,USCA
1684,Scottsdale,Arizona,United States,Western US,USCA
1685,Astrakhan',Astrakhan',Russia,Eastern Europe,Europe
1686,Klaipeda,Klaipeda,Lithuania,Northern Europe,Europe
1687,Man,Dix-Huit Montagnes,Côte d'Ivoire,Western Africa,Africa
1688,Tetouan,Tanger-Tétouan,Morocco,North Africa,Africa
1689,Epinal,Alsace-Champagne-Ardenne-Lorraine,France,Western Europe,Europe
1690,Cerignola,Apulia,Italy,Southern Europe,Europe
1691,Martigues,Provence-Alpes-Côte d'Azur,France,Western Europe,Europe
1692,Al Muharraq,Muharraq,Bahrain,Western Asia,Asia Pacific
1693,Paterson,New Jersey,United States,Eastern US,USCA
1694,Ashgabat,Ashgabat,Turkmenistan,Central Asia,Asia Pacific
1695,Kirsehir,Kirsehir,Turkey,Western Asia,Asia Pacific
1696,Wad Madani,Gezira,Sudan,North Africa,Africa
1697,Linden,Upper Demerara-Berbice,Guyana,South America,LATAM
1698,Hengyang,Hunan,China,Eastern Asia,Asia Pacific
1699,Tongchuan,Shaanxi,China,Eastern Asia,Asia Pacific
1700,Torremolinos,Andalusía,Spain,Southern Europe,Europe
1701,Port Saint Lucie,Florida,United States,Southern US,USCA
1702,Middlesbrough,England,United Kingdom,Northern Europe,Europe
1703,Jaipur,Rajasthan,India,Southern Asia,Asia Pacific
1704,Caçador,Santa Catarina,Brazil,South America,LATAM
1705,Kulti,West Bengal,India,Southern Asia,Asia Pacific
1706,Gulfport,Mississippi,United States,Southern US,USCA
1707,Virginia Beach,Virginia,United States,Southern US,USCA
1708,Cuernavaca,Morelos,Mexico,Central America,LATAM
1709,Cincinnati,Ohio,United States,Eastern US,USCA
1710,London,Ontario,Canada,Canada,USCA
1711,Menemen,Izmir,Turkey,Western Asia,Asia Pacific
1712,Villeneuve-la-Garenne,Ile-de-France,France,Western Europe,Europe
1713,Sceaux,Ile-de-France,France,Western Europe,Europe
1714,Lajeado,Rio Grande do Sul,Brazil,South America,LATAM
1715,Altamura,Apulia,Italy,Southern Europe,Europe
1716,York,England,United Kingdom,Northern Europe,Europe
1717,Aalst,East Flanders,Belgium,Western Europe,Europe
1718,Carquefou,Pays de la Loire,France,Western Europe,Europe
1719,Paramaribo,Paramaribo,Suriname,South America,LATAM
1720,Givors,Auvergne-Rhône-Alpes,France,Western Europe,Europe
1721,Capannori,Tuscany,Italy,Southern Europe,Europe
1722,Chernihiv,Chernihiv,Ukraine,Eastern Europe,Europe
1723,Esenyurt,Istanbul,Turkey,Western Asia,Asia Pacific
1724,Trento,Trentino-Alto Adige,Italy,Southern Europe,Europe
1725,Chatou,Ile-de-France,France,Western Europe,Europe
1726,Nogent-sur-Oise,Nord-Pas-de-Calais-Picardie,France,Western Europe,Europe
1727,Antakya,Hatay,Turkey,Western Asia,Asia Pacific
1728,Trieste,Friuli-Venezia Giulia,Italy,Southern Europe,Europe
1729,Camarillo,California,United States,Western US,USCA
1730,Lake Charles,Louisiana,United States,Southern US,USCA
1731,Bryan,Texas,United States,Central US,USCA
1732,Resita,Caras-Severin,Romania,Eastern Europe,Europe
1733,Shahreza,Esfahan,Iran,Southern Asia,Asia Pacific
1734,Basingstoke,England,United Kingdom,Northern Europe,Europe
1735,Meudon,Ile-de-France,France,Western Europe,Europe
1736,Ninghai,Shandong,China,Eastern Asia,Asia Pacific
1737,Ballarat,Victoria,Australia,Oceania,Asia Pacific
1738,Zhengzhou,Henan,China,Eastern Asia,Asia Pacific
1739,Gorakhpur,Uttar Pradesh,India,Southern Asia,Asia Pacific
1740,Lubumbashi,Katanga,Congo [DRC],Central Africa,Africa
1741,Sandnes,Rogaland,Norway,Northern Europe,Europe
1742,Cinisello Balsamo,Lombardy,Italy,Southern Europe,Europe
1743,Ravenna,Emilia-Romagna,Italy,Southern Europe,Europe
1744,Arnhem,Gelderland,Netherlands,Western Europe,Europe
1745,Halifax,Nova Scotia,Canada,Canada,USCA
1746,Noblesville,Indiana,United States,Central US,USCA
1747,Richmond,Indiana,United States,Central US,USCA
1748,Salinas,California,United States,Western US,USCA
1749,Newark,Delaware,United States,Eastern US,USCA
1750,Saint-Dizier,Alsace-Champagne-Ardenne-Lorraine,France,Western Europe,Europe
1751,Enschede,Overijssel,Netherlands,Western Europe,Europe
1752,Long Beach,California,United States,Western US,USCA
1753,Mantes-la-Jolie,Ile-de-France,France,Western Europe,Europe
1754,Cubuk,Ankara,Turkey,Western Asia,Asia Pacific
1755,Cachan,Ile-de-France,France,Western Europe,Europe
1756,Owo,Ondo,Nigeria,Western Africa,Africa
1757,Jabalpur,Madhya Pradesh,India,Southern Asia,Asia Pacific
1758,Friedrichshafen,Baden-Württemberg,Germany,Western Europe,Europe
1759,Jiangyou,Sichuan,China,Eastern Asia,Asia Pacific
1760,Masterton,Wellington,New Zealand,Oceania,Asia Pacific
1761,Kashan,Esfahan,Iran,Southern Asia,Asia Pacific
1762,New Albany,Indiana,United States,Central US,USCA
1763,Mons-en-Baroeul,Nord-Pas-de-Calais-Picardie,France,Western Europe,Europe
1764,Natal,Rio Grande do Norte,Brazil,South America,LATAM
1765,Manzanillo,Colima,Mexico,Central America,LATAM
1766,Dakar,Dakar,Senegal,Western Africa,Africa
1767,Brandenburg,Brandenburg,Germany,Western Europe,Europe
1768,Montréal,Quebec,Canada,Canada,USCA
1769,Lusaka,Lusaka,Zambia,Eastern Africa,Africa
1770,Swindon,England,United Kingdom,Northern Europe,Europe
1771,Foshan,Guangdong,China,Eastern Asia,Asia Pacific
1772,Pulheim,North Rhine-Westphalia,Germany,Western Europe,Europe
1773,Malatya,Malatya,Turkey,Western Asia,Asia Pacific
1774,Viterbo,Lazio,Italy,Southern Europe,Europe
1775,Arapiraca,Alagoas,Brazil,South America,LATAM
1776,Wuxi,Jiangsu,China,Eastern Asia,Asia Pacific
1777,Blackpool,England,United Kingdom,Northern Europe,Europe
1778,Missoula,Montana,United States,Western US,USCA
1779,Les Pavillons-sous-Bois,Ile-de-France,France,Western Europe,Europe
1780,Bagamoyo,Pwani,Tanzania,Eastern Africa,Africa
1781,Henderson,Kentucky,United States,Southern US,USCA
1782,Messaad,Djelfa,Algeria,North Africa,Africa
1783,Foligno,Umbria,Italy,Southern Europe,Europe
1784,Paraná,Entre Ríos,Argentina,South America,LATAM
1785,Kashira,Moscow,Russia,Eastern Europe,Europe
1786,Ercolano,Campania,Italy,Southern Europe,Europe
1787,Anaheim,California,United States,Western US,USCA
1788,Saint-Avold,Alsace-Champagne-Ardenne-Lorraine,France,Western Europe,Europe
1789,Westfield,New Jersey,United States,Eastern US,USCA
1790,Bursa,Bursa,Turkey,Western Asia,Asia Pacific
1791,Hempstead,New York,United States,Eastern US,USCA
1792,Posadas,Misiones,Argentina,South America,LATAM
1793,Korhogo,Savanes,Côte d'Ivoire,Western Africa,Africa
1794,Sinop,Mato Grosso,Brazil,South America,LATAM
1795,Concord,New Hampshire,United States,Eastern US,USCA
1796,Chilpancingo,Guerrero,Mexico,Central America,LATAM
1797,Oosterhout,North Brabant,Netherlands,Western Europe,Europe
1798,Usol'ye-Sibirskoye,Irkutsk,Russia,Eastern Europe,Europe
1799,Chifeng,Inner Mongolia,China,Eastern Asia,Asia Pacific
1800,Managua,Managua,Nicaragua,Central America,LATAM
1801,Rome,Lazio,Italy,Southern Europe,Europe
1802,South Bend,Indiana,United States,Central US,USCA
1803,Sarajevo,Federation of Bosnia and Herzegovina,Bosnia and Herzegovina,Southern Europe,Europe
1804,Lucknow,Uttar Pradesh,India,Southern Asia,Asia Pacific
1805,Yogyakarta,Yogyakarta,Indonesia,Southeastern Asia,Asia Pacific
1806,Copenhagen,Hovedstaden,Denmark,Northern Europe,Europe
1807,Plovdiv,Plovdiv,Bulgaria,Eastern Europe,Europe
1808,Cuenca,Azuay,Ecuador,South America,LATAM
1809,Surakarta,Jawa Tengah,Indonesia,Southeastern Asia,Asia Pacific
1810,Pingdingshan,Henan,China,Eastern Asia,Asia Pacific
1811,Madison,Wisconsin,United States,Central US,USCA
1812,Xinxiang,Henan,China,Eastern Asia,Asia Pacific
1813,Krasnyy Luch,Luhans'k,Ukraine,Eastern Europe,Europe
1814,Colombes,Ile-de-France,France,Western Europe,Europe
1815,Garches,Ile-de-France,France,Western Europe,Europe
1816,Purwokerto,Jawa Tengah,Indonesia,Southeastern Asia,Asia Pacific
1817,Clichy-sous-Bois,Ile-de-France,France,Western Europe,Europe
1818,Gallarate,Lombardy,Italy,Southern Europe,Europe
1819,Tangshan,Hebei,China,Eastern Asia,Asia Pacific
1820,Riyadh,Ar Riyad,Saudi Arabia,Western Asia,Asia Pacific
1821,Brisbane,Queensland,Australia,Oceania,Asia Pacific
1822,Santa Cruz do Sul,Rio Grande do Sul,Brazil,South America,LATAM
1823,Westonaria,Gauteng,South Africa,Southern Africa,Africa
1824,Reutlingen,Baden-Württemberg,Germany,Western Europe,Europe
1825,Vereeniging,Gauteng,South Africa,Southern Africa,Africa
1826,Gloucester,England,United Kingdom,Northern Europe,Europe
1827,Portland,Oregon,United States,Western US,USCA
1828,Pistoia,Tuscany,Italy,Southern Europe,Europe
1829,Foumban,Ouest,Cameroon,Central Africa,Africa
1830,North Miami,Florida,United States,Southern US,USCA
1831,San Bernardino,California,United States,Western US,USCA
1832,Blagoveshchensk,Amur,Russia,Eastern Europe,Europe
1833,Tartagal,Salta,Argentina,South America,LATAM
1834,Surabaya,Jawa Timur,Indonesia,Southeastern Asia,Asia Pacific
1835,Paris,Ile-de-France,France,Western Europe,Europe
1836,San Francisco,California,United States,Western US,USCA
1837,Jiangmen,Guangdong,China,Eastern Asia,Asia Pacific
1838,North York,Ontario,Canada,Canada,USCA
1839,San Pedro de Macorís,San Pedro de Macorís,Dominican Republic,Caribbean,LATAM
1840,Cienfuegos,Cienfuegos,Cuba,Caribbean,LATAM
1841,Depok,Jawa Barat,Indonesia,Southeastern Asia,Asia Pacific
1842,Kitchener,Ontario,Canada,Canada,USCA
1843,Cheltenham,England,United Kingdom,Northern Europe,Europe
1844,Kenitra,Gharb-Chrarda-Béni Hssen,Morocco,North Africa,Africa
1845,Villingen-Schwenningen,Baden-Württemberg,Germany,Western Europe,Europe
1846,Mary,Mary,Turkmenistan,Central Asia,Asia Pacific
1847,Bangui,Bangui,Central African Republic,Central Africa,Africa
1848,Recklinghausen,North Rhine-Westphalia,Germany,Western Europe,Europe
1849,Sliven,Sliven,Bulgaria,Eastern Europe,Europe
1850,Barcelona,Catalonia,Spain,Southern Europe,Europe
1851,Chimoio,Manica,Mozambique,Eastern Africa,Africa
1852,Toguchin,Novosibirsk,Russia,Eastern Europe,Europe
1853,Le Havre,Normandy,France,Western Europe,Europe
1854,Santarém,Pará,Brazil,South America,LATAM
1855,Kawagoe,Saitama,Japan,Eastern Asia,Asia Pacific
1856,Pueblo,Colorado,United States,Western US,USCA
1857,Ancona,Marche,Italy,Southern Europe,Europe
1858,Ljubljana,Ljubljana,Slovenia,Southern Europe,Europe
1859,Bristol,Connecticut,United States,Eastern US,USCA
1860,El Jadida,Doukkala-Abda,Morocco,North Africa,Africa
1861,Redmond,Oregon,United States,Western US,USCA
1862,Sibiu,Sibiu,Romania,Eastern Europe,Europe
1863,Albuquerque,New Mexico,United States,Western US,USCA
1864,Concarneau,Brittany,France,Western Europe,Europe
1865,Ajaccio,Corsica,France,Western Europe,Europe
1866,Quelimane,Zambezia,Mozambique,Eastern Africa,Africa
1867,Sialkot,Punjab,Pakistan,Southern Asia,Asia Pacific
1868,Rancagua,O'Higgins,Chile,South America,LATAM
1869,Pimpri,Maharashtra,India,Southern Asia,Asia Pacific
1870,Brest,Brest,Belarus,Eastern Europe,Europe
1871,Seville,Andalusía,Spain,Southern Europe,Europe
1872,Patna,Bihar,India,Southern Asia,Asia Pacific
1873,Adelaide,South Australia,Australia,Oceania,Asia Pacific
1874,Uppsala,Uppsala,Sweden,Northern Europe,Europe
1875,Chandigarh,Chandigarh,India,Southern Asia,Asia Pacific
1876,Arles,Provence-Alpes-Côte d'Azur,France,Western Europe,Europe
1877,Sylhet,Sylhet,Bangladesh,Southern Asia,Asia Pacific
1878,Chennai,Tamil Nadu,India,Southern Asia,Asia Pacific
1879,Toluca,México,Mexico,Central America,LATAM
1880,El Progreso,Yoro,Honduras,Central America,LATAM
1881,Calabar,Cross River,Nigeria,Western Africa,Africa
1882,Manizales,Caldas,Colombia,South America,LATAM
1883,Gladstone,Queensland,Australia,Oceania,Asia Pacific
1884,Bournemouth,England,United Kingdom,Northern Europe,Europe
1885,Mamak,Ankara,Turkey,Western Asia,Asia Pacific
1886,Chandler,Arizona,United States,Western US,USCA
1887,Rajkot,Gujarat,India,Southern Asia,Asia Pacific
1888,Ploiesti,Prahova,Romania,Eastern Europe,Europe
1889,Palma de Mallorca,Balearic Islands,Spain,Southern Europe,Europe
1890,Yunyang,Henan,China,Eastern Asia,Asia Pacific
1891,Greenville,North Carolina,United States,Southern US,USCA
1892,Veracruz,Veracruz,Mexico,Central America,LATAM
1893,Warner Robins,Georgia,United States,Southern US,USCA
1894,Palu,Sulawesi Tengah,Indonesia,Southeastern Asia,Asia Pacific
1895,Yiwu,Zhejiang,China,Eastern Asia,Asia Pacific
1896,Townsville,Queensland,Australia,Oceania,Asia Pacific
1897,Pematangsiantar,Sumatera Utara,Indonesia,Southeastern Asia,Asia Pacific
1898,Changsha,Hunan,China,Eastern Asia,Asia Pacific
1899,Yonkers,New York,United States,Eastern US,USCA
1900,Uvarovo,Tambov,Russia,Eastern Europe,Europe
1901,Belfort,Bourgogne-Franche-Comté,France,Western Europe,Europe
1902,Marl,North Rhine-Westphalia,Germany,Western Europe,Europe
1903,Graz,Styria,Austria,Western Europe,Europe
1904,Kayes,Kayes,Mali,Western Africa,Africa
1905,Cagnes-sur-Mer,Provence-Alpes-Côte d'Azur,France,Western Europe,Europe
1906,Blumenau,Santa Catarina,Brazil,South America,LATAM
1907,Rottingdean,England,United Kingdom,Northern Europe,Europe
1908,Meyzieu,Auvergne-Rhône-Alpes,France,Western Europe,Europe
1909,Bijie,Guizhou,China,Eastern Asia,Asia Pacific
1910,Halle,Saxony-Anhalt,Germany,Western Europe,Europe
1911,Callao,Callao,Peru,South America,LATAM
1912,Sofia,Sofiya-Grad,Bulgaria,Eastern Europe,Europe
1913,New York City,New York,United States,Eastern US,USCA
1914,Aba,Abia,Nigeria,Western Africa,Africa
1915,Matola,Maputo,Mozambique,Eastern Africa,Africa
1916,Memphis,Tennessee,United States,Southern US,USCA
1917,Seattle,Washington,United States,Western US,USCA
1918,Gujranwala,Punjab,Pakistan,Southern Asia,Asia Pacific
1919,Mogadishu,Banaadir,Somalia,Eastern Africa,Africa
1920,Hackensack,New Jersey,United States,Eastern US,USCA
1921,Hohhot,Inner Mongolia,China,Eastern Asia,Asia Pacific
1922,Bihar Sharif,Bihar,India,Southern Asia,Asia Pacific
1923,Paulista,Pernambuco,Brazil,South America,LATAM
1924,Durango,Durango,Mexico,Central America,LATAM
1925,Wausau,Wisconsin,United States,Central US,USCA
1926,Varna,Varna,Bulgaria,Eastern Europe,Europe
1927,Rogers,Arkansas,United States,Southern US,USCA
1928,Podgorica,Podgorica,Montenegro,Southern Europe,Europe
1929,Gaziantep,Gaziantep,Turkey,Western Asia,Asia Pacific
1930,Gummersbach,North Rhine-Westphalia,Germany,Western Europe,Europe
1931,Quetzaltenango,Quezaltenango,Guatemala,Central America,LATAM
1932,Lanester,Brittany,France,Western Europe,Europe
1933,Conselheiro Lafaiete,Minas Gerais,Brazil,South America,LATAM
1934,Zhuhai,Guangdong,China,Eastern Asia,Asia Pacific
1935,Zihuatanejo,Guerrero,Mexico,Central America,LATAM
1936,The Hague,South Holland,Netherlands,Western Europe,Europe
1937,Wenling,Zhejiang,China,Eastern Asia,Asia Pacific
1938,Indianapolis,Indiana,United States,Central US,USCA
1939,Bagnolet,Ile-de-France,France,Western Europe,Europe
1940,Ilam,Ilam,Iran,Southern Asia,Asia Pacific
1941,Sonipat,Haryana,India,Southern Asia,Asia Pacific
1942,San Diego,California,United States,Western US,USCA
1943,Bergen op Zoom,North Brabant,Netherlands,Western Europe,Europe
1944,Erftstadt,North Rhine-Westphalia,Germany,Western Europe,Europe
1945,Geneva,Geneva,Switzerland,Western Europe,Europe
1946,Xinzhou,Hubei,China,Eastern Asia,Asia Pacific
1947,Bartlett,Tennessee,United States,Southern US,USCA
1948,Colomiers,Languedoc-Roussillon-Midi-Pyrénées,France,Western Europe,Europe
1949,Hangu,Tianjin,China,Eastern Asia,Asia Pacific
1950,Perth,Western Australia,Australia,Oceania,Asia Pacific
1951,Luanda,Luanda,Angola,Central Africa,Africa
1952,Mufulira,Copperbelt,Zambia,Eastern Africa,Africa
1953,Burnie,Tasmania,Australia,Oceania,Asia Pacific
1954,Atsugacho,Hokkaido,Japan,Eastern Asia,Asia Pacific
1955,Reynosa,Tamaulipas,Mexico,Central America,LATAM
1956,Mykolayiv,Mykolayiv,Ukraine,Eastern Europe,Europe
1957,Vadodara,Gujarat,India,Southern Asia,Asia Pacific
1958,Sapucaia do Sul,Rio Grande do Sul,Brazil,South America,LATAM
1959,Bury,England,United Kingdom,Northern Europe,Europe
1960,Hamadan,Hamadan,Iran,Southern Asia,Asia Pacific
1961,Herford,North Rhine-Westphalia,Germany,Western Europe,Europe
1962,Lisieux,Normandy,France,Western Europe,Europe
1963,Miass,Chelyabinsk,Russia,Eastern Europe,Europe
1964,Jinja,Jinja,Uganda,Eastern Africa,Africa
1965,Barnsley,England,United Kingdom,Northern Europe,Europe
1966,Odessa,Texas,United States,Central US,USCA
1967,Jerusalem,Jerusalem,Israel,Western Asia,Asia Pacific
1968,Centurion,Gauteng,South Africa,Southern Africa,Africa
1969,Forster,New South Wales,Australia,Oceania,Asia Pacific
1970,Stuttgart,Baden-Württemberg,Germany,Western Europe,Europe
1971,Issy-les-Moulineaux,Ile-de-France,France,Western Europe,Europe
1972,Warri,Delta,Nigeria,Western Africa,Africa
1973,Jiangyan,Jiangsu,China,Eastern Asia,Asia Pacific
1974,Teziutlán,Puebla,Mexico,Central America,LATAM
1975,Colombo,Parana,Brazil,South America,LATAM
1976,Manado,Sulawesi Utara,Indonesia,Southeastern Asia,Asia Pacific
1977,Porlamar,Nueva Esparta,Venezuela,South America,LATAM
1978,Tottori,Tottori,Japan,Eastern Asia,Asia Pacific
1979,Cremona,Lombardy,Italy,Southern Europe,Europe
1980,Sterling Heights,Michigan,United States,Central US,USCA
1981,Penedo,Alagoas,Brazil,South America,LATAM
1982,Suizhou,Hubei,China,Eastern Asia,Asia Pacific
1983,Erfurt,Thuringia,Germany,Western Europe,Europe
1984,Carcassonne,Languedoc-Roussillon-Midi-Pyrénées,France,Western Europe,Europe
1985,Caloundra,Queensland,Australia,Oceania,Asia Pacific
1986,Saint-Denis,Ile-de-France,France,Western Europe,Europe
1987,Bari,Apulia,Italy,Southern Europe,Europe
1988,Huehuetenango,Huehuetenango,Guatemala,Central America,LATAM
1989,Bur Sudan,Red Sea,Sudan,North Africa,Africa
1990,Brasov,Brasov,Romania,Eastern Europe,Europe
1991,Suwon,Gyeonggi,South Korea,Eastern Asia,Asia Pacific
1992,Kawasaki,Kanagawa,Japan,Eastern Asia,Asia Pacific
1993,Saint Charles,Illinois,United States,Central US,USCA
1994,Binzhou,Shandong,China,Eastern Asia,Asia Pacific
1995,Facatativá,Cundinamarca,Colombia,South America,LATAM
1996,Red Deer,Alberta,Canada,Canada,USCA
1997,Boise,Idaho,United States,Western US,USCA
1998,Behbahan,Khuzestan,Iran,Southern Asia,Asia Pacific
1999,General Escobedo,Nuevo León,Mexico,Central America,LATAM
2000,Ulan Bator,Ulaanbaatar,Mongolia,Eastern Asia,Asia Pacific
2001,Stockholm,Stockholm,Sweden,Northern Europe,Europe
2002,Whangarei,Northland,New Zealand,Oceania,Asia Pacific
2003,Oullins,Auvergne-Rhône-Alpes,France,Western Europe,Europe
2004,Santa Marta,Magdalena,Colombia,South America,LATAM
2005,Thomasville,North Carolina,United States,Southern US,USCA
2006,Orizaba,Veracruz,Mexico,Central America,LATAM
2007,San Cristóbal de Las Casas,Chiapas,Mexico,Central America,LATAM
2008,Najafabad,Esfahan,Iran,Southern Asia,Asia Pacific
2009,Torquay,Queensland,Australia,Oceania,Asia Pacific
2010,Hangzhou,Zhejiang,China,Eastern Asia,Asia Pacific
2011,Allentown,Pennsylvania,United States,Eastern US,USCA
2012,Qiqihar,Heilongjiang,China,Eastern Asia,Asia Pacific
2013,Montevideo,Montevideo,Uruguay,South America,LATAM
2014,Itapecuru Mirim,Maranhão,Brazil,South America,LATAM
2015,Oradea,Bihor,Romania,Eastern Europe,Europe
2016,Bryansk,Bryansk,Russia,Eastern Europe,Europe
2017,El Prat de Llobregat,Catalonia,Spain,Southern Europe,Europe
2018,Grajaú,Maranhão,Brazil,South America,LATAM
2019,Harrow,England,United Kingdom,Northern Europe,Europe
2020,Presidente Dutra,Maranhão,Brazil,South America,LATAM
2021,San Antonio,Texas,United States,Central US,USCA
2022,Tanggu,Tianjin,China,Eastern Asia,Asia Pacific
2023,Homs,Hims,Syria,Western Asia,Asia Pacific
2024,Greenwood,Indiana,United States,Central US,USCA
2025,Yalova,Yalova,Turkey,Western Asia,Asia Pacific
2026,Nha Trang,Khánh Hòa,Vietnam,Southeastern Asia,Asia Pacific
2027,Hendersonville,Tennessee,United States,Southern US,USCA
2028,Almelo,Overijssel,Netherlands,Western Europe,Europe
2029,Slupsk,Pomerania,Poland,Eastern Europe,Europe
2030,Phnom Penh,Phnom Penh,Cambodia,Southeastern Asia,Asia Pacific
2031,Zagreb,Grad Zagreb,Croatia,Southern Europe,Europe
2032,Fairfield,Connecticut,United States,Eastern US,USCA
2033,Jacobina,Bahia,Brazil,South America,LATAM
2034,Saginaw,Michigan,United States,Central US,USCA
2035,Kadoma,Mashonaland West,Zimbabwe,Eastern Africa,Africa
2036,Dire Dawa,Dire Dawa,Ethiopia,Eastern Africa,Africa
2037,Bagneux,Ile-de-France,France,Western Europe,Europe
2038,Bracknell,England,United Kingdom,Northern Europe,Europe
2039,Chicago,Illinois,United States,Central US,USCA
2040,Apopka,Florida,United States,Southern US,USCA
2041,Geelong,Victoria,Australia,Oceania,Asia Pacific
2042,Ipswich,England,United Kingdom,Northern Europe,Europe
2043,Trier,Rhineland-Palatinate,Germany,Western Europe,Europe
2044,Kayseri,Kayseri,Turkey,Western Asia,Asia Pacific
2045,Al Mubarraz,Ash Sharqiyah,Saudi Arabia,Western Asia,Asia Pacific
2046,Burlington,Iowa,United States,Central US,USCA
2047,Cumaná,Sucre,Venezuela,South America,LATAM
2048,Mosquera,Cundinamarca,Colombia,South America,LATAM
2049,New Rochelle,New York,United States,Eastern US,USCA
2050,Antibes,Provence-Alpes-Côte d'Azur,France,Western Europe,Europe
2051,Suresnes,Ile-de-France,France,Western Europe,Europe
2052,Pirapora,Minas Gerais,Brazil,South America,LATAM
2053,Choisy-le-Roi,Ile-de-France,France,Western Europe,Europe
2054,Kandi,Alibori,Benin,Western Africa,Africa
2055,Tijuana,Baja California,Mexico,Central America,LATAM
2056,Crotone,Calabria,Italy,Southern Europe,Europe
2057,Manteca,California,United States,Western US,USCA
2058,Tampico,Tamaulipas,Mexico,Central America,LATAM
2059,Tauranga,Bay of Plenty,New Zealand,Oceania,Asia Pacific
2060,Quchan,Razavi Khorasan,Iran,Southern Asia,Asia Pacific
2061,Villemomble,Ile-de-France,France,Western Europe,Europe
2062,Porto,Porto,Portugal,Southern Europe,Europe
2063,Frontignan,Languedoc-Roussillon-Midi-Pyrénées,France,Western Europe,Europe
2064,Maisons-Laffitte,Ile-de-France,France,Western Europe,Europe
2065,Campina Grande,Paraíba,Brazil,South America,LATAM
2066,Javanrud,Kermanshah,Iran,Southern Asia,Asia Pacific
2067,Rome,New York,United States,Eastern US,USCA
2068,Argenteuil,Ile-de-France,France,Western Europe,Europe
2069,São Luís,Maranhão,Brazil,South America,LATAM
2070,Targu Mures,Mures,Romania,Eastern Europe,Europe
2071,Nagasaki,Nagasaki,Japan,Eastern Asia,Asia Pacific
2072,Berdychiv,Zhytomyr,Ukraine,Eastern Europe,Europe
2073,Thornton,Colorado,United States,Western US,USCA
2074,Crewe,England,United Kingdom,Northern Europe,Europe
2075,Sucre,Chuquisaca,Bolivia,South America,LATAM
2076,Ganganagar,Rajasthan,India,Southern Asia,Asia Pacific
2077,Fresnillo de González Echeverría,Zacatecas,Mexico,Central America,LATAM
2078,Gliwice,Silesia,Poland,Eastern Europe,Europe
2079,Eau Claire,Wisconsin,United States,Central US,USCA
2080,Port Said,Bur Sa'id,Egypt,North Africa,Africa
2081,Yanji,Jilin,China,Eastern Asia,Asia Pacific
2082,Medford,Oregon,United States,Western US,USCA
2083,Winterthur,Zürich,Switzerland,Western Europe,Europe
2084,Wolverhampton,England,United Kingdom,Northern Europe,Europe
2085,Choluteca,Choluteca,Honduras,Central America,LATAM
2086,Betim,Minas Gerais,Brazil,South America,LATAM
2087,San Juan de la Maguana,San Juan,Dominican Republic,Caribbean,LATAM
2088,Malayer,Hamadan,Iran,Southern Asia,Asia Pacific
2089,Criciúma,Santa Catarina,Brazil,South America,LATAM
2090,Pasadena,Texas,United States,Central US,USCA
2091,Rosny-sous-Bois,Ile-de-France,France,Western Europe,Europe
2092,Kwinana,Western Australia,Australia,Oceania,Asia Pacific
2093,Landerneau,Brittany,France,Western Europe,Europe
2094,Quibdó,Chocó,Colombia,South America,LATAM
2095,Chatham,England,United Kingdom,Northern Europe,Europe
2096,Edmonton,Alberta,Canada,Canada,USCA
2097,Mechelen,Antwerp,Belgium,Western Europe,Europe
2098,Santa Ana,Santa Ana,El Salvador,Central America,LATAM
2099,Rimini,Emilia-Romagna,Italy,Southern Europe,Europe
2100,Cagua,Aragua,Venezuela,South America,LATAM
2101,Bonneuil-sur-Marne,Ile-de-France,France,Western Europe,Europe
2102,Shimonoseki,Yamaguchi,Japan,Eastern Asia,Asia Pacific
2103,Soma,Manisa,Turkey,Western Asia,Asia Pacific
2104,Bouake,Vallee Du Bandama,Côte d'Ivoire,Western Africa,Africa
2105,Kastamonu,Kastamonu,Turkey,Western Asia,Asia Pacific
2106,Raleigh,North Carolina,United States,Southern US,USCA
2107,Dormagen,North Rhine-Westphalia,Germany,Western Europe,Europe
2108,Barry,Wales,United Kingdom,Northern Europe,Europe
2109,Perth Amboy,New Jersey,United States,Eastern US,USCA
2110,Mbuji-mayi,Kasai-Oriental,Congo [DRC],Central Africa,Africa
2111,Dublin,Dublin,Ireland,Northern Europe,Europe
2112,Tamworth,England,United Kingdom,Northern Europe,Europe
2113,Cholula,Puebla,Mexico,Central America,LATAM
2114,Mostaganem,Mostaganem,Algeria,North Africa,Africa
2115,Pescara,Abruzzi,Italy,Southern Europe,Europe
2116,Kaiyuan,Yunnan,China,Eastern Asia,Asia Pacific
2117,Himeji,Hyogo,Japan,Eastern Asia,Asia Pacific
2118,Feira de Santana,Bahia,Brazil,South America,LATAM
2119,Sonderborg,South Denmark,Denmark,Northern Europe,Europe
2120,Langen,Lower Saxony,Germany,Western Europe,Europe
2121,Chapecó,Santa Catarina,Brazil,South America,LATAM
2122,Passo Fundo,Rio Grande do Sul,Brazil,South America,LATAM
2123,Franklin,Tennessee,United States,Southern US,USCA
2124,Lake Forest,California,United States,Western US,USCA
2125,Ngaoundere,Adamaoua,Cameroon,Central Africa,Africa
2126,Hachinohe,Aomori,Japan,Eastern Asia,Asia Pacific
2127,Offenbach,Hesse,Germany,Western Europe,Europe
2128,Leverkusen,North Rhine-Westphalia,Germany,Western Europe,Europe
2129,Cartagena,Murcia,Spain,Southern Europe,Europe
2130,Long Beach,New York,United States,Eastern US,USCA
2131,Neubrandenburg,Mecklenburg-Vorpommern,Germany,Western Europe,Europe
2132,São Bernardo do Campo,São Paulo,Brazil,South America,LATAM
2133,Fasa,Fars,Iran,Southern Asia,Asia Pacific
2134,São Vicente,São Paulo,Brazil,South America,LATAM
2135,Zhenjiang,Jiangsu,China,Eastern Asia,Asia Pacific
2136,Allen,Texas,United States,Central US,USCA
2137,Spijkenisse,South Holland,Netherlands,Western Europe,Europe
2138,Matsumoto,Nagano,Japan,Eastern Asia,Asia Pacific
2139,Exeter,England,United Kingdom,Northern Europe,Europe
2140,Villa Nueva,Guatemala,Guatemala,Central America,LATAM
2141,Altamira,Pará,Brazil,South America,LATAM
2142,Chinautla,Guatemala,Guatemala,Central America,LATAM
2143,Innsbruck,Tyrol,Austria,Western Europe,Europe
2144,Tempe,Arizona,United States,Western US,USCA
2145,Konya,Konya,Turkey,Western Asia,Asia Pacific
2146,Kutahya,Kutahya,Turkey,Western Asia,Asia Pacific
2147,Ocotlán,Jalisco,Mexico,Central America,LATAM
2148,Garden City,Kansas,United States,Central US,USCA
2149,Kure,Hiroshima,Japan,Eastern Asia,Asia Pacific
2150,St. John's,Newfoundland,Canada,Canada,USCA
2151,Berrechid,Chaouia-Ouardigha,Morocco,North Africa,Africa
2152,Samarinda,Kalimantan Timur,Indonesia,Southeastern Asia,Asia Pacific
2153,Auburn,Alabama,United States,Southern US,USCA
2154,Kisumu,Nyanza,Kenya,Eastern Africa,Africa
2155,Frankfurt,Hesse,Germany,Western Europe,Europe
2156,Nasik,Maharashtra,India,Southern Asia,Asia Pacific
2157,Gongzhuling,Jilin,China,Eastern Asia,Asia Pacific
2158,Marignane,Provence-Alpes-Côte d'Azur,France,Western Europe,Europe
2159,Korla,Xinjiang Uygur,China,Eastern Asia,Asia Pacific
2160,Barrie,Ontario,Canada,Canada,USCA
2161,Tyler,Texas,United States,Central US,USCA
2162,Kafr ash Shaykh,Kafr Ash Shaykh,Egypt,North Africa,Africa
2163,Palencia,Castile and León,Spain,Southern Europe,Europe
2164,Huadian,Jilin,China,Eastern Asia,Asia Pacific
2165,San Miguelito,Panama,Panama,Central America,LATAM
2166,Usti nad Labem,Usti nad Labem,Czech Republic,Eastern Europe,Europe
2167,Atlanta,Georgia,United States,Southern US,USCA
2168,Florence,Tuscany,Italy,Southern Europe,Europe
2169,Utrecht,Utrecht,Netherlands,Western Europe,Europe
2170,Jinan,Shandong,China,Eastern Asia,Asia Pacific
2171,Oklahoma City,Oklahoma,United States,Central US,USCA
2172,Saveh,Markazi,Iran,Southern Asia,Asia Pacific
2173,Guanajuato,Guanajuato,Mexico,Central America,LATAM
2174,Olathe,Kansas,United States,Central US,USCA
2175,Lodi,California,United States,Western US,USCA
2176,Solna,Stockholm,Sweden,Northern Europe,Europe
2177,North Las Vegas,Nevada,United States,Western US,USCA
2178,Chilly-Mazarin,Ile-de-France,France,Western Europe,Europe
2179,Balikpapan,Kalimantan Timur,Indonesia,Southeastern Asia,Asia Pacific
2180,Poza Rica de Hidalgo,Veracruz,Mexico,Central America,LATAM
2181,Ocaña,Norte de Santander,Colombia,South America,LATAM
2182,Galati,Galati,Romania,Eastern Europe,Europe
2183,Alice Springs,Northern Territory,Australia,Oceania,Asia Pacific
2184,Acireale,Sicily,Italy,Southern Europe,Europe
2185,San Sebastian,Basque Country,Spain,Southern Europe,Europe
2186,Bissau,Bissau,Guinea-Bissau,Western Africa,Africa
2187,Colón,Colón,Panama,Central America,LATAM
2188,Gyor,Gyor,Hungary,Eastern Europe,Europe
2189,Gaspar,Santa Catarina,Brazil,South America,LATAM
2190,Thane,Maharashtra,India,Southern Asia,Asia Pacific
2191,Laredo,Texas,United States,Central US,USCA
2192,Tangier,Tanger-Tétouan,Morocco,North Africa,Africa
2193,Bishkek,Bishkek,Kyrgyzstan,Central Asia,Asia Pacific
2194,Whyalla,South Australia,Australia,Oceania,Asia Pacific
2195,Reading,Pennsylvania,United States,Eastern US,USCA
2196,Meknes,Meknès-Tafilalet,Morocco,North Africa,Africa
2197,Dorsten,North Rhine-Westphalia,Germany,Western Europe,Europe
2198,Kars,Kars,Turkey,Western Asia,Asia Pacific
2199,Ad Diwaniyah,Al Qadisiyah,Iraq,Western Asia,Asia Pacific
2200,Halifax,England,United Kingdom,Northern Europe,Europe
2201,Anqing,Anhui,China,Eastern Asia,Asia Pacific
2202,Chelyabinsk,Chelyabinsk,Russia,Eastern Europe,Europe
2203,Langenfeld,North Rhine-Westphalia,Germany,Western Europe,Europe
2204,Praia Grande,São Paulo,Brazil,South America,LATAM
2205,Thousand Oaks,California,United States,Western US,USCA
2206,Texas City,Texas,United States,Central US,USCA
2207,Istanbul,Istanbul,Turkey,Western Asia,Asia Pacific
2208,Petrópolis,Rio de Janeiro,Brazil,South America,LATAM
2209,Rasht,Gilan,Iran,Southern Asia,Asia Pacific
2210,Mérida,Yucatán,Mexico,Central America,LATAM
2211,Dudley,England,United Kingdom,Northern Europe,Europe
2212,Pforzheim,Baden-Württemberg,Germany,Western Europe,Europe
2213,Solingen,North Rhine-Westphalia,Germany,Western Europe,Europe
2214,Coimbatore,Tamil Nadu,India,Southern Asia,Asia Pacific
2215,Fontenay-aux-Roses,Ile-de-France,France,Western Europe,Europe
2216,Ruda Slaska,Silesia,Poland,Eastern Europe,Europe
2217,Santa Fe,Santa Fe,Argentina,South America,LATAM
2218,Mannheim,Baden-Württemberg,Germany,Western Europe,Europe
2219,Coral Springs,Florida,United States,Southern US,USCA
2220,Tychy,Silesia,Poland,Eastern Europe,Europe
2221,Wuhan,Hubei,China,Eastern Asia,Asia Pacific
2222,Bahía Blanca,Provincia de Buenos Aires,Argentina,South America,LATAM
2223,Bhilai,Chhattisgarh,India,Southern Asia,Asia Pacific
2224,Trujillo,La Libertad,Peru,South America,LATAM
2225,Palmerston North,Manawatu-Wanganui,New Zealand,Oceania,Asia Pacific
2226,Nzerekore,Nzérékoré,Guinea,Western Africa,Africa
2227,Coffs Harbour,New South Wales,Australia,Oceania,Asia Pacific
2228,Kananga,Kasai-Occidental,Congo [DRC],Central Africa,Africa
2229,Sparks,Nevada,United States,Western US,USCA
2230,Aubervilliers,Ile-de-France,France,Western Europe,Europe
2231,Valparaíso,Valparaíso,Chile,South America,LATAM
2232,Barcelona,Anzoátegui,Venezuela,South America,LATAM
2233,Harrogate,England,United Kingdom,Northern Europe,Europe
2234,Vladimir,Vladimir,Russia,Eastern Europe,Europe
2235,Springfield,Missouri,United States,Central US,USCA
2236,Bullhead City,Arizona,United States,Western US,USCA
2237,Leicester,England,United Kingdom,Northern Europe,Europe
2238,Rambouillet,Ile-de-France,France,Western Europe,Europe
2239,Columbia,Tennessee,United States,Southern US,USCA
2240,Assen,Drenthe,Netherlands,Western Europe,Europe
2241,Nampula,Nampula,Mozambique,Eastern Africa,Africa
2242,Chipata,Eastern,Zambia,Eastern Africa,Africa
2243,Les Lilas,Ile-de-France,France,Western Europe,Europe
2244,Baotou,Inner Mongolia,China,Eastern Asia,Asia Pacific
2245,Antipolo,Calabarzon,Philippines,Southeastern Asia,Asia Pacific
2246,Tehran,Tehran,Iran,Southern Asia,Asia Pacific
2247,L'viv,L'viv,Ukraine,Eastern Europe,Europe
2248,Kukatpalli,Telangana,India,Southern Asia,Asia Pacific
2249,Duisburg,North Rhine-Westphalia,Germany,Western Europe,Europe
2250,East London,Eastern Cape,South Africa,Southern Africa,Africa
2251,Viersen,North Rhine-Westphalia,Germany,Western Europe,Europe
2252,Lorena,São Paulo,Brazil,South America,LATAM
2253,Gagnoa,Fromager,Côte d'Ivoire,Western Africa,Africa
2254,Como,Lombardy,Italy,Southern Europe,Europe
2255,Creil,Nord-Pas-de-Calais-Picardie,France,Western Europe,Europe
2256,Cavaillon,Provence-Alpes-Côte d'Azur,France,Western Europe,Europe
2257,Wetzlar,Hesse,Germany,Western Europe,Europe
2258,Wafangdian,Liaoning,China,Eastern Asia,Asia Pacific
2259,Altoona,Pennsylvania,United States,Eastern US,USCA
2260,Valledupar,Cesar,Colombia,South America,LATAM
2261,San Salvador,San Salvador,El Salvador,Central America,LATAM
2262,Curitiba,Parana,Brazil,South America,LATAM
2263,Libreville,Estuaire,Gabon,Central Africa,Africa
2264,Chihuahua,Chihuahua,Mexico,Central America,LATAM
2265,Barreirinhas,Maranhão,Brazil,South America,LATAM
2266,Bijapur,Karnataka,India,Southern Asia,Asia Pacific
2267,Eunápolis,Bahia,Brazil,South America,LATAM
2268,Ramnicu Valcea,Valcea,Romania,Eastern Europe,Europe
2269,Whitby,Ontario,Canada,Canada,USCA
2270,Puteaux,Ile-de-France,France,Western Europe,Europe
2271,Six-Fours-les-Plages,Provence-Alpes-Côte d'Azur,France,Western Europe,Europe
2272,Marsa Matruh,Matruh,Egypt,North Africa,Africa
2273,Vannes,Brittany,France,Western Europe,Europe
2274,Agadir,Souss-Massa-Draâ,Morocco,North Africa,Africa
2275,Al Hufuf,Ash Sharqiyah,Saudi Arabia,Western Asia,Asia Pacific
2276,Ponte Nova,Minas Gerais,Brazil,South America,LATAM
2277,Baltimore,Maryland,United States,Eastern US,USCA
2278,Helsinki,Uusimaa,Finland,Northern Europe,Europe
2279,Shiraz,Fars,Iran,Southern Asia,Asia Pacific
2280,Srinagar,Jammu and Kashmir,India,Southern Asia,Asia Pacific
2281,Kigali,Kigali,Rwanda,Eastern Africa,Africa
2282,Edinburgh,Scotland,United Kingdom,Northern Europe,Europe
2283,La Vega,La Vega,Dominican Republic,Caribbean,LATAM
2284,Mianyang,Sichuan,China,Eastern Asia,Asia Pacific
2285,Nanchong,Sichuan,China,Eastern Asia,Asia Pacific
2286,Longjumeau,Ile-de-France,France,Western Europe,Europe
2287,Romeoville,Illinois,United States,Central US,USCA
2288,Ekibastuz,Pavlodar,Kazakhstan,Central Asia,Asia Pacific
2289,Brownsville,Texas,United States,Central US,USCA
2290,Alcobendas,Madrid,Spain,Southern Europe,Europe
2291,Wollongong,New South Wales,Australia,Oceania,Asia Pacific
2292,Culiacán,Sinaloa,Mexico,Central America,LATAM
2293,Brikama,Western,Gambia,Western Africa,Africa
2294,Alexandria,Al Iskandariyah,Egypt,North Africa,Africa
2295,Matsubara,Oita,Japan,Eastern Asia,Asia Pacific
2296,Bhubaneswar,Odisha,India,Southern Asia,Asia Pacific
2297,Ibirité,Minas Gerais,Brazil,South America,LATAM
2298,Pantin,Ile-de-France,France,Western Europe,Europe
2299,Grevenbroich,North Rhine-Westphalia,Germany,Western Europe,Europe
2300,Cajamarca,Cajamarca,Peru,South America,LATAM
2301,Marly-le-Roi,Ile-de-France,France,Western Europe,Europe
2302,Manzanillo,Granma,Cuba,Caribbean,LATAM
2303,Miami,Florida,United States,Southern US,USCA
2304,Talence,Aquitaine-Limousin-Poitou-Charentes,France,Western Europe,Europe
2305,Tbilisi,Tbilisi,Georgia,Western Asia,Asia Pacific
2306,Port Macquarie,New South Wales,Australia,Oceania,Asia Pacific
2307,Vacaria,Rio Grande do Sul,Brazil,South America,LATAM
2308,San Juan,San Juan,Argentina,South America,LATAM
2309,Barddhaman,West Bengal,India,Southern Asia,Asia Pacific
2310,Outreau,Nord-Pas-de-Calais-Picardie,France,Western Europe,Europe
2311,Bloemfontein,Free State,South Africa,Southern Africa,Africa
2312,Torrance,California,United States,Western US,USCA
2313,Guangzhou,Guangdong,China,Eastern Asia,Asia Pacific
2314,Munich,Bavaria,Germany,Western Europe,Europe
2315,Siedlce,Masovia,Poland,Eastern Europe,Europe
2316,Tunis,Tunis,Tunisia,North Africa,Africa
2317,Las Cruces,New Mexico,United States,Western US,USCA
2318,Aksu,Xinjiang Uygur,China,Eastern Asia,Asia Pacific
2319,Manchester,Connecticut,United States,Eastern US,USCA
2320,Saint-Pol-sur-Mer,Nord-Pas-de-Calais-Picardie,France,Western Europe,Europe
2321,Zhumadian,Henan,China,Eastern Asia,Asia Pacific
2322,Oslo,Oslo,Norway,Northern Europe,Europe
2323,Regensburg,Bavaria,Germany,Western Europe,Europe
2324,Ashford,England,United Kingdom,Northern Europe,Europe
2325,Belleville,New Jersey,United States,Eastern US,USCA
2326,Hampton,Virginia,United States,Southern US,USCA
2327,East Point,Georgia,United States,Southern US,USCA
2328,Essen,North Rhine-Westphalia,Germany,Western Europe,Europe
2329,Kamarhati,West Bengal,India,Southern Asia,Asia Pacific
2330,Albany,Western Australia,Australia,Oceania,Asia Pacific
2331,Hartlepool,England,United Kingdom,Northern Europe,Europe
2332,Tawau,Sabah,Malaysia,Southeastern Asia,Asia Pacific
2333,San Francisco de Macorís,Duarte,Dominican Republic,Caribbean,LATAM
2334,Lancaster,California,United States,Western US,USCA
2335,Akron,Ohio,United States,Eastern US,USCA
2336,Kathmandu,Central,Nepal,Southern Asia,Asia Pacific
2337,Beira,Sofala,Mozambique,Eastern Africa,Africa
2338,Tournefeuille,Languedoc-Roussillon-Midi-Pyrénées,France,Western Europe,Europe
2339,Farmington,New Mexico,United States,Western US,USCA
2340,Aydin,Aydin,Turkey,Western Asia,Asia Pacific
2341,Ariquemes,Rondônia,Brazil,South America,LATAM
2342,Anjo,Aichi,Japan,Eastern Asia,Asia Pacific
2343,Potenza,Basilicata,Italy,Southern Europe,Europe
2344,Gómez Palacio,Durango,Mexico,Central America,LATAM
2345,Mumbai,Maharashtra,India,Southern Asia,Asia Pacific
2346,Rillieux-la-Pape,Auvergne-Rhône-Alpes,France,Western Europe,Europe
2347,Euskirchen,North Rhine-Westphalia,Germany,Western Europe,Europe
2348,Potosí,Potosí,Bolivia,South America,LATAM
2349,Cholet,Pays de la Loire,France,Western Europe,Europe
2350,Bechar,Bechar,Algeria,North Africa,Africa
2351,Qazvin,Qazvin,Iran,Southern Asia,Asia Pacific
2352,Overland Park,Kansas,United States,Central US,USCA
2353,Heze,Shandong,China,Eastern Asia,Asia Pacific
2354,Plano,Texas,United States,Central US,USCA
2355,Takestan,Qazvin,Iran,Southern Asia,Asia Pacific
2356,Dunstable,England,United Kingdom,Northern Europe,Europe
2357,Rouen,Normandy,France,Western Europe,Europe
2358,Shijiazhuang,Hebei,China,Eastern Asia,Asia Pacific
2359,Suihua,Heilongjiang,China,Eastern Asia,Asia Pacific
2360,Reus,Catalonia,Spain,Southern Europe,Europe
2361,Khmel'nyts'kyy,Khmel'nyts'kyy,Ukraine,Eastern Europe,Europe
2362,Sorriso,Mato Grosso,Brazil,South America,LATAM
2363,Osasco,São Paulo,Brazil,South America,LATAM
2364,Normal,Illinois,United States,Central US,USCA
2365,Budapest,Budapest,Hungary,Eastern Europe,Europe
2366,Vila Nova de Gaia,Porto,Portugal,Southern Europe,Europe
2367,Stanger,Kwazulu-natal,South Africa,Southern Africa,Africa
2368,Sokoto,Sokoto,Nigeria,Western Africa,Africa
2369,Açu,Rio Grande do Norte,Brazil,South America,LATAM
2370,Tampa,Florida,United States,Southern US,USCA
2371,Juiz de Fora,Minas Gerais,Brazil,South America,LATAM
2372,Hiratsuka,Kanagawa,Japan,Eastern Asia,Asia Pacific
2373,Coslada,Madrid,Spain,Southern Europe,Europe
2374,Necochea,Provincia de Buenos Aires,Argentina,South America,LATAM
2375,Guaymas,Sonora,Mexico,Central America,LATAM
2376,Tallaght,South Dublin,Ireland,Northern Europe,Europe
2377,Cluses,Auvergne-Rhône-Alpes,France,Western Europe,Europe
2378,Cabo Frio,Rio de Janeiro,Brazil,South America,LATAM
2379,Uithoorn,North Holland,Netherlands,Western Europe,Europe
2380,Itapecerica da Serra,São Paulo,Brazil,South America,LATAM
2381,Ningbo,Zhejiang,China,Eastern Asia,Asia Pacific
2382,Luoyang,Fujian,China,Eastern Asia,Asia Pacific
2383,Bonn,North Rhine-Westphalia,Germany,Western Europe,Europe
2384,Baní,Peravia,Dominican Republic,Caribbean,LATAM
2385,Palm Coast,Florida,United States,Southern US,USCA
2386,Watford,England,United Kingdom,Northern Europe,Europe
2387,Oswego,Illinois,United States,Central US,USCA
2388,Southend-on-Sea,England,United Kingdom,Northern Europe,Europe
2389,Marietta,Georgia,United States,Southern US,USCA
2390,Atlixco,Puebla,Mexico,Central America,LATAM
2391,Hildesheim,Lower Saxony,Germany,Western Europe,Europe
2392,Santa Barbara,California,United States,Western US,USCA
2393,Villiers-le-Bel,Ile-de-France,France,Western Europe,Europe
2394,Buca,Izmir,Turkey,Western Asia,Asia Pacific
2395,Pau,Aquitaine-Limousin-Poitou-Charentes,France,Western Europe,Europe
2396,Paita,Piura,Peru,South America,LATAM
2397,Montbrison,Auvergne-Rhône-Alpes,France,Western Europe,Europe
2398,Delmenhorst,Lower Saxony,Germany,Western Europe,Europe
2399,Segovia,Castile and León,Spain,Southern Europe,Europe
2400,Sunnyvale,California,United States,Western US,USCA
2401,Le Plessis-Robinson,Ile-de-France,France,Western Europe,Europe
2402,Niagara Falls,New York,United States,Eastern US,USCA
2403,Sesto San Giovanni,Lombardy,Italy,Southern Europe,Europe
2404,Meerut,Uttar Pradesh,India,Southern Asia,Asia Pacific
2405,Yangzhou,Jiangsu,China,Eastern Asia,Asia Pacific
2406,London,England,United Kingdom,Northern Europe,Europe
2407,João Pessoa,Paraíba,Brazil,South America,LATAM
2408,Saskatoon,Saskatchewan,Canada,Canada,USCA
2409,Derbent,Dagestan,Russia,Eastern Europe,Europe
2410,Chattanooga,Tennessee,United States,Southern US,USCA
2411,Sakai,Gunma,Japan,Eastern Asia,Asia Pacific
2412,Amiens,Nord-Pas-de-Calais-Picardie,France,Western Europe,Europe
2413,Ceyhan,Adana,Turkey,Western Asia,Asia Pacific
2414,Choloma,Cortés,Honduras,Central America,LATAM
2415,Los Angeles,California,United States,Western US,USCA
2416,Plantation,Florida,United States,Southern US,USCA
2417,Sheffield,England,United Kingdom,Northern Europe,Europe
2418,Coacalco,México,Mexico,Central America,LATAM
2419,Aix-les-Bains,Auvergne-Rhône-Alpes,France,Western Europe,Europe
2420,Zaanstad,North Holland,Netherlands,Western Europe,Europe
2421,Uskudar,Istanbul,Turkey,Western Asia,Asia Pacific
2422,Dayr az Zawr,Dayr Az Zawr,Syria,Western Asia,Asia Pacific
2423,Round Rock,Texas,United States,Central US,USCA
2424,Anyang,Gyeonggi,South Korea,Eastern Asia,Asia Pacific
2425,Tokat,Tokat,Turkey,Western Asia,Asia Pacific
2426,Salt Lake City,Utah,United States,Western US,USCA
2427,Katsina,Katsina,Nigeria,Western Africa,Africa
2428,Rochester,New York,United States,Eastern US,USCA
2429,Artemisa,Artemisa,Cuba,Caribbean,LATAM
2430,Botosani,Botosani,Romania,Eastern Europe,Europe
2431,Southaven,Mississippi,United States,Southern US,USCA
2432,Maidstone,England,United Kingdom,Northern Europe,Europe
2433,Sokode,Centrale,Togo,Western Africa,Africa
2434,Volksrust,Mpumalanga,South Africa,Southern Africa,Africa
2435,Pamiers,Languedoc-Roussillon-Midi-Pyrénées,France,Western Europe,Europe
2436,Brive-la-Gaillarde,Aquitaine-Limousin-Poitou-Charentes,France,Western Europe,Europe
2437,Split,Splitsko-Dalmatinska,Croatia,Southern Europe,Europe
2438,Evanston,Illinois,United States,Central US,USCA
2439,Pretoria,Gauteng,South Africa,Southern Africa,Africa
2440,Chula Vista,California,United States,Western US,USCA
2441,Haltom City,Texas,United States,Central US,USCA
2442,Kita-ku,Hyogo,Japan,Eastern Asia,Asia Pacific
2443,Araranguá,Santa Catarina,Brazil,South America,LATAM
2444,Niamey,Niamey,Niger,Western Africa,Africa
2445,Suzhou,Anhui,China,Eastern Asia,Asia Pacific
2446,Taiyuan,Shanxi,China,Eastern Asia,Asia Pacific
2447,Apodaca,Nuevo León,Mexico,Central America,LATAM
2448,Consolación del Sur,Pinar del Río,Cuba,Caribbean,LATAM
2449,Mildura,Victoria,Australia,Oceania,Asia Pacific
2450,Pontault-Combault,Ile-de-France,France,Western Europe,Europe
2451,Namangan,Namangan,Uzbekistan,Central Asia,Asia Pacific
2452,Tarbes,Languedoc-Roussillon-Midi-Pyrénées,France,Western Europe,Europe
2453,Freiburg,Baden-Württemberg,Germany,Western Europe,Europe
2454,Costa Mesa,California,United States,Western US,USCA
2455,Quincy,Massachusetts,United States,Eastern US,USCA
2456,Zhoukou,Henan,China,Eastern Asia,Asia Pacific
2457,Renqiu,Hebei,China,Eastern Asia,Asia Pacific
2458,Haguenau,Alsace-Champagne-Ardenne-Lorraine,France,Western Europe,Europe
2459,Mcallen,Texas,United States,Central US,USCA
2460,Torcy,Ile-de-France,France,Western Europe,Europe
2461,Gastonia,North Carolina,United States,Southern US,USCA
2462,Yibin,Sichuan,China,Eastern Asia,Asia Pacific
2463,Tigard,Oregon,United States,Western US,USCA
2464,Balikesir,Balikesir,Turkey,Western Asia,Asia Pacific
2465,Auckland,Auckland,New Zealand,Oceania,Asia Pacific
2466,Treviso,Veneto,Italy,Southern Europe,Europe
2467,Guacara,Carabobo,Venezuela,South America,LATAM
2468,Brasília,Federal District,Brazil,South America,LATAM
2469,Strasbourg,Alsace-Champagne-Ardenne-Lorraine,France,Western Europe,Europe
2470,Igdir,Igdir,Turkey,Western Asia,Asia Pacific
2471,Chelles,Ile-de-France,France,Western Europe,Europe
2472,Americana,São Paulo,Brazil,South America,LATAM
2473,Bergerac,Aquitaine-Limousin-Poitou-Charentes,France,Western Europe,Europe
2474,Emden,Lower Saxony,Germany,Western Europe,Europe
2475,Baoding,Hebei,China,Eastern Asia,Asia Pacific
2476,Renton,Washington,United States,Western US,USCA
2477,Florence,Alabama,United States,Southern US,USCA
2478,Warrnambool,Victoria,Australia,Oceania,Asia Pacific
2479,Santiago del Estero,Santiago del Estero,Argentina,South America,LATAM
2480,Roeselare,West Flanders,Belgium,Western Europe,Europe
2481,Hastings,England,United Kingdom,Northern Europe,Europe
2482,Macon,Georgia,United States,Southern US,USCA
2483,El Cajon,California,United States,Western US,USCA
2484,Jieyang,Guangdong,China,Eastern Asia,Asia Pacific
2485,Redondo Beach,California,United States,Western US,USCA
2486,Medina,Al Madinah,Saudi Arabia,Western Asia,Asia Pacific
2487,Pomezia,Lazio,Italy,Southern Europe,Europe
2488,Montfermeil,Ile-de-France,France,Western Europe,Europe
2489,Doetinchem,Gelderland,Netherlands,Western Europe,Europe
2490,Zhongxiang,Hubei,China,Eastern Asia,Asia Pacific
2491,Yiyang,Hunan,China,Eastern Asia,Asia Pacific
2492,Klagenfurt,Carinthia,Austria,Western Europe,Europe
2493,Bafoussam,Ouest,Cameroon,Central Africa,Africa
2494,Rockville,Maryland,United States,Eastern US,USCA
2495,Saint-Nazaire,Pays de la Loire,France,Western Europe,Europe
2496,Shanghai,Shanghai,China,Eastern Asia,Asia Pacific
2497,Puente Alto,Santiago,Chile,South America,LATAM
2498,Calabozo,Guárico,Venezuela,South America,LATAM
2499,Sakai,Ibaraki,Japan,Eastern Asia,Asia Pacific
2500,Phoenix,Arizona,United States,Western US,USCA
2501,Lansing,Michigan,United States,Central US,USCA
2502,Bottrop,North Rhine-Westphalia,Germany,Western Europe,Europe
2503,Rizhao,Shandong,China,Eastern Asia,Asia Pacific
2504,Villejuif,Ile-de-France,France,Western Europe,Europe
2505,Florence,Kentucky,United States,Southern US,USCA
2506,Khouribga,Chaouia-Ouardigha,Morocco,North Africa,Africa
2507,Garbsen,Lower Saxony,Germany,Western Europe,Europe
2508,Xining,Qinghai,China,Eastern Asia,Asia Pacific
2509,Spanish Town,Saint Catherine,Jamaica,Caribbean,LATAM
2510,Sacramento,California,United States,Western US,USCA
2511,Novo Gama,Goiás,Brazil,South America,LATAM
2512,Kampala,Kampala,Uganda,Eastern Africa,Africa
2513,Itaúna,Minas Gerais,Brazil,South America,LATAM
2514,Turmero,Aragua,Venezuela,South America,LATAM
2515,An Nasiriyah,Dhi Qar,Iraq,Western Asia,Asia Pacific
2516,Roseville,Minnesota,United States,Central US,USCA
2517,Elazig,Elazig,Turkey,Western Asia,Asia Pacific
2518,Toamasina,Atsinanana,Madagascar,Eastern Africa,Africa
2519,Edea,Littoral,Cameroon,Central Africa,Africa
2520,Turku,Finland Proper,Finland,Northern Europe,Europe
2521,Haikou,Hainan,China,Eastern Asia,Asia Pacific
2522,Munster,Lower Saxony,Germany,Western Europe,Europe
2523,Stellenbosch,Western Cape,South Africa,Southern Africa,Africa
2524,Waynesboro,Virginia,United States,Southern US,USCA
2525,Oruro,Oruro,Bolivia,South America,LATAM
2526,Taixing,Jiangsu,China,Eastern Asia,Asia Pacific
2527,Sivas,Sivas,Turkey,Western Asia,Asia Pacific
2528,Kermanshah,Kermanshah,Iran,Southern Asia,Asia Pacific
2529,Columbus,Georgia,United States,Southern US,USCA
2530,Bacoor,Calabarzon,Philippines,Southeastern Asia,Asia Pacific
2531,Nottingham,England,United Kingdom,Northern Europe,Europe
2532,Petapa,Guatemala,Guatemala,Central America,LATAM
2533,Rabat,Rabat-Salé-Zemmour-Zaer,Morocco,North Africa,Africa
2534,Moers,North Rhine-Westphalia,Germany,Western Europe,Europe
2535,Leeuwarden,Friesland,Netherlands,Western Europe,Europe
2536,Reno,Nevada,United States,Western US,USCA
2537,Saint-Michel-sur-Orge,Ile-de-France,France,Western Europe,Europe
2538,Edmonds,Washington,United States,Western US,USCA
2539,Worthing,England,United Kingdom,Northern Europe,Europe
2540,Provo,Utah,United States,Western US,USCA
2541,Aberdeen,South Dakota,United States,Central US,USCA
2542,Bowling Green,Ohio,United States,Eastern US,USCA
2543,Taunton,England,United Kingdom,Northern Europe,Europe
2544,Norwich,Connecticut,United States,Eastern US,USCA
2545,Igurusi,Mbeya,Tanzania,Eastern Africa,Africa
2546,Coyoacán,Distrito Federal,Mexico,Central America,LATAM
2547,Nancy,Alsace-Champagne-Ardenne-Lorraine,France,Western Europe,Europe
2548,Jambi,Jambi,Indonesia,Southeastern Asia,Asia Pacific
2549,Beaune,Bourgogne-Franche-Comté,France,Western Europe,Europe
2550,Durgapur,Maharashtra,India,Southern Asia,Asia Pacific
2551,Cannes,Provence-Alpes-Côte d'Azur,France,Western Europe,Europe
2552,Grapevine,Texas,United States,Central US,USCA
2553,Elda,Valenciana,Spain,Southern Europe,Europe
2554,Canoas,Rio Grande do Sul,Brazil,South America,LATAM
2555,Sanliurfa,Sanliurfa,Turkey,Western Asia,Asia Pacific
2556,Valence,Auvergne-Rhône-Alpes,France,Western Europe,Europe
2557,Kocaeli,Kocaeli,Turkey,Western Asia,Asia Pacific
2558,Douarnenez,Brittany,France,Western Europe,Europe
2559,Teresópolis,Rio de Janeiro,Brazil,South America,LATAM
2560,Reims,Alsace-Champagne-Ardenne-Lorraine,France,Western Europe,Europe
2561,Runcorn,England,United Kingdom,Northern Europe,Europe
2562,Surat,Gujarat,India,Southern Asia,Asia Pacific
2563,Tilburg,North Brabant,Netherlands,Western Europe,Europe
2564,Stoke-on-Trent,England,United Kingdom,Northern Europe,Europe
2565,Khorramabad,Lorestan,Iran,Southern Asia,Asia Pacific
2566,Masaya,Masaya,Nicaragua,Central America,LATAM
2567,Bata,Litoral,Equatorial Guinea,Central Africa,Africa
2568,Prague,Prague,Czech Republic,Eastern Europe,Europe
2569,Mesquite,Texas,United States,Central US,USCA
2570,Washington,District of Columbia,United States,Eastern US,USCA
2571,Barra Mansa,Rio de Janeiro,Brazil,South America,LATAM
2572,Borujerd,Lorestan,Iran,Southern Asia,Asia Pacific
2573,Uberaba,Minas Gerais,Brazil,South America,LATAM
2574,Torbat-e Heydariyeh,Razavi Khorasan,Iran,Southern Asia,Asia Pacific
2575,Qitaihe,Heilongjiang,China,Eastern Asia,Asia Pacific
2576,Ahvaz,Khuzestan,Iran,Southern Asia,Asia Pacific
2577,Dubbo,New South Wales,Australia,Oceania,Asia Pacific
2578,Langfang,Hebei,China,Eastern Asia,Asia Pacific
2579,Mohammedia,Grand Casablanca,Morocco,North Africa,Africa
2580,Changshu,Jiangsu,China,Eastern Asia,Asia Pacific
2581,New Bedford,Massachusetts,United States,Eastern US,USCA
2582,Richmond,Virginia,United States,Southern US,USCA
2583,Springfield,Virginia,United States,Southern US,USCA
2584,Celaya,Guanajuato,Mexico,Central America,LATAM
2585,San Martín,Cuscatlán,El Salvador,Central America,LATAM
2586,Jalna,Maharashtra,India,Southern Asia,Asia Pacific
2587,Marysville,Washington,United States,Western US,USCA
2588,Brussels,Brussels,Belgium,Western Europe,Europe
2589,Stadtlohn,North Rhine-Westphalia,Germany,Western Europe,Europe
2590,Barakaldo,Basque Country,Spain,Southern Europe,Europe
2591,Amstelveen,North Holland,Netherlands,Western Europe,Europe
2592,Versailles,Ile-de-France,France,Western Europe,Europe
2593,Raipur,Chhattisgarh,India,Southern Asia,Asia Pacific
2594,Middletown,Connecticut,United States,Eastern US,USCA
2595,Olympia,Washington,United States,Western US,USCA
2596,Cártama,Andalusía,Spain,Southern Europe,Europe
2597,Le Mans,Pays de la Loire,France,Western Europe,Europe
2598,Bamako,Bamako,Mali,Western Africa,Africa
2599,Adana,Adana,Turkey,Western Asia,Asia Pacific
2600,Rochdale,England,United Kingdom,Northern Europe,Europe
2601,Troy,New York,United States,Eastern US,USCA
2602,La Paz,La Paz,Bolivia,South America,LATAM
2603,Groningen,Groningen,Netherlands,Western Europe,Europe
2604,Ananindeua,Pará,Brazil,South America,LATAM
2605,Tehuacán,Puebla,Mexico,Central America,LATAM
2606,Quito,Pichincha,Ecuador,South America,LATAM
2607,Santa Rosa,Rio Grande do Sul,Brazil,South America,LATAM
2608,Tallinn,Harjumaa,Estonia,Northern Europe,Europe
2609,Latur,Maharashtra,India,Southern Asia,Asia Pacific
2610,Meriden,Connecticut,United States,Eastern US,USCA
2611,Viroflay,Ile-de-France,France,Western Europe,Europe
2612,Pilar,Alagoas,Brazil,South America,LATAM
2613,Midland,Michigan,United States,Central US,USCA
2614,Narbonne,Languedoc-Roussillon-Midi-Pyrénées,France,Western Europe,Europe
2615,Ankara,Ankara,Turkey,Western Asia,Asia Pacific
2616,Aligarh,Uttar Pradesh,India,Southern Asia,Asia Pacific
2617,Fort Collins,Colorado,United States,Western US,USCA
2618,San Nicolás de los Arroyos,Provincia de Buenos Aires,Argentina,South America,LATAM
2619,Sandakan,Sabah,Malaysia,Southeastern Asia,Asia Pacific
2620,Lancaster,Ohio,United States,Eastern US,USCA
2621,Bellevue,Washington,United States,Western US,USCA
2622,Tamarac,Florida,United States,Southern US,USCA
2623,Ronchin,Nord-Pas-de-Calais-Picardie,France,Western Europe,Europe
2624,Deltona,Florida,United States,Southern US,USCA
2625,Bristol,Tennessee,United States,Southern US,USCA
2626,Highland Park,Illinois,United States,Central US,USCA
2627,Bingol,Bingol,Turkey,Western Asia,Asia Pacific
2628,Simões Filho,Bahia,Brazil,South America,LATAM
2629,Miramar,Florida,United States,Southern US,USCA
2630,Mougins,Provence-Alpes-Côte d'Azur,France,Western Europe,Europe
2631,Bradford,England,United Kingdom,Northern Europe,Europe
2632,Chester,England,United Kingdom,Northern Europe,Europe
2633,Sunbury,Victoria,Australia,Oceania,Asia Pacific
2634,Zabrze,Silesia,Poland,Eastern Europe,Europe
2635,Kryvyy Rih,Dnipropetrovs'k,Ukraine,Eastern Europe,Europe
2636,Warangal,Telangana,India,Southern Asia,Asia Pacific
2637,Al Mahallah al Kubra,Al Gharbiyah,Egypt,North Africa,Africa
2638,Águas Lindas de Goiás,Goiás,Brazil,South America,LATAM
2639,Worms,Rhineland-Palatinate,Germany,Western Europe,Europe
2640,Richmond Hill,Ontario,Canada,Canada,USCA
2641,Genk,Limburg,Belgium,Western Europe,Europe
2642,Rybinsk,Yaroslavl',Russia,Eastern Europe,Europe
2643,Gaya,Bihar,India,Southern Asia,Asia Pacific
2644,Puebla,Puebla,Mexico,Central America,LATAM
2645,Carrara,Tuscany,Italy,Southern Europe,Europe
2646,Linhai,Zhejiang,China,Eastern Asia,Asia Pacific
2647,Borazjan,Bushehr,Iran,Southern Asia,Asia Pacific
2648,Papakura,Auckland,New Zealand,Oceania,Asia Pacific
2649,Bucheon,Gyeonggi,South Korea,Eastern Asia,Asia Pacific
2650,Castrop-Rauxel,North Rhine-Westphalia,Germany,Western Europe,Europe
2651,eMbalenhle,Mpumalanga,South Africa,Southern Africa,Africa
2652,Rock Hill,South Carolina,United States,Southern US,USCA
2653,Tarsus,Mersin,Turkey,Western Asia,Asia Pacific
2654,Kurashiki,Okayama,Japan,Eastern Asia,Asia Pacific
2655,Durban,Kwazulu-natal,South Africa,Southern Africa,Africa
2656,Puerto Montt,Los Lagos,Chile,South America,LATAM
2657,Koblenz,Rhineland-Palatinate,Germany,Western Europe,Europe
2658,Apucarana,Parana,Brazil,South America,LATAM
2659,Koumra,Mandoul,Chad,Central Africa,Africa
2660,Al Manaqil,Gezira,Sudan,North Africa,Africa
2661,Everett,Washington,United States,Western US,USCA
2662,Monroe,North Carolina,United States,Southern US,USCA
2663,Gresham,Oregon,United States,Western US,USCA
2664,Al Fayyum,Al Fayyum,Egypt,North Africa,Africa
2665,Bytom,Silesia,Poland,Eastern Europe,Europe
2666,Fontaine,Auvergne-Rhône-Alpes,France,Western Europe,Europe
2667,Parla,Madrid,Spain,Southern Europe,Europe
2668,Milpa Alta,Distrito Federal,Mexico,Central America,LATAM
2669,Des Moines,Washington,United States,Western US,USCA
2670,Amatitlán,Guatemala,Guatemala,Central America,LATAM
2671,Caucaia,Ceará,Brazil,South America,LATAM
2672,Apeldoorn,Gelderland,Netherlands,Western Europe,Europe
2673,Florence,South Carolina,United States,Southern US,USCA
2674,Tamworth,New South Wales,Australia,Oceania,Asia Pacific
2675,Mardan,Khyber Pakhtunkhwa,Pakistan,Southern Asia,Asia Pacific
2676,Arnsberg,North Rhine-Westphalia,Germany,Western Europe,Europe
2677,Jiaozuo,Henan,China,Eastern Asia,Asia Pacific
2678,Burlington,North Carolina,United States,Southern US,USCA
2679,Bolton,England,United Kingdom,Northern Europe,Europe
2680,Cassilândia,Mato Grosso do Sul,Brazil,South America,LATAM
2681,Ituiutaba,Minas Gerais,Brazil,South America,LATAM
2682,Madurai,Tamil Nadu,India,Southern Asia,Asia Pacific
2683,Newcastle upon Tyne,England,United Kingdom,Northern Europe,Europe
2684,Dhaka,Dhaka,Bangladesh,Southern Asia,Asia Pacific
2685,Espoo,Uusimaa,Finland,Northern Europe,Europe
2686,Lons-le-Saunier,Bourgogne-Franche-Comté,France,Western Europe,Europe
2687,Contramaestre,Santiago de Cuba,Cuba,Caribbean,LATAM
2688,Marano di Napoli,Campania,Italy,Southern Europe,Europe
2689,Oxnard,California,United States,Western US,USCA
2690,Lafayette,Indiana,United States,Central US,USCA
2691,Mariupol',Donetsk,Ukraine,Eastern Europe,Europe
2692,Toulouse,Languedoc-Roussillon-Midi-Pyrénées,France,Western Europe,Europe
2693,Marion,Iowa,United States,Central US,USCA
2694,Avignon,Provence-Alpes-Côte d'Azur,France,Western Europe,Europe
2695,Urbandale,Iowa,United States,Central US,USCA
2696,Wodonga,Victoria,Australia,Oceania,Asia Pacific
2697,Sahuayo de José María Morelos,Michoacán,Mexico,Central America,LATAM
2698,Luts'k,Volyn,Ukraine,Eastern Europe,Europe
2699,Lorca,Murcia,Spain,Southern Europe,Europe
2700,Amadora,Lisboa,Portugal,Southern Europe,Europe
2701,Harrisonburg,Virginia,United States,Southern US,USCA
2702,Adiyaman,Adiyaman,Turkey,Western Asia,Asia Pacific
2703,Albertville,Auvergne-Rhône-Alpes,France,Western Europe,Europe
2704,El Limón,Aragua,Venezuela,South America,LATAM
2705,Oakville,Ontario,Canada,Canada,USCA
2706,Saint-Pierre-des-Corps,Centre-Val de Loire,France,Western Europe,Europe
2707,Kent,Washington,United States,Western US,USCA
2708,Panama City,Panama,Panama,Central America,LATAM
2709,Aachen,North Rhine-Westphalia,Germany,Western Europe,Europe
2710,San Clemente,California,United States,Western US,USCA
2711,Granada,Granada,Nicaragua,Central America,LATAM
2712,Springfield,Oregon,United States,Western US,USCA
2713,Lakewood,Ohio,United States,Eastern US,USCA
2714,San Pablo de las Salinas,México,Mexico,Central America,LATAM
2715,Itapeva,São Paulo,Brazil,South America,LATAM
2716,Clinton,Maryland,United States,Eastern US,USCA
2717,Bitola,Bitola,Macedonia [FYROM],Southern Europe,Europe
2718,Champigny-sur-Marne,Ile-de-France,France,Western Europe,Europe
2719,Saint-Brieuc,Brittany,France,Western Europe,Europe
2720,Pato Branco,Parana,Brazil,South America,LATAM
2721,Mirzapur,Uttar Pradesh,India,Southern Asia,Asia Pacific
2722,Krugersdorp,Gauteng,South Africa,Southern Africa,Africa
2723,Pernik,Pernik,Bulgaria,Eastern Europe,Europe
2724,Braila,Braila,Romania,Eastern Europe,Europe
2725,Moorhead,Minnesota,United States,Central US,USCA
2726,Mainz,Rhineland-Palatinate,Germany,Western Europe,Europe
2727,Kettering,England,United Kingdom,Northern Europe,Europe
2728,Banjarmasin,Kalimantan Selatan,Indonesia,Southeastern Asia,Asia Pacific
2729,Dresden,Saxony,Germany,Western Europe,Europe
2730,Laval,Quebec,Canada,Canada,USCA
2731,Likasi,Katanga,Congo [DRC],Central Africa,Africa
2732,Fontainebleau,Ile-de-France,France,Western Europe,Europe
2733,Aschaffenburg,Bavaria,Germany,Western Europe,Europe
2734,Longueuil,Quebec,Canada,Canada,USCA
2735,Bacolod City,Western Visayas,Philippines,Southeastern Asia,Asia Pacific
2736,Juazeiro,Bahia,Brazil,South America,LATAM
2737,Jiaohe,Jilin,China,Eastern Asia,Asia Pacific
2738,Ninghai,Zhejiang,China,Eastern Asia,Asia Pacific
2739,Garforth,England,United Kingdom,Northern Europe,Europe
2740,Maseru,Maseru,Lesotho,Southern Africa,Africa
2741,Probolinggo,Jawa Timur,Indonesia,Southeastern Asia,Asia Pacific
2742,Palaiseau,Ile-de-France,France,Western Europe,Europe
2743,Macheng,Hubei,China,Eastern Asia,Asia Pacific
2744,Kingswood,England,United Kingdom,Northern Europe,Europe
2745,Tamale,Northern,Ghana,Western Africa,Africa
2746,Riberalta,Beni,Bolivia,South America,LATAM
2747,Oran,Oran,Algeria,North Africa,Africa
2748,Kaunas,Kaunas,Lithuania,Northern Europe,Europe
2749,Catia La Mar,Vargas,Venezuela,South America,LATAM
2750,Xintai,Shandong,China,Eastern Asia,Asia Pacific
2751,Kasama,Northern,Zambia,Eastern Africa,Africa
2752,Esbjerg,South Denmark,Denmark,Northern Europe,Europe
2753,Legnano,Lombardy,Italy,Southern Europe,Europe
2754,Nijmegen,Gelderland,Netherlands,Western Europe,Europe
2755,Amsterdam,North Holland,Netherlands,Western Europe,Europe
2756,Mecca,Makkah,Saudi Arabia,Western Asia,Asia Pacific
2757,Puducherry,Puducherry,India,Southern Asia,Asia Pacific
2758,Detroit,Michigan,United States,Central US,USCA
2759,Jundiaí,São Paulo,Brazil,South America,LATAM
2760,Naples,Campania,Italy,Southern Europe,Europe
2761,Bhopal,Madhya Pradesh,India,Southern Asia,Asia Pacific
2762,Querétaro,Querétaro,Mexico,Central America,LATAM
2763,Hanover,Lower Saxony,Germany,Western Europe,Europe
2764,Vitória,Espírito Santo,Brazil,South America,LATAM
2765,Xiamen,Fujian,China,Eastern Asia,Asia Pacific
2766,Salavat,Bashkortostan,Russia,Eastern Europe,Europe
2767,Apple Valley,California,United States,Western US,USCA
2768,Beauvais,Nord-Pas-de-Calais-Picardie,France,Western Europe,Europe
2769,Caen,Normandy,France,Western Europe,Europe
2770,Moradabad,Uttar Pradesh,India,Southern Asia,Asia Pacific
2771,Pasadena,California,United States,Western US,USCA
2772,K'ut'aisi,Imereti,Georgia,Western Asia,Asia Pacific
2773,Campeche,Campeche,Mexico,Central America,LATAM
2774,Acámbaro,Guanajuato,Mexico,Central America,LATAM
2775,Guntur,Andhra Pradesh,India,Southern Asia,Asia Pacific
2776,Kassala,Kassala,Sudan,North Africa,Africa
2777,Echirolles,Auvergne-Rhône-Alpes,France,Western Europe,Europe
2778,Rehovot,Central,Israel,Western Asia,Asia Pacific
2779,Bellingham,Washington,United States,Western US,USCA
2780,Monclova,Coahuila,Mexico,Central America,LATAM
2781,Zanjan,Zanjan,Iran,Southern Asia,Asia Pacific
2782,La Romana,La Romana,Dominican Republic,Caribbean,LATAM
2783,Guwahati,Assam,India,Southern Asia,Asia Pacific
2784,Guarulhos,São Paulo,Brazil,South America,LATAM
2785,Kalyan,Maharashtra,India,Southern Asia,Asia Pacific
2786,Le Pontet,Provence-Alpes-Côte d'Azur,France,Western Europe,Europe
2787,Kawasaki,Fukuoka,Japan,Eastern Asia,Asia Pacific
2788,Obregón,Sonora,Mexico,Central America,LATAM
2789,Newark,Ohio,United States,Eastern US,USCA
2790,Puertollano,Castile-La Mancha,Spain,Southern Europe,Europe
2791,Dniprodzerzhyns'k,Dnipropetrovs'k,Ukraine,Eastern Europe,Europe
2792,Bengbu,Anhui,China,Eastern Asia,Asia Pacific
2793,Namibe,Namibe,Angola,Central Africa,Africa
2794,Vineland,New Jersey,United States,Eastern US,USCA
2795,Washington,England,United Kingdom,Northern Europe,Europe
2796,Chaville,Ile-de-France,France,Western Europe,Europe
2797,Plzen,Plzen,Czech Republic,Eastern Europe,Europe
2798,Peoria,Illinois,United States,Central US,USCA
2799,Regina,Saskatchewan,Canada,Canada,USCA
2800,Goiânia,Goiás,Brazil,South America,LATAM
2801,Cancún,Quintana Roo,Mexico,Central America,LATAM
2802,Fatehpur,Rajasthan,India,Southern Asia,Asia Pacific
2803,Nuneaton,England,United Kingdom,Northern Europe,Europe
2804,David,Chiriquí,Panama,Central America,LATAM
2805,Benin City,Edo,Nigeria,Western Africa,Africa
2806,Santa Catarina,Nuevo León,Mexico,Central America,LATAM
2807,Burnley,England,United Kingdom,Northern Europe,Europe
2808,Chesapeake,Virginia,United States,Southern US,USCA
2809,Carrollton,Texas,United States,Central US,USCA
2810,Ube,Yamaguchi,Japan,Eastern Asia,Asia Pacific
2811,Sukkur,Sindh,Pakistan,Southern Asia,Asia Pacific
2812,Xinshi,Hubei,China,Eastern Asia,Asia Pacific
2813,Faenza,Emilia-Romagna,Italy,Southern Europe,Europe
2814,Stara Zagora,Stara Zagora,Bulgaria,Eastern Europe,Europe
2815,Mexico City,Distrito Federal,Mexico,Central America,LATAM
2816,Can Tho,Tỉnh Cần Thơ,Vietnam,Southeastern Asia,Asia Pacific
2817,Jinjiang,Fujian,China,Eastern Asia,Asia Pacific
2818,Chesterfield,England,United Kingdom,Northern Europe,Europe
2819,Zurich,Zürich,Switzerland,Western Europe,Europe
2820,Alphen aan den Rijn,South Holland,Netherlands,Western Europe,Europe
2821,Hayange,Alsace-Champagne-Ardenne-Lorraine,France,Western Europe,Europe
2822,Donets'k,Donetsk,Ukraine,Eastern Europe,Europe
2823,Quesada,Alajuela,Costa Rica,Central America,LATAM
2824,Makeni,Northern,Sierra Leone,Western Africa,Africa
2825,Jayapura,Papua,Indonesia,Southeastern Asia,Asia Pacific
2826,Navegantes,Santa Catarina,Brazil,South America,LATAM
2827,Disuq,Kafr Ash Shaykh,Egypt,North Africa,Africa
2828,Waterlooville,England,United Kingdom,Northern Europe,Europe
2829,Sorgues,Provence-Alpes-Côte d'Azur,France,Western Europe,Europe
2830,Xinghua,Jiangsu,China,Eastern Asia,Asia Pacific
2831,Buffalo,New York,United States,Eastern US,USCA
2832,Fort-de-France,Martinique,Martinique,Caribbean,LATAM
2833,Bloomington,Illinois,United States,Central US,USCA
2834,Seremban,Negeri Sembilan,Malaysia,Southeastern Asia,Asia Pacific
2835,Diyarbakir,Diyarbakir,Turkey,Western Asia,Asia Pacific
2836,Fayetteville,North Carolina,United States,Southern US,USCA
2837,Waiblingen,Baden-Württemberg,Germany,Western Europe,Europe
2838,Velsen,North Holland,Netherlands,Western Europe,Europe
2839,San Severo,Apulia,Italy,Southern Europe,Europe
2840,Jammu,Jammu and Kashmir,India,Southern Asia,Asia Pacific
2841,Wichita,Kansas,United States,Central US,USCA
2842,Boksburg,Gauteng,South Africa,Southern Africa,Africa
2843,Singapore,Singapore,Singapore,Southeastern Asia,Asia Pacific
2844,Muzaffarpur,Bihar,India,Southern Asia,Asia Pacific
2845,Tipitapa,Managua,Nicaragua,Central America,LATAM
2846,Poole,England,United Kingdom,Northern Europe,Europe
2847,Kerman,Kerman,Iran,Southern Asia,Asia Pacific
2848,Malang,Jawa Timur,Indonesia,Southeastern Asia,Asia Pacific
2849,Guarujá,São Paulo,Brazil,South America,LATAM
2850,Qaraghandy,Qaraghandy,Kazakhstan,Central Asia,Asia Pacific
2851,Aulnay-sous-Bois,Ile-de-France,France,Western Europe,Europe
2852,Schiltigheim,Alsace-Champagne-Ardenne-Lorraine,France,Western Europe,Europe
2853,Providence,Rhode Island,United States,Eastern US,USCA
2854,Revere,Massachusetts,United States,Eastern US,USCA
2855,Iserlohn,North Rhine-Westphalia,Germany,Western Europe,Europe
2856,Deventer,Overijssel,Netherlands,Western Europe,Europe
2857,León,Guanajuato,Mexico,Central America,LATAM
2858,Cergy,Ile-de-France,France,Western Europe,Europe
2859,Cairns,Queensland,Australia,Oceania,Asia Pacific
2860,Datong,Anhui,China,Eastern Asia,Asia Pacific
2861,Rosario,Santa Fe,Argentina,South America,LATAM
2862,Pierrefitte-sur-Seine,Ile-de-France,France,Western Europe,Europe
2863,Albacete,Castile-La Mancha,Spain,Southern Europe,Europe
2864,Shantou,Guangdong,China,Eastern Asia,Asia Pacific
2865,Porto Alegre,Rio Grande do Sul,Brazil,South America,LATAM
2866,Bourges,Centre-Val de Loire,France,Western Europe,Europe
2867,Ann Arbor,Michigan,United States,Central US,USCA
2868,Tivoli,Lazio,Italy,Southern Europe,Europe
2869,Emmen,Drenthe,Netherlands,Western Europe,Europe
2870,Lancaster,Pennsylvania,United States,Eastern US,USCA
2871,Berne,Bern,Switzerland,Western Europe,Europe
2872,Chigasaki,Kanagawa,Japan,Eastern Asia,Asia Pacific
2873,Ujjain,Madhya Pradesh,India,Southern Asia,Asia Pacific
2874,Mahajanga,Boeny,Madagascar,Eastern Africa,Africa
2875,Morley,England,United Kingdom,Northern Europe,Europe
2876,Bochum,North Rhine-Westphalia,Germany,Western Europe,Europe
2877,Chongqing,Chongqing,China,Eastern Asia,Asia Pacific
2878,Roubaix,Nord-Pas-de-Calais-Picardie,France,Western Europe,Europe
2879,Wilmington,Delaware,United States,Eastern US,USCA
2880,Brahmapur,Odisha,India,Southern Asia,Asia Pacific
2881,Wels,Upper Austria,Austria,Western Europe,Europe
2882,Drobeta-Turnu Severin,Mehedinti,Romania,Eastern Europe,Europe
2883,Bom Jesus da Lapa,Bahia,Brazil,South America,LATAM
2884,Sant Boi de Llobregat,Catalonia,Spain,Southern Europe,Europe
2885,Al Khums,Al Marqab,Libya,North Africa,Africa
2886,Koforidua,Eastern,Ghana,Western Africa,Africa
2887,Ulm,Baden-Württemberg,Germany,Western Europe,Europe
2888,Severodvinsk,Arkhangel'sk,Russia,Eastern Europe,Europe
2889,Budënnovsk,Stavropol',Russia,Eastern Europe,Europe
2890,Batman,Batman,Turkey,Western Asia,Asia Pacific
2891,Saint-Priest,Auvergne-Rhône-Alpes,France,Western Europe,Europe
2892,Coulommiers,Ile-de-France,France,Western Europe,Europe
2893,Savona,Liguria,Italy,Southern Europe,Europe
2894,Rio Rancho,New Mexico,United States,Western US,USCA
2895,Yaroslavl',Yaroslavl',Russia,Eastern Europe,Europe
2896,Manukau City,Auckland,New Zealand,Oceania,Asia Pacific
2897,Chitungwiza,Harare,Zimbabwe,Eastern Africa,Africa
2898,Ipiales,Nariño,Colombia,South America,LATAM
2899,Hamm,North Rhine-Westphalia,Germany,Western Europe,Europe
2900,Nanchang,Jiangxi,China,Eastern Asia,Asia Pacific
2901,El Ejido,Andalusía,Spain,Southern Europe,Europe
2902,Lippstadt,North Rhine-Westphalia,Germany,Western Europe,Europe
2903,Jodhpur,Rajasthan,India,Southern Asia,Asia Pacific
2904,Elbasan,Elbasan,Albania,Southern Europe,Europe
2905,Jizan,Jizan,Saudi Arabia,Western Asia,Asia Pacific
2906,Franconville,Ile-de-France,France,Western Europe,Europe
2907,Zwolle,Overijssel,Netherlands,Western Europe,Europe
2908,Neuquén,Neuquén,Argentina,South America,LATAM
2909,Capua,Campania,Italy,Southern Europe,Europe
2910,Peoria,Arizona,United States,Western US,USCA
2911,Tongchuan,Sichuan,China,Eastern Asia,Asia Pacific
2912,Zinder,Zinder,Niger,Western Africa,Africa
2913,Canakkale,Canakkale,Turkey,Western Asia,Asia Pacific
2914,Kokshetau,Aqmola,Kazakhstan,Central Asia,Asia Pacific
2915,Yichun,Jiangxi,China,Eastern Asia,Asia Pacific
2916,Port Harcourt,Rivers,Nigeria,Western Africa,Africa
2917,Mersin,Mersin,Turkey,Western Asia,Asia Pacific
2918,Mulhouse,Alsace-Champagne-Ardenne-Lorraine,France,Western Europe,Europe
2919,Guanambi,Bahia,Brazil,South America,LATAM
2920,Kuito,Bie,Angola,Central Africa,Africa
2921,Haarlem,North Holland,Netherlands,Western Europe,Europe
2922,Annecy,Auvergne-Rhône-Alpes,France,Western Europe,Europe
2923,Morristown,New Jersey,United States,Eastern US,USCA
2924,Misratah,Misratah,Libya,North Africa,Africa
2925,Landskrona,Skåne,Sweden,Northern Europe,Europe
2926,Owensboro,Kentucky,United States,Southern US,USCA
2927,Helsingborg,Skåne,Sweden,Northern Europe,Europe
2928,Kaliningrad,Kaliningrad,Russia,Eastern Europe,Europe
2929,Hamme,East Flanders,Belgium,Western Europe,Europe
2930,Encinitas,California,United States,Western US,USCA
2931,Rio Branco,Acre,Brazil,South America,LATAM
2932,Burgos,Castile and León,Spain,Southern Europe,Europe
2933,Bhatpara,West Bengal,India,Southern Asia,Asia Pacific
2934,Soledad,Atlántico,Colombia,South America,LATAM
2935,Toowoomba,Queensland,Australia,Oceania,Asia Pacific
2936,Windsor,Ontario,Canada,Canada,USCA
2937,Leeds,England,United Kingdom,Northern Europe,Europe
2938,Lodz,Lodz,Poland,Eastern Europe,Europe
2939,Baden-Baden,Baden-Württemberg,Germany,Western Europe,Europe
2940,Sabzevar,Razavi Khorasan,Iran,Southern Asia,Asia Pacific
2941,Sierra Vista,Arizona,United States,Western US,USCA
2942,Barquisimeto,Lara,Venezuela,South America,LATAM
2943,Ilesha,Osun,Nigeria,Western Africa,Africa
2944,Tegal,Jawa Tengah,Indonesia,Southeastern Asia,Asia Pacific
2945,Grenoble,Auvergne-Rhône-Alpes,France,Western Europe,Europe
2946,Spokane,Washington,United States,Western US,USCA
2947,Douai,Nord-Pas-de-Calais-Picardie,France,Western Europe,Europe
2948,York,Pennsylvania,United States,Eastern US,USCA
2949,Darbhanga,Bihar,India,Southern Asia,Asia Pacific
2950,Hickory,North Carolina,United States,Southern US,USCA
2951,Summerville,South Carolina,United States,Southern US,USCA
2952,West Bromwich,England,United Kingdom,Northern Europe,Europe
2953,Rach Gia,Kiên Giang,Vietnam,Southeastern Asia,Asia Pacific
2954,Pontes e Lacerda,Mato Grosso,Brazil,South America,LATAM
2955,Gennevilliers,Ile-de-France,France,Western Europe,Europe
2956,Bayonne,Aquitaine-Limousin-Poitou-Charentes,France,Western Europe,Europe
2957,Katowice,Silesia,Poland,Eastern Europe,Europe
2958,Aberdeen,Scotland,United Kingdom,Northern Europe,Europe
2959,Cesena,Emilia-Romagna,Italy,Southern Europe,Europe
2960,Grand Rapids,Michigan,United States,Central US,USCA
2961,Tongi,Dhaka,Bangladesh,Southern Asia,Asia Pacific
2962,Karaman,Karaman,Turkey,Western Asia,Asia Pacific
2963,Salem,Oregon,United States,Western US,USCA
2964,Levin,Manawatu-Wanganui,New Zealand,Oceania,Asia Pacific
2965,Takatsuki,Osaka,Japan,Eastern Asia,Asia Pacific
2966,Iquitos,Loreto,Peru,South America,LATAM
2967,Florencia,Caquetá,Colombia,South America,LATAM
2968,Gosport,England,United Kingdom,Northern Europe,Europe
2969,Targu Jiu,Gorj,Romania,Eastern Europe,Europe
2970,São Paulo,São Paulo,Brazil,South America,LATAM
2971,La Ceiba,Atlántida,Honduras,Central America,LATAM
2972,Iasi,Iasi,Romania,Eastern Europe,Europe
2973,Ingolstadt,Bavaria,Germany,Western Europe,Europe
2974,Chetumal,Quintana Roo,Mexico,Central America,LATAM
2975,Winnipeg,Manitoba,Canada,Canada,USCA
2976,Corpus Christi,Texas,United States,Central US,USCA
2977,Diadema,São Paulo,Brazil,South America,LATAM
2978,Vilnius,Vilnius,Lithuania,Northern Europe,Europe
2979,Daegu,Daegu,South Korea,Eastern Asia,Asia Pacific
2980,Ivry-sur-Seine,Ile-de-France,France,Western Europe,Europe
2981,Mount Vernon,New York,United States,Eastern US,USCA
2982,Xuzhou,Jiangsu,China,Eastern Asia,Asia Pacific
2983,Cochabamba,Cochabamba,Bolivia,South America,LATAM
2984,Boa Esperança,Minas Gerais,Brazil,South America,LATAM
2985,Nikopol',Dnipropetrovs'k,Ukraine,Eastern Europe,Europe
2986,Kanpur,Uttar Pradesh,India,Southern Asia,Asia Pacific
2987,Cluj-Napoca,Cluj,Romania,Eastern Europe,Europe
2988,Acayucan,Veracruz,Mexico,Central America,LATAM
2989,Wilhelmshaven,Lower Saxony,Germany,Western Europe,Europe
2990,Cormeilles-en-Parisis,Ile-de-France,France,Western Europe,Europe
2991,Naperville,Illinois,United States,Central US,USCA
2992,Slough,England,United Kingdom,Northern Europe,Europe
2993,Matagalpa,Matagalpa,Nicaragua,Central America,LATAM
2994,Teresina,Piauí,Brazil,South America,LATAM
2995,Nacka,Stockholm,Sweden,Northern Europe,Europe
2996,Masjed Soleyman,Khuzestan,Iran,Southern Asia,Asia Pacific
2997,Holland,Michigan,United States,Central US,USCA
2998,Kuantan,Pahang,Malaysia,Southeastern Asia,Asia Pacific
2999,Parma,Emilia-Romagna,Italy,Southern Europe,Europe
3000,Mazyr,Homyel',Belarus,Eastern Europe,Europe
3001,Luoyang,Guangdong,China,Eastern Asia,Asia Pacific
3002,Ponferrada,Castile and León,Spain,Southern Europe,Europe
3003,Suining,Sichuan,China,Eastern Asia,Asia Pacific
3004,Funtua,Katsina,Nigeria,Western Africa,Africa
3005,Fernando de la Mora,Central,Paraguay,South America,LATAM
3006,Great Falls,Montana,United States,Western US,USCA
3007,Meaux,Ile-de-France,France,Western Europe,Europe
3008,Bressuire,Aquitaine-Limousin-Poitou-Charentes,France,Western Europe,Europe
3009,Vitória da Conquista,Bahia,Brazil,South America,LATAM
3010,Quanzhou,Fujian,China,Eastern Asia,Asia Pacific
3011,Cognac,Aquitaine-Limousin-Poitou-Charentes,France,Western Europe,Europe
3012,Shenyang,Liaoning,China,Eastern Asia,Asia Pacific
3013,Quimper,Brittany,France,Western Europe,Europe
3014,Juárez,Chihuahua,Mexico,Central America,LATAM
3015,Waitakere,Auckland,New Zealand,Oceania,Asia Pacific
3016,Salvador,Bahia,Brazil,South America,LATAM
3017,Huizhou,Guangdong,China,Eastern Asia,Asia Pacific
3018,Miramas,Provence-Alpes-Côte d'Azur,France,Western Europe,Europe
3019,Avadi,Tamil Nadu,India,Southern Asia,Asia Pacific
3020,Kindia,Kindia,Guinea,Western Africa,Africa
3021,Kasugai,Aichi,Japan,Eastern Asia,Asia Pacific
3022,Pinsk,Brest,Belarus,Eastern Europe,Europe
3023,Lens,Nord-Pas-de-Calais-Picardie,France,Western Europe,Europe
3024,Sheboygan,Wisconsin,United States,Central US,USCA
3025,Wasquehal,Nord-Pas-de-Calais-Picardie,France,Western Europe,Europe
3026,Lewiston,Idaho,United States,Western US,USCA
3027,Jember,Jawa Timur,Indonesia,Southeastern Asia,Asia Pacific
3028,Ormond Beach,Florida,United States,Southern US,USCA
3029,Sancti Spíritus,Sancti Spíritus,Cuba,Caribbean,LATAM
3030,Denizli,Denizli,Turkey,Western Asia,Asia Pacific
3031,San Fernando,San Fernando,Trinidad and Tobago,Caribbean,LATAM
3032,Los Mochis,Sinaloa,Mexico,Central America,LATAM
3033,Stockport,England,United Kingdom,Northern Europe,Europe
3034,Koshigaya,Saitama,Japan,Eastern Asia,Asia Pacific
3035,Babol,Mazandaran,Iran,Southern Asia,Asia Pacific
3036,Molina de Segura,Murcia,Spain,Southern Europe,Europe
3037,Montrouge,Ile-de-France,France,Western Europe,Europe
3038,Horlivka,Donetsk,Ukraine,Eastern Europe,Europe
3039,Suffolk,Virginia,United States,Southern US,USCA
3040,Offenburg,Baden-Württemberg,Germany,Western Europe,Europe
3041,Greensboro,North Carolina,United States,Southern US,USCA
3042,Neiva,Huila,Colombia,South America,LATAM
3043,Aewŏl-li,Jeju,South Korea,Eastern Asia,Asia Pacific
3044,Vitória de Santo Antão,Pernambuco,Brazil,South America,LATAM
3045,Korce,Korçë,Albania,Southern Europe,Europe
3046,Orsay,Ile-de-France,France,Western Europe,Europe
3047,Bergheim,North Rhine-Westphalia,Germany,Western Europe,Europe
3048,Daytona Beach,Florida,United States,Southern US,USCA
3049,Kulob,Khatlon,Tajikistan,Central Asia,Asia Pacific
3050,Dewsbury,England,United Kingdom,Northern Europe,Europe
3051,Letchworth,England,United Kingdom,Northern Europe,Europe
3052,La Teste-de-Buch,Aquitaine-Limousin-Poitou-Charentes,France,Western Europe,Europe
3053,Karnal,Haryana,India,Southern Asia,Asia Pacific
3054,Ikot Ekpene,Akwa Ibom,Nigeria,Western Africa,Africa
3055,Massa,Tuscany,Italy,Southern Europe,Europe
3056,Shagamu,Ogun,Nigeria,Western Africa,Africa
3057,Lake Elsinore,California,United States,Western US,USCA
3058,Palembang,Sumatera Selatan,Indonesia,Southeastern Asia,Asia Pacific
3059,Mbandaka,Equateur,Congo [DRC],Central Africa,Africa
3060,Evry,Ile-de-France,France,Western Europe,Europe
3061,Louisville,Colorado,United States,Western US,USCA
3062,Bajos de Haina,San Cristóbal,Dominican Republic,Caribbean,LATAM
3063,Tabora,Tabora,Tanzania,Eastern Africa,Africa
3064,San José de las Lajas,Mayabeque,Cuba,Caribbean,LATAM
3065,Nakuru,Rift Valley,Kenya,Eastern Africa,Africa
3066,Valparaíso de Goiás,Goiás,Brazil,South America,LATAM
3067,Fort Worth,Texas,United States,Central US,USCA
3068,La Porte,Texas,United States,Central US,USCA
3069,Pazardzhik,Pazardzhik,Bulgaria,Eastern Europe,Europe
3070,Apopa,San Salvador,El Salvador,Central America,LATAM
3071,Arlington,Virginia,United States,Southern US,USCA
3072,Zacatecas,Zacatecas,Mexico,Central America,LATAM
3073,Magdeburg,Saxony-Anhalt,Germany,Western Europe,Europe
3074,Bandar Abbas,Hormozgan,Iran,Southern Asia,Asia Pacific
3075,Abbeville,Nord-Pas-de-Calais-Picardie,France,Western Europe,Europe
3076,Ibiúna,São Paulo,Brazil,South America,LATAM
3077,Gorzow Wielkopolski,Lubusz,Poland,Eastern Europe,Europe
3078,Vitry-sur-Seine,Ile-de-France,France,Western Europe,Europe
3079,Saint-Genis-Laval,Auvergne-Rhône-Alpes,France,Western Europe,Europe
3080,Carapicuíba,São Paulo,Brazil,South America,LATAM
3081,Mishawaka,Indiana,United States,Central US,USCA
3082,Meridian,Idaho,United States,Western US,USCA
3083,Wiesbaden,Hesse,Germany,Western Europe,Europe
3084,Ardabil,Ardabil,Iran,Southern Asia,Asia Pacific
3085,Huancayo,Junín,Peru,South America,LATAM
3086,Calgary,Alberta,Canada,Canada,USCA
3087,León,León,Nicaragua,Central America,LATAM
3088,Islamabad,F.C.T.,Pakistan,Southern Asia,Asia Pacific
3089,Yushu,Jilin,China,Eastern Asia,Asia Pacific
3090,Chuncheon,Gangwon,South Korea,Eastern Asia,Asia Pacific
3091,Yuci,Shanxi,China,Eastern Asia,Asia Pacific
3092,Shangyu,Zhejiang,China,Eastern Asia,Asia Pacific
3093,Eugene,Oregon,United States,Western US,USCA
3094,Maradi,Maradi,Niger,Western Africa,Africa
3095,Xiantao,Hubei,China,Eastern Asia,Asia Pacific
3096,Burgas,Burgas,Bulgaria,Eastern Europe,Europe
3097,Bitonto,Apulia,Italy,Southern Europe,Europe
3098,Giyani,Limpopo,South Africa,Southern Africa,Africa
3099,Limeira,São Paulo,Brazil,South America,LATAM
3100,Warsaw,Masovia,Poland,Eastern Europe,Europe
3101,Sorocaba,São Paulo,Brazil,South America,LATAM
3102,Lyon,Auvergne-Rhône-Alpes,France,Western Europe,Europe
3103,Biarritz,Aquitaine-Limousin-Poitou-Charentes,France,Western Europe,Europe
3104,Gulbarga,Karnataka,India,Southern Asia,Asia Pacific
3105,Araguaína,Tocantins,Brazil,South America,LATAM
3106,Newcastle,Kwazulu-natal,South Africa,Southern Africa,Africa
3107,Ceuta,Ceuta,Spain,Southern Europe,Europe
3108,Lowell,Massachusetts,United States,Eastern US,USCA
3109,Valles,San Luis Potosí,Mexico,Central America,LATAM
3110,Taiping,Perak,Malaysia,Southeastern Asia,Asia Pacific
3111,Oviedo,Asturias,Spain,Southern Europe,Europe
3112,Portsmouth,England,United Kingdom,Northern Europe,Europe
3113,Narsingdi,Dhaka,Bangladesh,Southern Asia,Asia Pacific
3114,Pindamonhangaba,São Paulo,Brazil,South America,LATAM
3115,Belgorod,Belgorod,Russia,Eastern Europe,Europe
3116,Akhmim,Suhaj,Egypt,North Africa,Africa
3117,Wheeling,West Virginia,United States,Eastern US,USCA
3118,Carol Stream,Illinois,United States,Central US,USCA
3119,Tuxtla Gutiérrez,Chiapas,Mexico,Central America,LATAM
3120,Chimbote,Ancash,Peru,South America,LATAM
3121,Hamburg,Hamburg,Germany,Western Europe,Europe
3122,Estelí,Estelí,Nicaragua,Central America,LATAM
3123,Algiers,Alger,Algeria,North Africa,Africa
3124,Sakaka,Al Jawf,Saudi Arabia,Western Asia,Asia Pacific
3125,Makati,National Capital,Philippines,Southeastern Asia,Asia Pacific
3126,Charlotte,North Carolina,United States,Southern US,USCA
3127,Tinley Park,Illinois,United States,Central US,USCA
3128,Clichy,Ile-de-France,France,Western Europe,Europe
3129,Durg,Chhattisgarh,India,Southern Asia,Asia Pacific
3130,Vantaa,Uusimaa,Finland,Northern Europe,Europe
3131,Everett,Massachusetts,United States,Eastern US,USCA
3132,Forst,Brandenburg,Germany,Western Europe,Europe
3133,Brantford,Ontario,Canada,Canada,USCA
3134,La Rochelle,Aquitaine-Limousin-Poitou-Charentes,France,Western Europe,Europe
3135,Coimbra,Coimbra,Portugal,Southern Europe,Europe
3136,Sari,Mazandaran,Iran,Southern Asia,Asia Pacific
3137,Charleroi,Hainaut,Belgium,Western Europe,Europe
3138,Delgado,San Salvador,El Salvador,Central America,LATAM
3139,Lahore,Punjab,Pakistan,Southern Asia,Asia Pacific
3140,East Kilbride,Scotland,United Kingdom,Northern Europe,Europe
3141,Bolingbrook,Illinois,United States,Central US,USCA
3142,Daqing,Heilongjiang,China,Eastern Asia,Asia Pacific
3143,Cherbourg-Octeville,Normandy,France,Western Europe,Europe
3144,Plymouth,England,United Kingdom,Northern Europe,Europe
3145,San Cristóbal,Táchira,Venezuela,South America,LATAM
3146,Le Cannet,Provence-Alpes-Côte d'Azur,France,Western Europe,Europe
3147,Maple Grove,Minnesota,United States,Central US,USCA
3148,Sumaré,São Paulo,Brazil,South America,LATAM
3149,Valenciennes,Nord-Pas-de-Calais-Picardie,France,Western Europe,Europe
3150,Nal'chik,Kabardino-Balkariya,Russia,Eastern Europe,Europe
3151,Jefferson City,Missouri,United States,Central US,USCA
3152,Jingdezhen,Jiangxi,China,Eastern Asia,Asia Pacific
3153,Lambaré,Central,Paraguay,South America,LATAM
3154,Kabwe,Central,Zambia,Eastern Africa,Africa
3155,Vertou,Pays de la Loire,France,Western Europe,Europe
3156,Villavicencio,Meta,Colombia,South America,LATAM
3157,Musoma,Mara,Tanzania,Eastern Africa,Africa
3158,Dinslaken,North Rhine-Westphalia,Germany,Western Europe,Europe
3159,Langen,Hesse,Germany,Western Europe,Europe
3160,Alicante,Valenciana,Spain,Southern Europe,Europe
3161,Vlaardingen,South Holland,Netherlands,Western Europe,Europe
3162,Mitry-Mory,Ile-de-France,France,Western Europe,Europe
3163,Ferndown,England,United Kingdom,Northern Europe,Europe
3164,Pereira,Risaralda,Colombia,South America,LATAM
3165,Luanshya,Copperbelt,Zambia,Eastern Africa,Africa
3166,Uberlândia,Minas Gerais,Brazil,South America,LATAM
3167,Blackburn,England,United Kingdom,Northern Europe,Europe
3168,Cosenza,Calabria,Italy,Southern Europe,Europe
3169,Manisa,Manisa,Turkey,Western Asia,Asia Pacific
3170,Mpumalanga,Kwazulu-natal,South Africa,Southern Africa,Africa
3171,Siirt,Siirt,Turkey,Western Asia,Asia Pacific
3172,Kent,Ohio,United States,Eastern US,USCA
3173,Umtata,Eastern Cape,South Africa,Southern Africa,Africa
3174,Vacaville,California,United States,Western US,USCA
3175,Fianarantsoa,Haute-Matsiatra,Madagascar,Eastern Africa,Africa
3176,Cipolletti,Río Negro,Argentina,South America,LATAM
3177,Dartford,England,United Kingdom,Northern Europe,Europe
3178,Gorgan,Golestan,Iran,Southern Asia,Asia Pacific
3179,Focsani,Vrancea,Romania,Eastern Europe,Europe
3180,Bamberg,Bavaria,Germany,Western Europe,Europe
3181,Cottage Grove,Minnesota,United States,Central US,USCA
3182,Iringa,Iringa,Tanzania,Eastern Africa,Africa
3183,Delft,South Holland,Netherlands,Western Europe,Europe
3184,Gaithersburg,Maryland,United States,Eastern US,USCA
3185,Santos,São Paulo,Brazil,South America,LATAM
3186,Visalia,California,United States,Western US,USCA
3187,Hamamatsu,Shizuoka,Japan,Eastern Asia,Asia Pacific
3188,Zielona Gora,Lubusz,Poland,Eastern Europe,Europe
3189,Gusau,Zamfara,Nigeria,Western Africa,Africa
3190,Olivet,Centre-Val de Loire,France,Western Europe,Europe
3191,Jizzakh,Jizzakh,Uzbekistan,Central Asia,Asia Pacific
3192,Cruz das Almas,Bahia,Brazil,South America,LATAM
3193,Arica,Arica y Parinacota,Chile,South America,LATAM
3194,Capelle aan den IJssel,South Holland,Netherlands,Western Europe,Europe
3195,Zwedru,Grand Gedeh,Liberia,Western Africa,Africa
3196,Czestochowa,Silesia,Poland,Eastern Europe,Europe
3197,Sobral,Ceará,Brazil,South America,LATAM
3198,Bangor,Maine,United States,Eastern US,USCA
3199,Verona,Veneto,Italy,Southern Europe,Europe
3200,Paço do Lumiar,Maranhão,Brazil,South America,LATAM
3201,Stralsund,Mecklenburg-Vorpommern,Germany,Western Europe,Europe
3202,Laguna Niguel,California,United States,Western US,USCA
3203,Osijek,Osjecko-Baranjska,Croatia,Southern Europe,Europe
3204,Ermont,Ile-de-France,France,Western Europe,Europe
3205,Villeneuve-Saint-Georges,Ile-de-France,France,Western Europe,Europe
3206,Hapur,Uttar Pradesh,India,Southern Asia,Asia Pacific
3207,Ijuí,Rio Grande do Sul,Brazil,South America,LATAM
3208,Zaoyang,Hubei,China,Eastern Asia,Asia Pacific
3209,José Bonifácio,São Paulo,Brazil,South America,LATAM
3210,Barasat,West Bengal,India,Southern Asia,Asia Pacific
3211,Pinheiro,Maranhão,Brazil,South America,LATAM
3212,Carora,Lara,Venezuela,South America,LATAM
3213,Forbach,Alsace-Champagne-Ardenne-Lorraine,France,Western Europe,Europe
3214,Mathura,Uttar Pradesh,India,Southern Asia,Asia Pacific
3215,Hamar,Hedmark,Norway,Northern Europe,Europe
3216,Liuyang,Hunan,China,Eastern Asia,Asia Pacific
3217,Boscoreale,Campania,Italy,Southern Europe,Europe
3218,Pitesti,Arges,Romania,Eastern Europe,Europe
3219,Khemisset,Rabat-Salé-Zemmour-Zaer,Morocco,North Africa,Africa
3220,Davis,California,United States,Western US,USCA
3221,Waukesha,Wisconsin,United States,Central US,USCA
3222,Cape Coast,Central,Ghana,Western Africa,Africa
3223,Cankaya,Ankara,Turkey,Western Asia,Asia Pacific
3224,Orland Park,Illinois,United States,Central US,USCA
3225,Moulins,Auvergne,France,Western Europe,Europe
3226,Shelton,Connecticut,United States,Eastern US,USCA
3227,Quartu Sant'Elena,Sardinia,Italy,Southern Europe,Europe
3228,Badajoz,Extremadura,Spain,Southern Europe,Europe
3229,Darton,England,United Kingdom,Northern Europe,Europe
3230,Palatine,Illinois,United States,Central US,USCA
3231,Pasto,Nariño,Colombia,South America,LATAM
3232,Katsushika-ku,Tokyo,Japan,Eastern Asia,Asia Pacific
3233,Frankfort,Illinois,United States,Central US,USCA
3234,Illkirch-Graffenstaden,Alsace-Champagne-Ardenne-Lorraine,France,Western Europe,Europe
3235,Fresnes,Ile-de-France,France,Western Europe,Europe
3236,Qidong,Jiangsu,China,Eastern Asia,Asia Pacific
3237,Clifton,New Jersey,United States,Eastern US,USCA
3238,Banska Bystrica,Banská Bystrica,Slovakia,Eastern Europe,Europe
3239,Lo Prado,Santiago,Chile,South America,LATAM
3240,Saumur,Pays de la Loire,France,Western Europe,Europe
3241,Altotonga,Veracruz,Mexico,Central America,LATAM
3242,Avellino,Campania,Italy,Southern Europe,Europe
3243,Parakou,Borgou,Benin,Western Africa,Africa
3244,Montereau-Fault-Yonne,Ile-de-France,France,Western Europe,Europe
3245,Kuwait City,Al Asimah,Kuwait,Western Asia,Asia Pacific
3246,Bujumbura,Bujumbura-Mairie,Burundi,Eastern Africa,Africa
3247,Senhor do Bonfim,Bahia,Brazil,South America,LATAM
3248,Changzhi,Shanxi,China,Eastern Asia,Asia Pacific
3249,Estepona,Andalusía,Spain,Southern Europe,Europe
3250,Gaoyou,Jiangsu,China,Eastern Asia,Asia Pacific
3251,Hradec Kralove,Hradec Kralove,Czech Republic,Eastern Europe,Europe
3252,Murrieta,California,United States,Western US,USCA
3253,Ibb,Ibb,Yemen,Western Asia,Asia Pacific
3254,Izúcar de Matamoros,Puebla,Mexico,Central America,LATAM
3255,Frisco,Texas,United States,Central US,USCA
3256,Guiping,Guangxi,China,Eastern Asia,Asia Pacific
3257,Draper,Utah,United States,Western US,USCA
3258,Günzburg,Bavaria,Germany,Western Europe,Europe
3259,Thonon-les-Bains,Auvergne-Rhône-Alpes,France,Western Europe,Europe
3260,Menton,Provence-Alpes-Côte d'Azur,France,Western Europe,Europe
3261,Covington,Washington,United States,Western US,USCA
3262,Barra do Piraí,Rio de Janeiro,Brazil,South America,LATAM
3263,Jieshou,Anhui,China,Eastern Asia,Asia Pacific
3264,Libourne,Aquitaine-Limousin-Poitou-Charentes,France,Western Europe,Europe
3265,Pelotas,Rio Grande do Sul,Brazil,South America,LATAM
3266,Duzce,Düzce,Turkey,Western Asia,Asia Pacific
3267,Mansfield,Texas,United States,Central US,USCA
3268,Guidonia Montecelio,Lazio,Italy,Southern Europe,Europe
3269,Jincheng,Shanxi,China,Eastern Asia,Asia Pacific
3270,Paysandú,Paysandú,Uruguay,South America,LATAM
3271,Chiclayo,Lambayeque,Peru,South America,LATAM
3272,Passau,Bavaria,Germany,Western Europe,Europe
3273,Jackson,Tennessee,United States,Southern US,USCA
3274,Huaihua,Hunan,China,Eastern Asia,Asia Pacific
3275,Wheeling,Illinois,United States,Central US,USCA
3276,Girga,Suhaj,Egypt,North Africa,Africa
3277,Hengelo,Overijssel,Netherlands,Western Europe,Europe
3278,Los Patios,Norte de Santander,Colombia,South America,LATAM
3279,Xingtai,Hebei,China,Eastern Asia,Asia Pacific
3280,Mérida,Mérida,Venezuela,South America,LATAM
3281,Iowa City,Iowa,United States,Central US,USCA
3282,Antioch,California,United States,Western US,USCA
3283,Lausanne,Vaud,Switzerland,Western Europe,Europe
3284,Tuzla,Federation of Bosnia and Herzegovina,Bosnia and Herzegovina,Southern Europe,Europe
3285,Avion,Nord-Pas-de-Calais-Picardie,France,Western Europe,Europe
3286,Les Ulis,Ile-de-France,France,Western Europe,Europe
3287,Randers,Central Jutland,Denmark,Northern Europe,Europe
3288,Chelmsford,England,United Kingdom,Northern Europe,Europe
3289,Jurema,Pernambuco,Brazil,South America,LATAM
3290,Darlington,England,United Kingdom,Northern Europe,Europe
3291,Barneveld,Gelderland,Netherlands,Western Europe,Europe
3292,Gonabad,Razavi Khorasan,Iran,Southern Asia,Asia Pacific
3293,Meizhou,Guangdong,China,Eastern Asia,Asia Pacific
3294,Zaozhuang,Shandong,China,Eastern Asia,Asia Pacific
3295,Anápolis,Goiás,Brazil,South America,LATAM
3296,Erechim,Rio Grande do Sul,Brazil,South America,LATAM
3297,Taylor,Michigan,United States,Central US,USCA
3298,Santa Fe,New Mexico,United States,Western US,USCA
3299,Damanhur,Al Buhayrah,Egypt,North Africa,Africa
3300,Edirne,Edirne,Turkey,Western Asia,Asia Pacific
3301,Bowling Green,Kentucky,United States,Southern US,USCA
3302,Joinville,Santa Catarina,Brazil,South America,LATAM
3303,Iquique,Tarapacá,Chile,South America,LATAM
3304,Ardahan,Ardahan,Turkey,Western Asia,Asia Pacific
3305,Tulancingo,Hidalgo,Mexico,Central America,LATAM
3306,Sale,England,United Kingdom,Northern Europe,Europe
3307,Bideford,England,United Kingdom,Northern Europe,Europe
3308,Lawton,Oklahoma,United States,Central US,USCA
3309,Tanga,Tanga,Tanzania,Eastern Africa,Africa
3310,Punta Arenas,Magallanes y Antártica Chilena,Chile,South America,LATAM
3311,Manacapuru,Amazonas,Brazil,South America,LATAM
3312,Porto-Novo,Ouémé,Benin,Western Africa,Africa
3313,Superior,Wisconsin,United States,Central US,USCA
3314,Sousa,Paraíba,Brazil,South America,LATAM
3315,Lagos de Moreno,Jalisco,Mexico,Central America,LATAM
3316,Kandahar,Kandahar,Afghanistan,Southern Asia,Asia Pacific
3317,Oleksandriya,Kirovohrad,Ukraine,Eastern Europe,Europe
3318,Lingolsheim,Alsace-Champagne-Ardenne-Lorraine,France,Western Europe,Europe
3319,Chorzow,Silesia,Poland,Eastern Europe,Europe
3320,Ipatinga,Minas Gerais,Brazil,South America,LATAM
3321,Saint-Ouen,Ile-de-France,France,Western Europe,Europe
3322,Danbury,Connecticut,United States,Eastern US,USCA
3323,Tumkur,Karnataka,India,Southern Asia,Asia Pacific
3324,Jaú,São Paulo,Brazil,South America,LATAM
3325,San Luis,San Luis,Argentina,South America,LATAM
3326,Villa Alemana,Valparaíso,Chile,South America,LATAM
3327,Lucca,Tuscany,Italy,Southern Europe,Europe
3328,Medea,Medea,Algeria,North Africa,Africa
3329,Xinyi,Guangdong,China,Eastern Asia,Asia Pacific
3330,Mentor,Ohio,United States,Eastern US,USCA
3331,Halmstad,Halland,Sweden,Northern Europe,Europe
3332,Licheng,Guangdong,China,Eastern Asia,Asia Pacific
3333,Oak Park,Michigan,United States,Central US,USCA
3334,Cambé,Parana,Brazil,South America,LATAM
3335,Maturín,Monagas,Venezuela,South America,LATAM
3336,Semnan,Semnan,Iran,Southern Asia,Asia Pacific
3337,Mabopane,Gauteng,South Africa,Southern Africa,Africa
3338,Louviers,Normandy,France,Western Europe,Europe
3339,Deyang,Sichuan,China,Eastern Asia,Asia Pacific
3340,Lázaro Cárdenas,Michoacán,Mexico,Central America,LATAM
3341,Botshabelo,Free State,South Africa,Southern Africa,Africa
3342,Nicosia,Nicosia,Cyprus,Southern Europe,Europe
3343,Rochester Hills,Michigan,United States,Central US,USCA
3344,Margate,England,United Kingdom,Northern Europe,Europe
3345,Morgan Hill,California,United States,Western US,USCA
3346,Murray,Kentucky,United States,Southern US,USCA
3347,Lehi,Utah,United States,Western US,USCA
3348,Harlingen,Texas,United States,Central US,USCA
3349,Charlottesville,Virginia,United States,Southern US,USCA
3350,Cuenca,Castile-La Mancha,Spain,Southern Europe,Europe
3351,Camaragibe,Pernambuco,Brazil,South America,LATAM
3352,Linden,New Jersey,United States,Eastern US,USCA
3353,La Rioja,La Rioja,Argentina,South America,LATAM
3354,Athens,Attica,Greece,Southern Europe,Europe
3355,Natitingou,Atakora,Benin,Western Africa,Africa
3356,Pemba,Cabo Delgado,Mozambique,Eastern Africa,Africa
3357,Saint Charles,Missouri,United States,Central US,USCA
3358,Cidade Ocidental,Goiás,Brazil,South America,LATAM
3359,Guildford,England,United Kingdom,Northern Europe,Europe
3360,Laohekou,Hubei,China,Eastern Asia,Asia Pacific
3361,Hilversum,North Holland,Netherlands,Western Europe,Europe
3362,Damaturu,Yobe,Nigeria,Western Africa,Africa
3363,Kramators'k,Donetsk,Ukraine,Eastern Europe,Europe
3364,Pompano Beach,Florida,United States,Southern US,USCA
3365,Pleven,Pleven,Bulgaria,Eastern Europe,Europe
3366,Gravatá,Pernambuco,Brazil,South America,LATAM
3367,Chalinze,Pwani,Tanzania,Eastern Africa,Africa
3368,Green Bay,Wisconsin,United States,Central US,USCA
3369,Jamestown,New York,United States,Eastern US,USCA
3370,Marlborough,Massachusetts,United States,Eastern US,USCA
3371,Redding,California,United States,Western US,USCA
3372,Murray,Utah,United States,Western US,USCA
3373,Valle de La Pascua,Guárico,Venezuela,South America,LATAM
3374,Modesto,California,United States,Western US,USCA
3375,Royal Oak,Michigan,United States,Central US,USCA
3376,Park Ridge,Illinois,United States,Central US,USCA
3377,Argentan,Normandy,France,Western Europe,Europe
3378,Chevilly-Larue,Ile-de-France,France,Western Europe,Europe
3379,Liaoyuan,Jilin,China,Eastern Asia,Asia Pacific
3380,Littlehampton,England,United Kingdom,Northern Europe,Europe
3381,Mentougou,Beijing,China,Eastern Asia,Asia Pacific
3382,Mopti,Mopti,Mali,Western Africa,Africa
3383,Tahta,Suhaj,Egypt,North Africa,Africa
3384,Ichikawa,Chiba,Japan,Eastern Asia,Asia Pacific
3385,Poitiers,Aquitaine-Limousin-Poitou-Charentes,France,Western Europe,Europe
3386,Kalundborg,Zealand,Denmark,Northern Europe,Europe
3387,Belgrade,Central Serbia,Serbia,Eastern Europe,Europe
3388,Montenegro,Quindío,Colombia,South America,LATAM
3389,Bellary,Karnataka,India,Southern Asia,Asia Pacific
3390,Kuala Terengganu,Trengganu,Malaysia,Southeastern Asia,Asia Pacific
3391,Stafford,England,United Kingdom,Northern Europe,Europe
3392,Eskilstuna,Södermanland,Sweden,Northern Europe,Europe
3393,Galway,Galway,Ireland,Northern Europe,Europe
3394,Mâcon,Bourgogne-Franche-Comté,France,Western Europe,Europe
3395,Pila,Greater Poland,Poland,Eastern Europe,Europe
3396,Maubeuge,Nord-Pas-de-Calais-Picardie,France,Western Europe,Europe
3397,Longmont,Colorado,United States,Western US,USCA
3398,Marina di Carrara,Tuscany,Italy,Southern Europe,Europe
3399,Chioggia,Veneto,Italy,Southern Europe,Europe
3400,Lannion,Brittany,France,Western Europe,Europe
3401,Luohe,Henan,China,Eastern Asia,Asia Pacific
3402,Coon Rapids,Minnesota,United States,Central US,USCA
3403,Ontario,California,United States,Western US,USCA
3404,Mau,Madhya Pradesh,India,Southern Asia,Asia Pacific
3405,Chieti,Abruzzi,Italy,Southern Europe,Europe
3406,Crawley,England,United Kingdom,Northern Europe,Europe
3407,Agrigento,Sicily,Italy,Southern Europe,Europe
3408,Uvira,South Kivu,Congo [DRC],Central Africa,Africa
3409,Laayoune,Laayoune,Western Sahara,Western Africa,Africa
3410,Barreiras,Bahia,Brazil,South America,LATAM
3411,Cizre,Sirnak,Turkey,Western Asia,Asia Pacific
3412,Matehuala,San Luis Potosí,Mexico,Central America,LATAM
3413,Saint-Laurent,Quebec,Canada,Canada,USCA
3414,Dronfield,England,United Kingdom,Northern Europe,Europe
3415,Mococa,São Paulo,Brazil,South America,LATAM
3416,Clydach,Wales,United Kingdom,Northern Europe,Europe
3417,Fulda,Hesse,Germany,Western Europe,Europe
3418,Goussainville,Ile-de-France,France,Western Europe,Europe
3419,Anglet,Aquitaine-Limousin-Poitou-Charentes,France,Western Europe,Europe
3420,Cadereyta,Nuevo León,Mexico,Central America,LATAM
3421,Shumen,Shumen,Bulgaria,Eastern Europe,Europe
3422,Cheyenne,Wyoming,United States,Western US,USCA
3423,Cheonan,South Chungcheong,South Korea,Eastern Asia,Asia Pacific
3424,Samalut,Al Minya,Egypt,North Africa,Africa
3425,Rondonópolis,Mato Grosso,Brazil,South America,LATAM
3426,Englewood,Colorado,United States,Western US,USCA
3427,Buriticupu,Maranhão,Brazil,South America,LATAM
3428,Palmares,Pernambuco,Brazil,South America,LATAM
3429,Grand Island,Nebraska,United States,Central US,USCA
3430,Gitarama,Southern,Rwanda,Eastern Africa,Africa
3431,La Quinta,California,United States,Western US,USCA
3432,Udaipur,Tripura,India,Southern Asia,Asia Pacific
3433,Albi,Languedoc-Roussillon-Midi-Pyrénées,France,Western Europe,Europe
3434,West Palm Beach,Florida,United States,Southern US,USCA
3435,Bilbeis,Ash Sharqiyah,Egypt,North Africa,Africa
3436,Baytown,Texas,United States,Central US,USCA
3437,Fano,Marche,Italy,Southern Europe,Europe
3438,Floridablanca,Santander,Colombia,South America,LATAM
3439,Trappes,Ile-de-France,France,Western Europe,Europe
3440,Santiago de Compostela,Galicia,Spain,Southern Europe,Europe
3441,Auburn,Washington,United States,Western US,USCA
3442,Denain,Nord-Pas-de-Calais-Picardie,France,Western Europe,Europe
3443,Luxembourg,Luxembourg,Luxembourg,Western Europe,Europe
3444,Taytay,Calabarzon,Philippines,Southeastern Asia,Asia Pacific
3445,Wakefield,England,United Kingdom,Northern Europe,Europe
3446,Deva,Hunedoara,Romania,Eastern Europe,Europe
3447,Wendeng,Shandong,China,Eastern Asia,Asia Pacific
3448,Juba,Central Equatoria,Sudan,Eastern Africa,Africa
3449,Weimar,Thuringia,Germany,Western Europe,Europe
3450,Vancouver,Washington,United States,Western US,USCA
3451,Apple Valley,Minnesota,United States,Central US,USCA
3452,Braga,Braga,Portugal,Southern Europe,Europe
3453,Loum,Littoral,Cameroon,Central Africa,Africa
3454,Leshan,Sichuan,China,Eastern Asia,Asia Pacific
3455,Araraquara,São Paulo,Brazil,South America,LATAM
3456,Tirupati,Andhra Pradesh,India,Southern Asia,Asia Pacific
3457,Maltepe,Istanbul,Turkey,Western Asia,Asia Pacific
3458,Toledo,Castile-La Mancha,Spain,Southern Europe,Europe
3459,Kiziltepe,Mardin,Turkey,Western Asia,Asia Pacific
3460,Roermond,Limburg,Netherlands,Western Europe,Europe
3461,Melbourne,Florida,United States,Southern US,USCA
3462,Salto,São Paulo,Brazil,South America,LATAM
3463,Santa Maria,California,United States,Western US,USCA
3464,Fleury-les-Aubrais,Centre-Val de Loire,France,Western Europe,Europe
3465,Loudi,Hunan,China,Eastern Asia,Asia Pacific
3466,Várzea Grande,Mato Grosso,Brazil,South America,LATAM
3467,Aswan,Aswan,Egypt,North Africa,Africa
3468,Saint-Jean-de-la-Ruelle,Centre-Val de Loire,France,Western Europe,Europe
3469,Stolberg,North Rhine-Westphalia,Germany,Western Europe,Europe
3470,Portoviejo,Manabi,Ecuador,South America,LATAM
3471,Pico Rivera,California,United States,Western US,USCA
3472,Catalão,Goiás,Brazil,South America,LATAM
3473,Urganch,Khorezm,Uzbekistan,Central Asia,Asia Pacific
3474,Vigneux-sur-Seine,Ile-de-France,France,Western Europe,Europe
3475,Arcoverde,Pernambuco,Brazil,South America,LATAM
3476,Sikasso,Sikasso,Mali,Western Africa,Africa
3477,Coral Gables,Florida,United States,Southern US,USCA
3478,Melun,Ile-de-France,France,Western Europe,Europe
3479,Ciénaga,Magdalena,Colombia,South America,LATAM
3480,Pharr,Texas,United States,Central US,USCA
3481,Sosnowiec,Silesia,Poland,Eastern Europe,Europe
3482,Tsukuba,Ibaraki,Japan,Eastern Asia,Asia Pacific
3483,Rajshahi,Rajshahi,Bangladesh,Southern Asia,Asia Pacific
3484,Coquitlam,British Columbia,Canada,Canada,USCA
3485,Pontivy,Brittany,France,Western Europe,Europe
3486,Champaign,Illinois,United States,Central US,USCA
3487,Paisley,Scotland,United Kingdom,Northern Europe,Europe
3488,Epworth,Harare,Zimbabwe,Eastern Africa,Africa
3489,Siauliai,Šiauliai,Lithuania,Northern Europe,Europe
3490,Delicias,Chihuahua,Mexico,Central America,LATAM
3491,Pitalito,Huila,Colombia,South America,LATAM
3492,Coachella,California,United States,Western US,USCA
3493,Annemasse,Auvergne-Rhône-Alpes,France,Western Europe,Europe
3494,Al Hudaydah,Al Hudaydah,Yemen,Western Asia,Asia Pacific
3495,Montebello,California,United States,Western US,USCA
3496,Manfredonia,Apulia,Italy,Southern Europe,Europe
3497,Francisco Morato,São Paulo,Brazil,South America,LATAM
3498,Lagny-sur-Marne,Ile-de-France,France,Western Europe,Europe
3499,Helena,Montana,United States,Western US,USCA
3500,Kilwinning,Scotland,United Kingdom,Northern Europe,Europe
3501,Hadera,Haifa,Israel,Western Asia,Asia Pacific
3502,Thanjavur,Tamil Nadu,India,Southern Asia,Asia Pacific
3503,Balmazujvaros,Hajdu-Bihar,Hungary,Eastern Europe,Europe
3504,Araçatuba,São Paulo,Brazil,South America,LATAM
3505,Wuhai,Inner Mongolia,China,Eastern Asia,Asia Pacific
3506,Caraguatatuba,São Paulo,Brazil,South America,LATAM
3507,Weihai,Shandong,China,Eastern Asia,Asia Pacific
3508,Gladstone,Missouri,United States,Central US,USCA
3509,Caserta,Campania,Italy,Southern Europe,Europe
3510,Guatire,Miranda,Venezuela,South America,LATAM
3511,Sagunto,Valenciana,Spain,Southern Europe,Europe
3512,Phuntsholing,Chukha,Bhutan,Southern Asia,Asia Pacific
3513,Gaomi,Shandong,China,Eastern Asia,Asia Pacific
3514,Citrus Heights,California,United States,Western US,USCA
3515,Bridgeton,New Jersey,United States,Eastern US,USCA
3516,Norman,Oklahoma,United States,Central US,USCA
3517,Bhilwara,Rajasthan,India,Southern Asia,Asia Pacific
3518,Gyula,Bekes,Hungary,Eastern Europe,Europe
3519,Talara,Piura,Peru,South America,LATAM
3520,Richardson,Texas,United States,Central US,USCA
3521,Amagasaki,Hyogo,Japan,Eastern Asia,Asia Pacific
3522,Ennigerloh,North Rhine-Westphalia,Germany,Western Europe,Europe
3523,Senlis,Nord-Pas-de-Calais-Picardie,France,Western Europe,Europe
3524,Fareham,England,United Kingdom,Northern Europe,Europe
3525,Barika,Batna,Algeria,North Africa,Africa
3526,Nizamabad,Telangana,India,Southern Asia,Asia Pacific
3527,Hechuan,Chongqing,China,Eastern Asia,Asia Pacific
3528,Concepción del Uruguay,Entre Ríos,Argentina,South America,LATAM
3529,Hove,England,United Kingdom,Northern Europe,Europe
3530,Akhisar,Manisa,Turkey,Western Asia,Asia Pacific
3531,Cedar Rapids,Iowa,United States,Central US,USCA
3532,Matsudo,Chiba,Japan,Eastern Asia,Asia Pacific
3533,North Charleston,South Carolina,United States,Southern US,USCA
3534,Firozabad,Uttar Pradesh,India,Southern Asia,Asia Pacific
3535,Gap,Provence-Alpes-Côte d'Azur,France,Western Europe,Europe
3536,Rosenheim,Bavaria,Germany,Western Europe,Europe
3537,Siping,Jilin,China,Eastern Asia,Asia Pacific
3538,Kita-ku,Osaka,Japan,Eastern Asia,Asia Pacific
3539,Ouagadougou,Centre,Burkina Faso,Western Africa,Africa
3540,Rheine,North Rhine-Westphalia,Germany,Western Europe,Europe
3541,Lebanon,Tennessee,United States,Southern US,USCA
3542,Itaituba,Pará,Brazil,South America,LATAM
3543,Hamilton,Ohio,United States,Eastern US,USCA
3544,Panipat,Haryana,India,Southern Asia,Asia Pacific
3545,Coppell,Texas,United States,Central US,USCA
3546,Presidente Prudente,São Paulo,Brazil,South America,LATAM
3547,Campo Limpo Paulista,São Paulo,Brazil,South America,LATAM
3548,Salihli,Manisa,Turkey,Western Asia,Asia Pacific
3549,Ilhéus,Bahia,Brazil,South America,LATAM
3550,Limbe,Sud-Ouest,Cameroon,Central Africa,Africa
3551,Saint-Cyr-sur-Loire,Centre-Val de Loire,France,Western Europe,Europe
3552,Yambol,Yambol,Bulgaria,Eastern Europe,Europe
3553,Ostrava,Moravian-Silesian,Czech Republic,Eastern Europe,Europe
3554,Koidu,Eastern,Sierra Leone,Western Africa,Africa
3555,Conroe,Texas,United States,Central US,USCA
3556,Shkoder,Shkodër,Albania,Southern Europe,Europe
3557,Kamina,Katanga,Congo [DRC],Central Africa,Africa
3558,Santa Helena,Maranhão,Brazil,South America,LATAM
3559,Kochi,Kerala,India,Southern Asia,Asia Pacific
3560,Arzgir,Stavropol',Russia,Eastern Europe,Europe
3561,Xiangfan,Hubei,China,Eastern Asia,Asia Pacific
3562,Aksaray,Aksaray,Turkey,Western Asia,Asia Pacific
3563,Elkhart,Indiana,United States,Central US,USCA
3564,San Carlos del Zulia,Zulia,Venezuela,South America,LATAM
3565,Jataí,Goiás,Brazil,South America,LATAM
3566,Nysa,Opole,Poland,Eastern Europe,Europe
3567,Nagaoka,Shizuoka,Japan,Eastern Asia,Asia Pacific
3568,Chapel Allerton,England,United Kingdom,Northern Europe,Europe
3569,Andradina,São Paulo,Brazil,South America,LATAM
3570,Acerra,Campania,Italy,Southern Europe,Europe
3571,Huangshan,Anhui,China,Eastern Asia,Asia Pacific
3572,Huangshi,Hubei,China,Eastern Asia,Asia Pacific
3573,Asyut,Asyut,Egypt,North Africa,Africa
3574,Stourbridge,England,United Kingdom,Northern Europe,Europe
3575,Loughborough,England,United Kingdom,Northern Europe,Europe
3576,Olomouc,Olomouc,Czech Republic,Eastern Europe,Europe
3577,Valle Hermoso,Tamaulipas,Mexico,Central America,LATAM
3578,Calama,Antofagasta,Chile,South America,LATAM
3579,Naumburg,Saxony-Anhalt,Germany,Western Europe,Europe
3580,Abakaliki,Ebonyi,Nigeria,Western Africa,Africa
3581,Buffalo Grove,Illinois,United States,Central US,USCA
3582,Chaoyang,Liaoning,China,Eastern Asia,Asia Pacific
3583,Cubatão,São Paulo,Brazil,South America,LATAM
3584,Cercola,Campania,Italy,Southern Europe,Europe
3585,Soissons,Nord-Pas-de-Calais-Picardie,France,Western Europe,Europe
3586,Mount Pleasant,Michigan,United States,Central US,USCA
3587,Durres,Durrës,Albania,Southern Europe,Europe
3588,Lora del Río,Andalusía,Spain,Southern Europe,Europe
3589,Cayenne,Französisch-Guayana,French Guiana,South America,LATAM
3590,San Angelo,Texas,United States,Central US,USCA
3591,Apartadó,Antioquia,Colombia,South America,LATAM
3592,Caluire-et-Cuire,Auvergne-Rhône-Alpes,France,Western Europe,Europe
3593,Shimoga,Karnataka,India,Southern Asia,Asia Pacific
3594,Seropédica,Rio de Janeiro,Brazil,South America,LATAM
3595,Stains,Ile-de-France,France,Western Europe,Europe
3596,Shuangcheng,Heilongjiang,China,Eastern Asia,Asia Pacific
3597,Beverly,Massachusetts,United States,Eastern US,USCA
3598,Cuautitlán,México,Mexico,Central America,LATAM
3599,Kaiyuan,Liaoning,China,Eastern Asia,Asia Pacific
3600,Velbert,North Rhine-Westphalia,Germany,Western Europe,Europe
3601,Malambo,Atlántico,Colombia,South America,LATAM
3602,Seraing,Liège,Belgium,Western Europe,Europe
3603,Pine Bluff,Arkansas,United States,Southern US,USCA
3604,Eragny,Ile-de-France,France,Western Europe,Europe
3605,Chillán,Biobio,Chile,South America,LATAM
3606,Zabol,Sistan Va Baluchestan,Iran,Southern Asia,Asia Pacific
3607,Tiruchchirappalli,Tamil Nadu,India,Southern Asia,Asia Pacific
3608,Manhattan,Kansas,United States,Central US,USCA
3609,College Station,Texas,United States,Central US,USCA
3610,Sonneberg,Thuringia,Germany,Western Europe,Europe
3611,Guarapari,Espírito Santo,Brazil,South America,LATAM
3612,Fengcheng,Liaoning,China,Eastern Asia,Asia Pacific
3613,Laurel,Maryland,United States,Eastern US,USCA
3614,Doncaster,England,United Kingdom,Northern Europe,Europe
3615,Atakpame,Plateaux,Togo,Western Africa,Africa
3616,San Marcos,Texas,United States,Central US,USCA
3617,Feira,Aveiro,Portugal,Southern Europe,Europe
3618,Saint Cloud,Minnesota,United States,Central US,USCA
3619,Bratsk,Irkutsk,Russia,Eastern Europe,Europe
3620,Southport,England,United Kingdom,Northern Europe,Europe
3621,Rhondda,Wales,United Kingdom,Northern Europe,Europe
3622,Sallanches,Auvergne-Rhône-Alpes,France,Western Europe,Europe
3623,Shaoxing,Zhejiang,China,Eastern Asia,Asia Pacific
3624,Sartrouville,Ile-de-France,France,Western Europe,Europe
3625,Tulle,Aquitaine-Limousin-Poitou-Charentes,France,Western Europe,Europe
3626,Fuenlabrada,Madrid,Spain,Southern Europe,Europe
3627,Digne-les-Bains,Provence-Alpes-Côte d'Azur,France,Western Europe,Europe
3628,Le Pré-Saint-Gervais,Ile-de-France,France,Western Europe,Europe
3629,Commerce City,Colorado,United States,Western US,USCA
3630,Zhanjiang,Guangdong,China,Eastern Asia,Asia Pacific
3631,Lindenhurst,New York,United States,Eastern US,USCA
3632,Cambridge,Waikato,New Zealand,Oceania,Asia Pacific
3633,Le Creusot,Bourgogne-Franche-Comté,France,Western Europe,Europe
3634,Calamba,Calabarzon,Philippines,Southeastern Asia,Asia Pacific
3635,Nigde,Nigde,Turkey,Western Asia,Asia Pacific
3636,Castellammare di Stabia,Campania,Italy,Southern Europe,Europe
3637,Glenview,Illinois,United States,Central US,USCA
3638,Vesoul,Bourgogne-Franche-Comté,France,Western Europe,Europe
3639,Piacenza,Emilia-Romagna,Italy,Southern Europe,Europe
3640,Penglai,Shandong,China,Eastern Asia,Asia Pacific
3641,Lençóis Paulista,São Paulo,Brazil,South America,LATAM
3642,Lecce,Apulia,Italy,Southern Europe,Europe
3643,Dole,Bourgogne-Franche-Comté,France,Western Europe,Europe
3644,Samobor,Zagrebacka,Croatia,Southern Europe,Europe
3645,Jaworzno,Silesia,Poland,Eastern Europe,Europe
3646,Junín,Provincia de Buenos Aires,Argentina,South America,LATAM
3647,Dublin,California,United States,Western US,USCA
3648,Kissimmee,Florida,United States,Southern US,USCA
3649,Lugoj,Timis,Romania,Eastern Europe,Europe
3650,Houilles,Ile-de-France,France,Western Europe,Europe
3651,Floriano,Piauí,Brazil,South America,LATAM
3652,Saint-Louis,Alsace-Champagne-Ardenne-Lorraine,France,Western Europe,Europe
3653,Mouscron,Hainaut,Belgium,Western Europe,Europe
3654,Ashqelon,Southern,Israel,Western Asia,Asia Pacific
3655,Southampton,England,United Kingdom,Northern Europe,Europe
3656,Limay,Ile-de-France,France,Western Europe,Europe
3657,Yuyao,Zhejiang,China,Eastern Asia,Asia Pacific
3658,Domont,Ile-de-France,France,Western Europe,Europe
3659,Piura,Piura,Peru,South America,LATAM
3660,Divinópolis,Minas Gerais,Brazil,South America,LATAM
3661,Getxo,Basque Country,Spain,Southern Europe,Europe
3662,Charallave,Miranda,Venezuela,South America,LATAM
3663,Arlington Heights,Illinois,United States,Central US,USCA
3664,Xuanhua,Hebei,China,Eastern Asia,Asia Pacific
3665,Saint Paul,Minnesota,United States,Central US,USCA
3666,Rize,Rize,Turkey,Western Asia,Asia Pacific
3667,Neuwied,Rhineland-Palatinate,Germany,Western Europe,Europe
3668,Lorient,Brittany,France,Western Europe,Europe
3669,Holyoke,Massachusetts,United States,Eastern US,USCA
3670,Birobidzhan,Yevrey,Russia,Eastern Europe,Europe
3671,Girón,Santander,Colombia,South America,LATAM
3672,Elbeuf,Normandy,France,Western Europe,Europe
3673,Hautmont,Nord-Pas-de-Calais-Picardie,France,Western Europe,Europe
3674,Mauguio,Languedoc-Roussillon-Midi-Pyrénées,France,Western Europe,Europe
3675,Borken,North Rhine-Westphalia,Germany,Western Europe,Europe
3676,Dar Chioukh,Djelfa,Algeria,North Africa,Africa
3677,Loures,Lisboa,Portugal,Southern Europe,Europe
3678,Torbali,Izmir,Turkey,Western Asia,Asia Pacific
3679,Les Herbiers,Pays de la Loire,France,Western Europe,Europe
3680,Cumbernauld,Scotland,United Kingdom,Northern Europe,Europe
3681,Rubí,Catalonia,Spain,Southern Europe,Europe
3682,Pestovo,Novgorod,Russia,Eastern Europe,Europe
3683,Muskogee,Oklahoma,United States,Central US,USCA
3684,Anshun,Guizhou,China,Eastern Asia,Asia Pacific
3685,Benoni,Gauteng,South Africa,Southern Africa,Africa
3686,Saint-Cloud,Ile-de-France,France,Western Europe,Europe
3687,Civitavecchia,Lazio,Italy,Southern Europe,Europe
3688,Abilene,Texas,United States,Central US,USCA
3689,Kopeysk,Chelyabinsk,Russia,Eastern Europe,Europe
3690,Cuxhaven,Lower Saxony,Germany,Western Europe,Europe
3691,Quilmes,Provincia de Buenos Aires,Argentina,South America,LATAM
3692,Coudekerque-Branche,Nord-Pas-de-Calais-Picardie,France,Western Europe,Europe
3693,Schiffweiler,Saarland,Germany,Western Europe,Europe
3694,Gatineau,Quebec,Canada,Canada,USCA
3695,Aalen,Baden-Württemberg,Germany,Western Europe,Europe
3696,Beipiao,Liaoning,China,Eastern Asia,Asia Pacific
3697,Bobigny,Ile-de-France,France,Western Europe,Europe
3698,Jupiter,Florida,United States,Southern US,USCA
3699,Bengkulu,Bengkulu,Indonesia,Southeastern Asia,Asia Pacific
3700,Gardanne,Provence-Alpes-Côte d'Azur,France,Western Europe,Europe
3701,Halluin,Nord-Pas-de-Calais-Picardie,France,Western Europe,Europe
3702,Marsabit,Eastern,Kenya,Eastern Africa,Africa
3703,Oldham,England,United Kingdom,Northern Europe,Europe
3704,Cajazeiras,Paraíba,Brazil,South America,LATAM
3705,Gonesse,Ile-de-France,France,Western Europe,Europe
3706,Itamaraju,Bahia,Brazil,South America,LATAM
3707,Cambrai,Nord-Pas-de-Calais-Picardie,France,Western Europe,Europe
3708,Jaboticabal,São Paulo,Brazil,South America,LATAM
3709,Plaisir,Ile-de-France,France,Western Europe,Europe
3710,Carvin,Nord-Pas-de-Calais-Picardie,France,Western Europe,Europe
3711,Manresa,Catalonia,Spain,Southern Europe,Europe
3712,Cheshunt,England,United Kingdom,Northern Europe,Europe
3713,Mbinga,Ruvuma,Tanzania,Eastern Africa,Africa
3714,La Roche-sur-Yon,Pays de la Loire,France,Western Europe,Europe
3715,Conway,Arkansas,United States,Southern US,USCA
3716,Asahikawa,Hokkaido,Japan,Eastern Asia,Asia Pacific
3717,Mont-Saint-Aignan,Normandy,France,Western Europe,Europe
3718,Yongchuan,Chongqing,China,Eastern Asia,Asia Pacific
3719,Melitopol',Zaporizhzhya,Ukraine,Eastern Europe,Europe
3720,Whittier,California,United States,Western US,USCA
3721,Karliova,Bingol,Turkey,Western Asia,Asia Pacific
3722,Palhoça,Santa Catarina,Brazil,South America,LATAM
3723,Shangqiu,Henan,China,Eastern Asia,Asia Pacific
3724,Sogamoso,Boyacá,Colombia,South America,LATAM
3725,Arad,Arad,Romania,Eastern Europe,Europe
3726,Araucária,Parana,Brazil,South America,LATAM
3727,Ploemeur,Brittany,France,Western Europe,Europe
3728,Riom,Auvergne,France,Western Europe,Europe
3729,Isparta,Isparta,Turkey,Western Asia,Asia Pacific
3730,Yucaipa,California,United States,Western US,USCA
3731,Yuanjiang,Hunan,China,Eastern Asia,Asia Pacific
3732,Lilongwe,Lilongwe,Malawi,Eastern Africa,Africa
3733,Loos,Nord-Pas-de-Calais-Picardie,France,Western Europe,Europe
3734,Kawaguchi,Saitama,Japan,Eastern Asia,Asia Pacific
3735,Alkmaar,North Holland,Netherlands,Western Europe,Europe
3736,Khasavyurt,Dagestan,Russia,Eastern Europe,Europe
3737,Oak Park,Illinois,United States,Central US,USCA
3738,Margate,Florida,United States,Southern US,USCA
3739,Lincoln Park,Michigan,United States,Central US,USCA
3740,Springdale,Arkansas,United States,Southern US,USCA
3741,Mau,Uttar Pradesh,India,Southern Asia,Asia Pacific
3742,Hardenberg,Overijssel,Netherlands,Western Europe,Europe
3743,Agde,Languedoc-Roussillon-Midi-Pyrénées,France,Western Europe,Europe
3744,Verviers,Liège,Belgium,Western Europe,Europe
3745,Río Bravo,Tamaulipas,Mexico,Central America,LATAM
3746,Tangerang,Jawa Barat,Indonesia,Southeastern Asia,Asia Pacific
3747,Changde,Hunan,China,Eastern Asia,Asia Pacific
3748,Yangquan,Shanxi,China,Eastern Asia,Asia Pacific
3749,Tongling,Anhui,China,Eastern Asia,Asia Pacific
3750,Kortrijk,West Flanders,Belgium,Western Europe,Europe
3751,Barranca,Lima,Peru,South America,LATAM
3752,Athis-Mons,Ile-de-France,France,Western Europe,Europe
3753,La Pintana,Santiago,Chile,South America,LATAM
3754,Vilhena,Rondônia,Brazil,South America,LATAM
3755,Zenica,Federation of Bosnia and Herzegovina,Bosnia and Herzegovina,Southern Europe,Europe
3756,Gombe,Gombe,Nigeria,Western Africa,Africa
3757,Paracatu,Minas Gerais,Brazil,South America,LATAM
3758,Quevedo,Los Rios,Ecuador,South America,LATAM
3759,Hattingen,North Rhine-Westphalia,Germany,Western Europe,Europe
3760,Hod HaSharon,Central,Israel,Western Asia,Asia Pacific
3761,Barletta,Apulia,Italy,Southern Europe,Europe
3762,Chiclana de la Frontera,Andalusía,Spain,Southern Europe,Europe
3763,Maroua,Extreme-Nord,Cameroon,Central Africa,Africa
3764,Plaisance-du-Touch,Languedoc-Roussillon-Midi-Pyrénées,France,Western Europe,Europe
3765,Maxixe,Inhambane,Mozambique,Eastern Africa,Africa
3766,Buyukcekmece,Istanbul,Turkey,Western Asia,Asia Pacific
3767,Cuneo,Piedmont,Italy,Southern Europe,Europe
3768,Ludwigsfelde,Brandenburg,Germany,Western Europe,Europe
3769,Hilden,North Rhine-Westphalia,Germany,Western Europe,Europe
3770,Zhaoqing,Guangdong,China,Eastern Asia,Asia Pacific
3771,Saint Peters,Missouri,United States,Central US,USCA
3772,Abreu e Lima,Pernambuco,Brazil,South America,LATAM
3773,Piatra-Neamt,Neamt,Romania,Eastern Europe,Europe
3774,Les Pennes-Mirabeau,Provence-Alpes-Côte d'Azur,France,Western Europe,Europe
3775,Treviglio,Lombardy,Italy,Southern Europe,Europe
3776,Yulin,Shaanxi,China,Eastern Asia,Asia Pacific
3777,Patrocínio,Minas Gerais,Brazil,South America,LATAM
3778,Contagem,Minas Gerais,Brazil,South America,LATAM
3779,Moissy-Cramayel,Ile-de-France,France,Western Europe,Europe
3780,Dax,Aquitaine-Limousin-Poitou-Charentes,France,Western Europe,Europe
3781,South Shields,England,United Kingdom,Northern Europe,Europe
3782,Chapel Hill,North Carolina,United States,Southern US,USCA
3783,Rochefort,Aquitaine-Limousin-Poitou-Charentes,France,Western Europe,Europe
3784,Roodepoort,Gauteng,South Africa,Southern Africa,Africa
3785,Teramo,Abruzzi,Italy,Southern Europe,Europe
3786,Melchor Ocampo,México,Mexico,Central America,LATAM
3787,Gravesend,England,United Kingdom,Northern Europe,Europe
3788,San Rafael,Mendoza,Argentina,South America,LATAM
3789,Tongliao,Inner Mongolia,China,Eastern Asia,Asia Pacific
3790,Villiers-sur-Marne,Ile-de-France,France,Western Europe,Europe
3791,Takasaki,Gunma,Japan,Eastern Asia,Asia Pacific
3792,Villeneuve-sur-Lot,Aquitaine-Limousin-Poitou-Charentes,France,Western Europe,Europe
3793,Guadalajara,Castile-La Mancha,Spain,Southern Europe,Europe
3794,Umuarama,Parana,Brazil,South America,LATAM
3795,Guelmim,Guelmim-Es Semara,Morocco,North Africa,Africa
3796,Goldsboro,North Carolina,United States,Southern US,USCA
3797,Asti,Piedmont,Italy,Southern Europe,Europe
3798,Montigny-le-Bretonneux,Ile-de-France,France,Western Europe,Europe
3799,Peterborough,Ontario,Canada,Canada,USCA
3800,Ris-Orangis,Ile-de-France,France,Western Europe,Europe
3801,Gela,Sicily,Italy,Southern Europe,Europe
3802,Upplands Väsby,Stockholm,Sweden,Northern Europe,Europe
3803,Sidi Bel Abbes,Sidi Bel Abbes,Algeria,North Africa,Africa
3804,El Escorial,Madrid,Spain,Southern Europe,Europe
3805,Odivelas,Lisboa,Portugal,Southern Europe,Europe
3806,Clacton-on-Sea,England,United Kingdom,Northern Europe,Europe
3807,Falconara Marittima,Marche,Italy,Southern Europe,Europe
3808,Barbacena,Minas Gerais,Brazil,South America,LATAM
3809,Trani,Apulia,Italy,Southern Europe,Europe
3810,Bhatinda,Punjab,India,Southern Asia,Asia Pacific
3811,Stevenage,England,United Kingdom,Northern Europe,Europe
3812,Kawaguchi,Chiba,Japan,Eastern Asia,Asia Pacific
3813,Chengjiang,Jiangsu,China,Eastern Asia,Asia Pacific
3814,Aracati,Ceará,Brazil,South America,LATAM
3815,Osorno,Los Lagos,Chile,South America,LATAM
3816,Terneuzen,Zeeland,Netherlands,Western Europe,Europe
3817,Ar Raqqah,Ar Raqqah,Syria,Western Asia,Asia Pacific
3818,Lubango,Huila,Angola,Central Africa,Africa
3819,Portage,Indiana,United States,Central US,USCA
3820,Littleton,Colorado,United States,Western US,USCA
3821,Toul,Alsace-Champagne-Ardenne-Lorraine,France,Western Europe,Europe
3822,Behshahr,Mazandaran,Iran,Southern Asia,Asia Pacific
3823,Anzio,Lazio,Italy,Southern Europe,Europe
3824,Issoire,Auvergne,France,Western Europe,Europe
3825,Licheng,Jiangsu,China,Eastern Asia,Asia Pacific
3826,Annonay,Auvergne-Rhône-Alpes,France,Western Europe,Europe
3827,Arrentela,Setúbal,Portugal,Southern Europe,Europe
3828,Yerres,Ile-de-France,France,Western Europe,Europe
