customer_id,segment
AA-10315102,Consumer
AA-10315120,Consumer
AA-10315139,Consumer
AA-103151402,Consumer
AA-103151404,Consumer
AA-103151406,Consumer
AA-1031545,Consumer
AA-1031548,Consumer
AA-1031558,Consumer
AA-103157,Consumer
AA-1031582,Consumer
AA-103751,Consumer
AA-10375101,Consumer
AA-103751402,Consumer
AA-103751404,Consumer
AA-103751406,Consumer
AA-103751408,Consumer
AA-1037545,Consumer
AA-103755,Consumer
AA-1037554,Consumer
AA-1037558,Consumer
AA-1037564,Consumer
AA-103757,Consumer
AA-1037582,Consumer
AA-1037592,Consumer
AA-10480101,Consumer
AA-10480102,Consumer
AA-10480130,Consumer
AA-10480139,Consumer
AA-104801402,Consumer
AA-104801406,Consumer
AA-104801408,Consumer
AA-1048031,Consumer
AA-1048045,Consumer
AA-1048048,Consumer
AA-1048059,Consumer
AA-104807,Consumer
AA-1048082,Consumer
AA-1048096,Consumer
AA-1064511,Consumer
AA-10645139,Consumer
AA-106451402,Consumer
AA-106451404,Consumer
AA-106451406,Consumer
AA-106451408,Consumer
AA-1064518,Consumer
AA-1064531,Consumer
AA-1064536,Consumer
AA-1064545,Consumer
AA-106455,Consumer
AA-1064556,Consumer
AA-1064558,Consumer
AA-1064559,Consumer
AA-1064564,Consumer
AA-106457,Consumer
AA-1064578,Consumer
AA-106458,Consumer
AA-1064582,Consumer
AA-1064593,Consumer
AA-1064598,Consumer
AA-315108,Consumer
AA-31513,Consumer
AA-315134,Consumer
AA-315137,Consumer
AA-31552,Consumer
AA-375103,Consumer
AA-375110,Consumer
AA-375134,Consumer
AA-375146,Consumer
AA-37515,Consumer
AA-37523,Consumer
AA-37569,Consumer
AA-37595,Consumer
AA-480137,Consumer
AA-48023,Consumer
AA-4803,Consumer
AA-4804,Consumer
AA-48075,Consumer
AA-645117,Consumer
AA-645137,Consumer
AA-6453,Consumer
AA-64561,Consumer
AA-64570,Consumer
AA-64574,Consumer
AA-64586,Consumer
AA-64595,Consumer
AB-10015130,Consumer
AB-10015139,Consumer
AB-100151402,Consumer
AB-100151404,Consumer
AB-10015144,Consumer
AB-1001518,Consumer
AB-1001527,Consumer
AB-1001539,Consumer
AB-1001545,Consumer
AB-1001548,Consumer
AB-100155,Consumer
AB-1001551,Consumer
AB-1001558,Consumer
AB-1001559,Consumer
AB-1001564,Consumer
AB-100157,Consumer
AB-1001582,Consumer
AB-1001591,Consumer
AB-1001593,Consumer
AB-10060102,Self-Employed
AB-10060107,Self-Employed
AB-10060113,Self-Employed
AB-10060117,Self-Employed
AB-10060134,Self-Employed
AB-10060139,Self-Employed
AB-100601402,Self-Employed
AB-100601404,Self-Employed
AB-100601406,Self-Employed
AB-100601408,Self-Employed
AB-10060147,Self-Employed
AB-1006027,Self-Employed
AB-1006028,Self-Employed
AB-1006036,Self-Employed
AB-1006039,Self-Employed
AB-1006045,Self-Employed
AB-100605,Self-Employed
AB-1006051,Self-Employed
AB-1006055,Self-Employed
AB-1006059,Self-Employed
AB-1006061,Self-Employed
AB-100607,Self-Employed
AB-1006075,Self-Employed
AB-1006082,Self-Employed
AB-1006086,Self-Employed
AB-1006091,Self-Employed
AB-1006092,Self-Employed
AB-1006096,Self-Employed
AB-1006098,Self-Employed
AB-10105101,Consumer
AB-10105120,Consumer
AB-101051402,Consumer
AB-101051404,Consumer
AB-101051406,Consumer
AB-101051408,Consumer
AB-1010518,Consumer
AB-1010528,Consumer
AB-1010545,Consumer
AB-1010548,Consumer
AB-101055,Consumer
AB-1010555,Consumer
AB-1010558,Consumer
AB-1010562,Consumer
AB-1010564,Consumer
AB-101057,Consumer
AB-1010582,Consumer
AB-10150118,Consumer
AB-10150120,Consumer
AB-10150139,Consumer
AB-101501402,Consumer
AB-101501406,Consumer
AB-10150143,Consumer
AB-1015027,Consumer
AB-1015036,Consumer
AB-1015039,Consumer
AB-1015045,Consumer
AB-1015055,Consumer
AB-101507,Consumer
AB-1015082,Consumer
AB-1015093,Consumer
AB-10165113,Consumer
AB-10165139,Consumer
AB-101651402,Consumer
AB-101651404,Consumer
AB-101651406,Consumer
AB-101651408,Consumer
AB-1016531,Consumer
AB-1016545,Consumer
AB-1016548,Consumer
AB-1016551,Consumer
AB-1016558,Consumer
AB-101657,Consumer
AB-1016582,Consumer
AB-10255139,Self-Employed
AB-102551402,Self-Employed
AB-102551404,Self-Employed
AB-102551406,Self-Employed
AB-102551408,Self-Employed
AB-10255144,Self-Employed
AB-1025518,Self-Employed
AB-1025527,Self-Employed
AB-1025531,Self-Employed
AB-1025536,Self-Employed
AB-1025545,Self-Employed
AB-1025548,Self-Employed
AB-1025558,Self-Employed
AB-1025564,Self-Employed
AB-102557,Self-Employed
AB-1025582,Self-Employed
AB-1025598,Self-Employed
AB-105134,Consumer
AB-105137,Consumer
AB-10523,Consumer
AB-10532,Consumer
AB-10533,Consumer
AB-10549,Consumer
AB-10600104,Corporate
AB-10600130,Corporate
AB-106001402,Corporate
AB-106001404,Corporate
AB-106001408,Corporate
AB-1060021,Corporate
AB-1060027,Corporate
AB-1060028,Corporate
AB-1060045,Corporate
AB-1060048,Corporate
AB-1060051,Corporate
AB-1060058,Corporate
AB-1060059,Corporate
AB-1060064,Corporate
AB-106007,Corporate
AB-1060082,Corporate
AB-1060091,Corporate
AB-1060097,Corporate
AB-150134,Consumer
AB-150137,Consumer
AB-15060,Consumer
AB-15137,Consumer
AB-15146,Consumer
AB-1522,Consumer
AB-1560,Consumer
AB-165103,Consumer
AB-165134,Consumer
AB-16523,Consumer
AB-16594,Consumer
AB-255117,Self-Employed
AB-255134,Self-Employed
AB-25523,Self-Employed
AB-25533,Self-Employed
AB-25549,Self-Employed
AB-25560,Self-Employed
AB-25586,Self-Employed
AB-600103,Corporate
AB-600131,Corporate
AB-60042,Corporate
AB-60086,Corporate
AC-10420102,Corporate
AC-10420120,Corporate
AC-10420130,Corporate
AC-10420139,Corporate
AC-104201402,Corporate
AC-104201404,Corporate
AC-104201406,Corporate
AC-1042018,Corporate
AC-1042027,Corporate
AC-1042031,Corporate
AC-1042039,Corporate
AC-1042045,Corporate
AC-1042048,Corporate
AC-104207,Corporate
AC-1042082,Corporate
AC-10450139,Consumer
AC-104501402,Consumer
AC-104501404,Consumer
AC-104501406,Consumer
AC-104501408,Consumer
AC-10450143,Consumer
AC-1045036,Consumer
AC-1045045,Consumer
AC-1045048,Consumer
AC-1045058,Consumer
AC-1045059,Consumer
AC-104507,Consumer
AC-10615124,Corporate
AC-10615139,Corporate
AC-106151402,Corporate
AC-106151404,Corporate
AC-106151406,Corporate
AC-10615143,Corporate
AC-1061527,Corporate
AC-1061536,Corporate
AC-1061539,Corporate
AC-1061545,Corporate
AC-106155,Corporate
AC-1061551,Corporate
AC-1061558,Corporate
AC-1061559,Corporate
AC-1061564,Corporate
AC-106157,Corporate
AC-1061582,Corporate
AC-1061592,Corporate
AC-10660118,Consumer
AC-10660120,Consumer
AC-10660124,Consumer
AC-10660130,Consumer
AC-10660139,Consumer
AC-106601402,Consumer
AC-106601404,Consumer
AC-106601406,Consumer
AC-10660144,Consumer
AC-1066018,Consumer
AC-1066027,Consumer
AC-1066045,Consumer
AC-1066048,Consumer
AC-1066054,Consumer
AC-1066055,Consumer
AC-1066082,Consumer
AC-1066093,Consumer
AC-420117,Corporate
AC-420134,Corporate
AC-42022,Corporate
AC-4203,Corporate
AC-42038,Corporate
AC-42061,Corporate
AC-42095,Corporate
AC-450110,Consumer
AC-450117,Consumer
AC-45023,Consumer
AC-45049,Consumer
AC-45068,Consumer
AC-615107,Corporate
AC-615116,Corporate
AC-615137,Corporate
AC-61563,Corporate
AC-61569,Corporate
AC-6158,Corporate
AC-61595,Corporate
AC-66022,Consumer
AC-66038,Consumer
AC-66061,Consumer
AC-66086,Consumer
AD-10180139,Self-Employed
AD-101801402,Self-Employed
AD-101801404,Self-Employed
AD-101801406,Self-Employed
AD-1018018,Self-Employed
AD-1018027,Self-Employed
AD-1018031,Self-Employed
AD-1018045,Self-Employed
AD-1018048,Self-Employed
AD-101805,Self-Employed
AD-1018058,Self-Employed
AD-1018059,Self-Employed
AD-1018066,Self-Employed
AD-101807,Self-Employed
AD-1018082,Self-Employed
AD-1018092,Self-Employed
AD-180134,Self-Employed
AD-18038,Self-Employed
AF-10870102,Consumer
AF-10870118,Consumer
AF-1087012,Consumer
AF-10870120,Consumer
AF-1087014,Consumer
AF-108701402,Consumer
AF-108701404,Consumer
AF-108701406,Consumer
AF-108701408,Consumer
AF-10870144,Consumer
AF-1087018,Consumer
AF-1087026,Consumer
AF-1087027,Consumer
AF-1087028,Consumer
AF-1087031,Consumer
AF-1087034,Consumer
AF-1087045,Consumer
AF-1087048,Consumer
AF-1087051,Consumer
AF-1087055,Consumer
AF-1087058,Consumer
AF-1087059,Consumer
AF-1087064,Consumer
AF-108707,Consumer
AF-1087082,Consumer
AF-1087092,Consumer
AF-1087097,Consumer
AF-10885102,Consumer
AF-10885139,Consumer
AF-108851406,Consumer
AF-108851408,Consumer
AF-10885144,Consumer
AF-1088527,Consumer
AF-1088531,Consumer
AF-1088536,Consumer
AF-1088545,Consumer
AF-1088548,Consumer
AF-108855,Consumer
AF-1088558,Consumer
AF-1088559,Consumer
AF-1088564,Consumer
AF-108857,Consumer
AF-108858,Consumer
AF-1088580,Consumer
AF-1088582,Consumer
AF-1088591,Consumer
AF-870129,Consumer
AF-87013,Consumer
AF-87023,Consumer
AF-87033,Consumer
AF-87038,Consumer
AF-87060,Consumer
AF-87061,Consumer
AF-87068,Consumer
AF-885107,Consumer
AF-88533,Consumer
AG-10270139,Consumer
AG-102701402,Consumer
AG-102701404,Consumer
AG-102701406,Consumer
AG-10270144,Consumer
AG-1027018,Consumer
AG-1027027,Consumer
AG-1027031,Consumer
AG-1027039,Consumer
AG-1027045,Consumer
AG-1027048,Consumer
AG-102705,Consumer
AG-1027051,Consumer
AG-1027055,Consumer
AG-1027058,Consumer
AG-102708,Consumer
AG-1027082,Consumer
AG-1027092,Consumer
AG-1027093,Consumer
AG-10300139,Corporate
AG-103001404,Corporate
AG-103001406,Corporate
AG-1030018,Corporate
AG-1030027,Corporate
AG-1030036,Corporate
AG-1030045,Corporate
AG-1030055,Corporate
AG-1030059,Corporate
AG-1030064,Corporate
AG-103007,Corporate
AG-1030082,Corporate
AG-1030092,Corporate
AG-1030093,Corporate
AG-1030096,Corporate
AG-1030098,Corporate
AG-10330102,Consumer
AG-1033012,Consumer
AG-10330139,Consumer
AG-103301402,Consumer
AG-103301404,Consumer
AG-103301408,Consumer
AG-10330143,Consumer
AG-1033018,Consumer
AG-1033027,Consumer
AG-1033028,Consumer
AG-1033031,Consumer
AG-1033044,Consumer
AG-1033045,Consumer
AG-1033048,Consumer
AG-1033054,Consumer
AG-1033055,Consumer
AG-1033059,Consumer
AG-1033064,Consumer
AG-103307,Consumer
AG-1033082,Consumer
AG-1033092,Consumer
AG-103901404,Consumer
AG-103901406,Consumer
AG-103901408,Consumer
AG-1039018,Consumer
AG-1039031,Consumer
AG-1039036,Consumer
AG-1039045,Consumer
AG-1039051,Consumer
AG-103907,Consumer
AG-1039080,Consumer
AG-1039082,Consumer
AG-1039091,Consumer
AG-10495102,Corporate
AG-104951402,Corporate
AG-104951404,Corporate
AG-104951406,Corporate
AG-104951408,Corporate
AG-1049527,Corporate
AG-1049545,Corporate
AG-1049548,Corporate
AG-1049551,Corporate
AG-1049554,Corporate
AG-1049558,Corporate
AG-1049559,Corporate
AG-1049564,Corporate
AG-104957,Corporate
AG-1049582,Corporate
AG-1049593,Corporate
AG-1049597,Corporate
AG-1052511,Corporate
AG-10525139,Corporate
AG-105251402,Corporate
AG-105251406,Corporate
AG-105251408,Corporate
AG-1052518,Corporate
AG-1052536,Corporate
AG-1052539,Corporate
AG-1052545,Corporate
AG-1052548,Corporate
AG-1052555,Corporate
AG-1052558,Corporate
AG-1052564,Corporate
AG-1052582,Corporate
AG-1052597,Corporate
AG-10675102,Consumer
AG-10675120,Consumer
AG-10675139,Consumer
AG-106751402,Consumer
AG-106751408,Consumer
AG-1067518,Consumer
AG-1067545,Consumer
AG-1067555,Consumer
AG-1067564,Consumer
AG-106757,Consumer
AG-1067591,Consumer
AG-1067598,Consumer
AG-10765139,Self-Employed
AG-107651402,Self-Employed
AG-107651406,Self-Employed
AG-107651408,Self-Employed
AG-10765141,Self-Employed
AG-1076518,Self-Employed
AG-1076527,Self-Employed
AG-1076536,Self-Employed
AG-1076539,Self-Employed
AG-1076545,Self-Employed
AG-1076548,Self-Employed
AG-1076555,Self-Employed
AG-1076558,Self-Employed
AG-1076559,Self-Employed
AG-1076564,Self-Employed
AG-107658,Self-Employed
AG-1076582,Self-Employed
AG-1076593,Self-Employed
AG-1076598,Self-Employed
AG-10900102,Consumer
AG-10900113,Consumer
AG-10900120,Consumer
AG-109001402,Consumer
AG-109001404,Consumer
AG-109001406,Consumer
AG-109001408,Consumer
AG-1090018,Consumer
AG-1090045,Consumer
AG-1090048,Consumer
AG-1090058,Consumer
AG-1090064,Consumer
AG-109007,Consumer
AG-1090082,Consumer
AG-1090092,Consumer
AG-1090093,Consumer
AG-270134,Consumer
AG-27022,Consumer
AG-27023,Consumer
AG-27032,Consumer
AG-27049,Consumer
AG-27086,Consumer
AG-27087,Consumer
AG-300108,Corporate
AG-300134,Corporate
AG-30067,Corporate
AG-30087,Corporate
AG-30095,Corporate
AG-330110,Consumer
AG-330122,Consumer
AG-330129,Consumer
AG-33086,Consumer
AG-33095,Consumer
AG-390109,Consumer
AG-390134,Consumer
AG-390136,Consumer
AG-39032,Consumer
AG-495103,Corporate
AG-495111,Corporate
AG-495117,Corporate
AG-495134,Corporate
AG-49523,Corporate
AG-49561,Corporate
AG-4958,Corporate
AG-49589,Corporate
AG-525117,Corporate
AG-525129,Corporate
AG-52533,Corporate
AG-52560,Corporate
AG-52569,Corporate
AG-52595,Corporate
AG-675108,Consumer
AG-675111,Consumer
AG-675117,Consumer
AG-675134,Consumer
AG-675136,Consumer
AG-675137,Consumer
AG-6758,Consumer
AG-67587,Consumer
AG-67595,Consumer
AG-765134,Self-Employed
AG-76522,Self-Employed
AG-7653,Self-Employed
AG-7658,Self-Employed
AG-76595,Self-Employed
AG-88888148,Corporate
AG-900129,Consumer
AG-90086,Consumer
AG-90095,Consumer
AH-10030102,Corporate
AH-10030103,Corporate
AH-10030137,Corporate
AH-10030139,Corporate
AH-1003014,Corporate
AH-100301404,Corporate
AH-100301406,Corporate
AH-100301408,Corporate
AH-1003019,Corporate
AH-1003027,Corporate
AH-1003033,Corporate
AH-1003036,Corporate
AH-1003039,Corporate
AH-1003045,Corporate
AH-1003048,Corporate
AH-100305,Corporate
AH-1003051,Corporate
AH-1003058,Corporate
AH-1003059,Corporate
AH-1003066,Corporate
AH-1003069,Corporate
AH-100308,Corporate
AH-1003082,Corporate
AH-1003095,Corporate
AH-10075117,Corporate
AH-1007512,Corporate
AH-10075139,Corporate
AH-1007514,Corporate
AH-100751402,Corporate
AH-100751404,Corporate
AH-100751406,Corporate
AH-100751408,Corporate
AH-1007518,Corporate
AH-1007522,Corporate
AH-1007523,Corporate
AH-1007527,Corporate
AH-100753,Corporate
AH-1007545,Corporate
AH-1007555,Corporate
AH-1007558,Corporate
AH-1007559,Corporate
AH-1007560,Corporate
AH-1007564,Corporate
AH-100757,Corporate
AH-1007582,Corporate
AH-1007586,Corporate
AH-1007591,Corporate
AH-1007593,Corporate
AH-10120139,Self-Employed
AH-101201402,Self-Employed
AH-101201404,Self-Employed
AH-101201408,Self-Employed
AH-1012027,Self-Employed
AH-1012039,Self-Employed
AH-1012045,Self-Employed
AH-101207,Self-Employed
AH-101208,Self-Employed
AH-1012082,Self-Employed
AH-1012091,Self-Employed
AH-10195102,Corporate
AH-10195139,Corporate
AH-101951402,Corporate
AH-101951406,Corporate
AH-101951408,Corporate
AH-10195141,Corporate
AH-1019518,Corporate
AH-1019531,Corporate
AH-1019539,Corporate
AH-1019545,Corporate
AH-1019548,Corporate
AH-1019558,Corporate
AH-1019564,Corporate
AH-101957,Corporate
AH-1019582,Corporate
AH-1019597,Corporate
AH-10210113,Consumer
AH-10210120,Consumer
AH-10210139,Consumer
AH-1021014,Consumer
AH-102101402,Consumer
AH-102101404,Consumer
AH-102101406,Consumer
AH-102101408,Consumer
AH-1021018,Consumer
AH-1021027,Consumer
AH-1021036,Consumer
AH-1021045,Consumer
AH-1021048,Consumer
AH-102105,Consumer
AH-1021051,Consumer
AH-1021055,Consumer
AH-1021082,Consumer
AH-1021091,Consumer
AH-1021098,Consumer
AH-10465102,Consumer
AH-10465139,Consumer
AH-104651402,Consumer
AH-104651404,Consumer
AH-104651406,Consumer
AH-104651408,Consumer
AH-1046527,Consumer
AH-1046528,Consumer
AH-1046536,Consumer
AH-1046539,Consumer
AH-1046548,Consumer
AH-1046558,Consumer
AH-1046559,Consumer
AH-104657,Consumer
AH-1046582,Consumer
AH-1046593,Consumer
AH-105851,Consumer
AH-10585130,Consumer
AH-10585139,Consumer
AH-1058514,Consumer
AH-105851402,Consumer
AH-105851404,Consumer
AH-105851408,Consumer
AH-10585143,Consumer
AH-1058518,Consumer
AH-1058527,Consumer
AH-1058548,Consumer
AH-1058559,Consumer
AH-1058564,Consumer
AH-1058566,Consumer
AH-105857,Consumer
AH-1058591,Consumer
AH-10690120,Corporate
AH-10690139,Corporate
AH-106901402,Corporate
AH-106901404,Corporate
AH-106901406,Corporate
AH-106901408,Corporate
AH-1069027,Corporate
AH-1069028,Corporate
AH-1069031,Corporate
AH-1069045,Corporate
AH-1069048,Corporate
AH-1069058,Corporate
AH-1069064,Corporate
AH-106907,Corporate
AH-106908,Corporate
AH-1069082,Corporate
AH-1069093,Corporate
AH-120117,Self-Employed
AH-12038,Self-Employed
AH-12068,Self-Employed
AH-12094,Self-Employed
AH-195114,Corporate
AH-195134,Corporate
AH-19523,Corporate
AH-19542,Corporate
AH-19560,Corporate
AH-19595,Corporate
AH-210105,Consumer
AH-210134,Consumer
AH-2103,Consumer
AH-21038,Consumer
AH-465117,Consumer
AH-465126,Consumer
AH-465134,Consumer
AH-46586,Consumer
AH-585134,Consumer
AH-5854,Consumer
AH-58560,Consumer
AH-5858,Consumer
AH-58581,Consumer
AH-690134,Corporate
AH-690147,Corporate
AH-69038,Corporate
AH-69060,Corporate
AI-10855120,Consumer
AI-10855139,Consumer
AI-108551404,Consumer
AI-108551406,Consumer
AI-108551408,Consumer
AI-1085539,Consumer
AI-1085548,Consumer
AI-1085559,Consumer
AI-1085564,Consumer
AI-108557,Consumer
AI-1085592,Consumer
AI-855107,Consumer
AI-855108,Consumer
AI-855134,Consumer
AI-85586,Consumer
AJ-107801,Corporate
AJ-10780139,Corporate
AJ-107801404,Corporate
AJ-107801406,Corporate
AJ-107801408,Corporate
AJ-1078018,Corporate
AJ-1078027,Corporate
AJ-1078034,Corporate
AJ-1078045,Corporate
AJ-1078048,Corporate
AJ-1078058,Corporate
AJ-1078059,Corporate
AJ-1078082,Corporate
AJ-1078091,Corporate
AJ-1078093,Corporate
AJ-10795120,Corporate
AJ-10795139,Corporate
AJ-107951404,Corporate
AJ-107951406,Corporate
AJ-107951408,Corporate
AJ-1079527,Corporate
AJ-1079528,Corporate
AJ-1079545,Corporate
AJ-1079548,Corporate
AJ-1079558,Corporate
AJ-107957,Corporate
AJ-1079582,Corporate
AJ-1079598,Corporate
AJ-10945102,Consumer
AJ-10945139,Consumer
AJ-109451402,Consumer
AJ-109451404,Consumer
AJ-109451408,Consumer
AJ-10945143,Consumer
AJ-1094518,Consumer
AJ-1094527,Consumer
AJ-1094531,Consumer
AJ-1094544,Consumer
AJ-1094545,Consumer
AJ-1094548,Consumer
AJ-109455,Consumer
AJ-1094558,Consumer
AJ-109457,Consumer
AJ-1094582,Consumer
AJ-1094591,Consumer
AJ-10960120,Consumer
AJ-109601404,Consumer
AJ-109601406,Consumer
AJ-1096031,Consumer
AJ-1096036,Consumer
AJ-1096045,Consumer
AJ-1096048,Consumer
AJ-1096051,Consumer
AJ-1096055,Consumer
AJ-1096058,Consumer
AJ-1096059,Consumer
AJ-1096064,Consumer
AJ-109607,Consumer
AJ-1096092,Consumer
AJ-780108,Corporate
AJ-780111,Corporate
AJ-78023,Corporate
AJ-7803,Corporate
AJ-78033,Corporate
AJ-78038,Corporate
AJ-78060,Corporate
AJ-78061,Corporate
AJ-78063,Corporate
AJ-78095,Corporate
AJ-795103,Corporate
AJ-795110,Corporate
AJ-795122,Corporate
AJ-795134,Corporate
AJ-795137,Corporate
AJ-79533,Corporate
AJ-79538,Corporate
AJ-79560,Corporate
AJ-79586,Corporate
AJ-945111,Consumer
AJ-945116,Consumer
AJ-945137,Consumer
AJ-94538,Consumer
AJ-9454,Consumer
AJ-94595,Consumer
AJ-960134,Consumer
AJ-96022,Consumer
AJ-96033,Consumer
AJ-96038,Consumer
AJ-96043,Consumer
AJ-96086,Consumer
AJ-96095,Consumer
AM-10360101,Corporate
AM-1036011,Corporate
AM-10360113,Corporate
AM-10360124,Corporate
AM-10360139,Corporate
AM-103601402,Corporate
AM-103601404,Corporate
AM-103601406,Corporate
AM-1036018,Corporate
AM-1036026,Corporate
AM-1036039,Corporate
AM-1036045,Corporate
AM-1036055,Corporate
AM-1036058,Corporate
AM-1036059,Corporate
AM-1036064,Corporate
AM-1036066,Corporate
AM-103607,Corporate
AM-1036078,Corporate
AM-10705102,Consumer
AM-10705120,Consumer
AM-10705125,Consumer
AM-10705130,Consumer
AM-10705139,Consumer
AM-107051402,Consumer
AM-107051404,Consumer
AM-107051406,Consumer
AM-107051408,Consumer
AM-10705144,Consumer
AM-1070527,Consumer
AM-1070531,Consumer
AM-1070539,Consumer
AM-1070545,Consumer
AM-1070548,Consumer
AM-1070559,Consumer
AM-1070564,Consumer
AM-107057,Consumer
AM-1070582,Consumer
AM-1070592,Consumer
AM-360117,Corporate
AM-3603,Corporate
AM-3608,Corporate
AM-36084,Corporate
AM-36095,Corporate
AM-70513,Consumer
AM-70523,Consumer
AM-70529,Consumer
AM-70533,Consumer
AM-70549,Consumer
AO-10810102,Corporate
AO-10810118,Corporate
AO-10810120,Corporate
AO-10810139,Corporate
AO-108101404,Corporate
AO-1081018,Corporate
AO-1081026,Corporate
AO-1081045,Corporate
AO-1081048,Corporate
AO-1081058,Corporate
AO-1081059,Corporate
AO-1081064,Corporate
AO-108107,Corporate
AO-1081082,Corporate
AO-810110,Corporate
AO-81023,Corporate
AO-81063,Corporate
AO-81095,Corporate
AP-10720130,Self-Employed
AP-10720139,Self-Employed
AP-107201402,Self-Employed
AP-107201404,Self-Employed
AP-107201406,Self-Employed
AP-107201408,Self-Employed
AP-1072018,Self-Employed
AP-1072027,Self-Employed
AP-1072036,Self-Employed
AP-1072045,Self-Employed
AP-1072058,Self-Employed
AP-1072059,Self-Employed
AP-1072092,Self-Employed
AP-1072093,Self-Employed
AP-10915139,Consumer
AP-109151404,Consumer
AP-109151408,Consumer
AP-1091518,Consumer
AP-1091527,Consumer
AP-1091531,Consumer
AP-1091536,Consumer
AP-1091545,Consumer
AP-1091558,Consumer
AP-1091559,Consumer
AP-1091564,Consumer
AP-109157,Consumer
AP-1091582,Consumer
AP-1091592,Consumer
AP-1091593,Consumer
AP-720147,Self-Employed
AP-72038,Self-Employed
AP-72057,Self-Employed
AP-72068,Self-Employed
AP-72086,Self-Employed
AP-915122,Consumer
AP-915129,Consumer
AP-915134,Consumer
AP-91538,Consumer
AP-91583,Consumer
AR-10345104,Corporate
AR-10345113,Corporate
AR-10345120,Corporate
AR-10345139,Corporate
AR-103451402,Corporate
AR-103451406,Corporate
AR-10345144,Corporate
AR-1034518,Corporate
AR-1034527,Corporate
AR-1034544,Corporate
AR-1034545,Corporate
AR-1034558,Corporate
AR-1034559,Corporate
AR-1034564,Corporate
AR-103457,Corporate
AR-103458,Corporate
AR-1034582,Corporate
AR-10405102,Corporate
AR-10405104,Corporate
AR-104051402,Corporate
AR-104051404,Corporate
AR-104051406,Corporate
AR-104051408,Corporate
AR-1040527,Corporate
AR-1040534,Corporate
AR-1040545,Corporate
AR-1040548,Corporate
AR-104055,Corporate
AR-1040558,Corporate
AR-1040559,Corporate
AR-1040564,Corporate
AR-104057,Corporate
AR-104058,Corporate
AR-1040582,Corporate
AR-1040593,Corporate
AR-10510120,Consumer
AR-105101402,Consumer
AR-105101404,Consumer
AR-105101406,Consumer
AR-10510144,Consumer
AR-1051026,Consumer
AR-1051027,Consumer
AR-1051045,Consumer
AR-1051048,Consumer
AR-1051051,Consumer
AR-1051056,Consumer
AR-1051058,Consumer
AR-1051064,Consumer
AR-105107,Consumer
AR-1051082,Consumer
AR-1051093,Consumer
AR-1051096,Consumer
AR-10540102,Consumer
AR-105401402,Consumer
AR-105401404,Consumer
AR-105401406,Consumer
AR-1054027,Consumer
AR-1054036,Consumer
AR-1054045,Consumer
AR-1054058,Consumer
AR-1054082,Consumer
AR-10570102,Consumer
AR-1057011,Consumer
AR-105701408,Consumer
AR-1057018,Consumer
AR-1057036,Consumer
AR-1057039,Consumer
AR-1057044,Consumer
AR-1057048,Consumer
AR-1057055,Consumer
AR-1057058,Consumer
AR-1057059,Consumer
AR-1057064,Consumer
AR-105707,Consumer
AR-1057082,Consumer
AR-1057088,Consumer
AR-10825120,Corporate
AR-10825139,Corporate
AR-108251402,Corporate
AR-108251404,Corporate
AR-108251406,Corporate
AR-10825143,Corporate
AR-1082518,Corporate
AR-1082528,Corporate
AR-1082531,Corporate
AR-1082536,Corporate
AR-1082545,Corporate
AR-1082548,Corporate
AR-1082555,Corporate
AR-1082558,Corporate
AR-1082559,Corporate
AR-1082564,Corporate
AR-108257,Corporate
AR-1082582,Corporate
AR-1082598,Corporate
AR-345103,Corporate
AR-345108,Corporate
AR-345109,Corporate
AR-345110,Corporate
AR-345134,Corporate
AR-345146,Corporate
AR-3453,Corporate
AR-405111,Corporate
AR-405134,Corporate
AR-405137,Corporate
AR-40533,Corporate
AR-40557,Corporate
AR-40568,Corporate
AR-510134,Consumer
AR-510137,Consumer
AR-51060,Consumer
AR-51069,Consumer
AR-51086,Consumer
AR-540108,Consumer
AR-540134,Consumer
AR-54033,Consumer
AR-54060,Consumer
AR-54061,Consumer
AR-54069,Consumer
AR-54079,Consumer
AR-54086,Consumer
AR-570103,Consumer
AR-570105,Consumer
AR-570110,Consumer
AR-57022,Consumer
AR-5703,Consumer
AR-57033,Consumer
AR-57060,Consumer
AR-57075,Consumer
AR-825108,Corporate
AR-825110,Corporate
AR-825134,Corporate
AR-82538,Corporate
AR-82560,Corporate
AR-82586,Corporate
AR-82595,Corporate
AS-10045113,Corporate
AS-10045117,Corporate
AS-10045120,Corporate
AS-10045124,Corporate
AS-10045125,Corporate
AS-10045134,Corporate
AS-10045139,Corporate
AS-100451402,Corporate
AS-100451404,Corporate
AS-100451406,Corporate
AS-100451408,Corporate
AS-1004528,Corporate
AS-1004545,Corporate
AS-1004548,Corporate
AS-1004559,Corporate
AS-1004564,Corporate
AS-100457,Corporate
AS-1004582,Corporate
AS-1004587,Corporate
AS-1004598,Corporate
AS-10090101,Consumer
AS-10090117,Consumer
AS-10090120,Consumer
AS-10090139,Consumer
AS-100901402,Consumer
AS-100901404,Consumer
AS-100901406,Consumer
AS-100901408,Consumer
AS-1009015,Consumer
AS-1009018,Consumer
AS-1009027,Consumer
AS-1009036,Consumer
AS-1009045,Consumer
AS-1009048,Consumer
AS-1009058,Consumer
AS-1009062,Consumer
AS-1009064,Consumer
AS-100907,Consumer
AS-1009082,Consumer
AS-1009086,Consumer
AS-1009091,Consumer
AS-1009093,Consumer
AS-1009095,Consumer
AS-1009098,Consumer
AS-101351404,Self-Employed
AS-101351406,Self-Employed
AS-10135144,Self-Employed
AS-1013527,Self-Employed
AS-1013536,Self-Employed
AS-1013545,Self-Employed
AS-1013548,Self-Employed
AS-1013558,Self-Employed
AS-1013582,Self-Employed
AS-1013588,Self-Employed
AS-1013591,Self-Employed
AS-1013592,Self-Employed
AS-1013597,Self-Employed
AS-1022511,Corporate
AS-10225120,Corporate
AS-10225139,Corporate
AS-102251404,Corporate
AS-102251406,Corporate
AS-102251408,Corporate
AS-10225143,Corporate
AS-10225144,Corporate
AS-1022518,Corporate
AS-1022527,Corporate
AS-1022539,Corporate
AS-1022545,Corporate
AS-102255,Corporate
AS-1022558,Corporate
AS-1022559,Corporate
AS-1022562,Corporate
AS-102257,Corporate
AS-1022582,Corporate
AS-1022588,Corporate
AS-1022598,Corporate
AS-10240102,Consumer
AS-1024014,Consumer
AS-102401404,Consumer
AS-102401406,Consumer
AS-102401408,Consumer
AS-10240144,Consumer
AS-1024018,Consumer
AS-1024031,Consumer
AS-1024036,Consumer
AS-1024045,Consumer
AS-1024048,Consumer
AS-1024058,Consumer
AS-1024064,Consumer
AS-102407,Consumer
AS-1024082,Consumer
AS-10285120,Corporate
AS-1028514,Corporate
AS-102851402,Corporate
AS-102851404,Corporate
AS-102851406,Corporate
AS-1028518,Corporate
AS-1028527,Corporate
AS-1028539,Corporate
AS-1028545,Corporate
AS-1028555,Corporate
AS-1028558,Corporate
AS-1028564,Corporate
AS-102857,Corporate
AS-102858,Corporate
AS-1028582,Corporate
AS-1028592,Corporate
AS-1028598,Corporate
AS-106301402,Self-Employed
AS-106301404,Self-Employed
AS-106301406,Self-Employed
AS-106301408,Self-Employed
AS-10630141,Self-Employed
AS-1063027,Self-Employed
AS-1063045,Self-Employed
AS-1063048,Self-Employed
AS-1063058,Self-Employed
AS-1063059,Self-Employed
AS-106307,Self-Employed
AS-1063092,Self-Employed
AS-1063096,Self-Employed
AS-135134,Self-Employed
AS-13523,Self-Employed
AS-13560,Self-Employed
AS-13561,Self-Employed
AS-13563,Self-Employed
AS-225110,Corporate
AS-22515,Corporate
AS-22522,Corporate
AS-22523,Corporate
AS-22560,Corporate
AS-22595,Corporate
AS-240110,Consumer
AS-240137,Consumer
AS-24019,Consumer
AS-24023,Consumer
AS-24042,Consumer
AS-285108,Corporate
AS-285110,Corporate
AS-285137,Corporate
AS-285147,Corporate
AS-28522,Corporate
AS-2853,Corporate
AS-28538,Corporate
AS-2854,Corporate
AS-28560,Corporate
AS-28561,Corporate
AS-28586,Corporate
AS-630111,Self-Employed
AS-630117,Self-Employed
AS-630131,Self-Employed
AS-630134,Self-Employed
AS-63029,Self-Employed
AS-63033,Self-Employed
AS-63060,Self-Employed
AS-63068,Self-Employed
AS-63095,Self-Employed
AT-10435120,Self-Employed
AT-104351404,Self-Employed
AT-104351406,Self-Employed
AT-104351408,Self-Employed
AT-10435143,Self-Employed
AT-1043527,Self-Employed
AT-1043531,Self-Employed
AT-1043558,Self-Employed
AT-1043559,Self-Employed
AT-104358,Self-Employed
AT-1043582,Self-Employed
AT-1043591,Self-Employed
AT-1043598,Self-Employed
AT-10735113,Consumer
AT-10735139,Consumer
AT-107351402,Consumer
AT-107351404,Consumer
AT-107351406,Consumer
AT-107351408,Consumer
AT-10735144,Consumer
AT-1073518,Consumer
AT-1073527,Consumer
AT-1073531,Consumer
AT-1073536,Consumer
AT-1073545,Consumer
AT-1073548,Consumer
AT-107357,Consumer
AT-1073582,Consumer
AT-435103,Self-Employed
AT-435117,Self-Employed
AT-435134,Self-Employed
AT-43533,Self-Employed
AT-43543,Self-Employed
AT-43549,Self-Employed
AT-43560,Self-Employed
AT-43575,Self-Employed
AT-43584,Self-Employed
AT-735107,Consumer
AT-735137,Consumer
AT-73557,Consumer
AT-73586,Consumer
AW-108401402,Consumer
AW-108401404,Consumer
AW-108401406,Consumer
AW-1084018,Consumer
AW-1084027,Consumer
AW-1084031,Consumer
AW-1084039,Consumer
AW-1084045,Consumer
AW-1084048,Consumer
AW-1084058,Consumer
AW-1084064,Consumer
AW-1084082,Consumer
AW-1084091,Consumer
AW-1084092,Consumer
AW-1084093,Consumer
AW-1084097,Consumer
AW-10930139,Self-Employed
AW-109301402,Self-Employed
AW-109301404,Self-Employed
AW-109301406,Self-Employed
AW-1093018,Self-Employed
AW-1093027,Self-Employed
AW-1093031,Self-Employed
AW-1093045,Self-Employed
AW-1093048,Self-Employed
AW-1093051,Self-Employed
AW-1093058,Self-Employed
AW-1093059,Self-Employed
AW-1093064,Self-Employed
AW-109307,Self-Employed
AW-1093093,Self-Employed
AW-1093098,Self-Employed
AW-840107,Consumer
AW-840126,Consumer
AW-840134,Consumer
AW-84060,Consumer
AW-930111,Self-Employed
AW-930134,Self-Employed
AW-93038,Self-Employed
AW-93061,Self-Employed
AW-93086,Self-Employed
AW-93095,Self-Employed
AY-1055511,Corporate
AY-10555139,Corporate
AY-105551404,Corporate
AY-105551406,Corporate
AY-1055527,Corporate
AY-1055539,Corporate
AY-1055545,Corporate
AY-1055548,Corporate
AY-1055551,Corporate
AY-1055558,Corporate
AY-1055566,Corporate
AY-105557,Corporate
AY-1055582,Corporate
AY-1055593,Corporate
AY-555103,Corporate
AY-555108,Corporate
AY-555117,Corporate
AY-555134,Corporate
AY-55538,Corporate
AY-55560,Corporate
AY-55561,Corporate
AY-55586,Corporate
AY-55594,Corporate
AY-55595,Corporate
AZ-10750124,Consumer
AZ-107501402,Consumer
AZ-107501404,Consumer
AZ-107501406,Consumer
AZ-1075018,Consumer
AZ-1075027,Consumer
AZ-1075028,Consumer
AZ-1075045,Consumer
AZ-1075048,Consumer
AZ-107507,Consumer
AZ-1075082,Consumer
AZ-1075093,Consumer
AZ-750134,Consumer
AZ-750137,Consumer
AZ-75023,Consumer
AZ-75033,Consumer
AZ-7504,Consumer
AZ-75061,Consumer
AZ-75079,Consumer
AZ-75087,Consumer
AZ-75095,Consumer
BB-10990102,Corporate
BB-10990130,Corporate
BB-109901402,Corporate
BB-109901404,Corporate
BB-109901406,Corporate
BB-1099016,Corporate
BB-1099018,Corporate
BB-1099028,Corporate
BB-1099036,Corporate
BB-1099045,Corporate
BB-1099048,Corporate
BB-1099055,Corporate
BB-1099059,Corporate
BB-1099064,Corporate
BB-109907,Corporate
BB-1099078,Corporate
BB-1099082,Corporate
BB-1099092,Corporate
BB-1099097,Corporate
BB-1099098,Corporate
BB-1099099,Corporate
BB-11545104,Corporate
BB-115451402,Corporate
BB-115451404,Corporate
BB-115451406,Corporate
BB-115451408,Corporate
BB-1154518,Corporate
BB-1154545,Corporate
BB-1154548,Corporate
BB-1154564,Corporate
BB-115457,Corporate
BB-115458,Corporate
BB-1154582,Corporate
BB-1154592,Corporate
BB-1545134,Corporate
BB-1545146,Corporate
BB-154563,Corporate
BB-154569,Corporate
BB-154586,Corporate
BB-990107,Corporate
BB-990110,Corporate
BB-990122,Corporate
BB-990134,Corporate
BB-99038,Corporate
BB-99061,Corporate
BB-99089,Corporate
BC-11125120,Self-Employed
BC-11125139,Self-Employed
BC-1112514,Self-Employed
BC-111251402,Self-Employed
BC-111251404,Self-Employed
BC-111251406,Self-Employed
BC-1112528,Self-Employed
BC-1112545,Self-Employed
BC-1112548,Self-Employed
BC-111255,Self-Employed
BC-1112551,Self-Employed
BC-1112555,Self-Employed
BC-111257,Self-Employed
BC-1112582,Self-Employed
BC-1112592,Self-Employed
BC-1125111,Self-Employed
BC-1125134,Self-Employed
BC-11253,Self-Employed
BC-112581,Self-Employed
BD-11320102,Consumer
BD-11320139,Consumer
BD-113201402,Consumer
BD-113201404,Consumer
BD-113201406,Consumer
BD-1132018,Consumer
BD-1132027,Consumer
BD-1132039,Consumer
BD-1132045,Consumer
BD-1132048,Consumer
BD-1132058,Consumer
BD-113207,Consumer
BD-1132082,Consumer
BD-1132091,Consumer
BD-11500104,Consumer
BD-11500139,Consumer
BD-115001402,Consumer
BD-115001404,Consumer
BD-115001408,Consumer
BD-1150018,Consumer
BD-1150026,Consumer
BD-1150031,Consumer
BD-1150036,Consumer
BD-1150045,Consumer
BD-1150058,Consumer
BD-1150059,Consumer
BD-1150064,Consumer
BD-1150066,Consumer
BD-115007,Consumer
BD-1150078,Consumer
BD-1150080,Consumer
BD-1150082,Consumer
BD-1150093,Consumer
BD-1150096,Consumer
BD-11560113,Self-Employed
BD-11560139,Self-Employed
BD-115601404,Self-Employed
BD-115601408,Self-Employed
BD-1156018,Self-Employed
BD-1156036,Self-Employed
BD-1156048,Self-Employed
BD-1156058,Self-Employed
BD-1156064,Self-Employed
BD-115607,Self-Employed
BD-115608,Self-Employed
BD-1156082,Self-Employed
BD-1156088,Self-Employed
BD-1156093,Self-Employed
BD-116051,Consumer
BD-11605102,Consumer
BD-11605120,Consumer
BD-11605130,Consumer
BD-11605139,Consumer
BD-116051404,Consumer
BD-116051406,Consumer
BD-116051408,Consumer
BD-1160518,Consumer
BD-1160548,Consumer
BD-1160559,Consumer
BD-116057,Consumer
BD-1160593,Consumer
BD-11620102,Consumer
BD-11620120,Consumer
BD-116201402,Consumer
BD-116201404,Consumer
BD-116201406,Consumer
BD-116201408,Consumer
BD-1162026,Consumer
BD-1162027,Consumer
BD-1162045,Consumer
BD-1162058,Consumer
BD-1162064,Consumer
BD-116207,Consumer
BD-116208,Consumer
BD-1162082,Consumer
BD-11635139,Consumer
BD-116351406,Consumer
BD-116351408,Consumer
BD-11635144,Consumer
BD-1163531,Consumer
BD-1163545,Consumer
BD-1163548,Consumer
BD-1163551,Consumer
BD-1163558,Consumer
BD-1163564,Consumer
BD-116357,Consumer
BD-1163582,Consumer
BD-1163591,Consumer
BD-1163592,Consumer
BD-11725102,Consumer
BD-1172511,Consumer
BD-11725139,Consumer
BD-117251404,Consumer
BD-117251406,Consumer
BD-117251408,Consumer
BD-1172536,Consumer
BD-1172537,Consumer
BD-1172539,Consumer
BD-1172545,Consumer
BD-1172548,Consumer
BD-117255,Consumer
BD-1172551,Consumer
BD-1172555,Consumer
BD-1172558,Consumer
BD-1172559,Consumer
BD-117257,Consumer
BD-117258,Consumer
BD-1172582,Consumer
BD-1172591,Consumer
BD-1172592,Consumer
BD-117701402,Consumer
BD-117701404,Consumer
BD-117701406,Consumer
BD-11770143,Consumer
BD-11770144,Consumer
BD-1177018,Consumer
BD-1177027,Consumer
BD-1177039,Consumer
BD-1177045,Consumer
BD-1177048,Consumer
BD-117705,Consumer
BD-1177054,Consumer
BD-1177058,Consumer
BD-1177062,Consumer
BD-117708,Consumer
BD-1177082,Consumer
BD-1177093,Consumer
BD-1320103,Consumer
BD-132060,Consumer
BD-132061,Consumer
BD-132068,Consumer
BD-132086,Consumer
BD-1500147,Consumer
BD-150086,Consumer
BD-150095,Consumer
BD-1560103,Self-Employed
BD-1560108,Self-Employed
BD-156022,Self-Employed
BD-156032,Self-Employed
BD-156095,Self-Employed
BD-160522,Consumer
BD-16053,Consumer
BD-160533,Consumer
BD-160561,Consumer
BD-160563,Consumer
BD-1620103,Consumer
BD-1620108,Consumer
BD-1620110,Consumer
BD-1620117,Consumer
BD-162019,Consumer
BD-162038,Consumer
BD-162060,Consumer
BD-162061,Consumer
BD-162087,Consumer
BD-162095,Consumer
BD-1635117,Consumer
BD-1635126,Consumer
BD-1635129,Consumer
BD-1635134,Consumer
BD-163538,Consumer
BD-163560,Consumer
BD-163561,Consumer
BD-163595,Consumer
BD-1725103,Consumer
BD-1725108,Consumer
BD-1725122,Consumer
BD-1725134,Consumer
BD-172530,Consumer
BD-172538,Consumer
BD-17254,Consumer
BD-172560,Consumer
BD-172561,Consumer
BD-172563,Consumer
BD-172595,Consumer
BD-1770134,Consumer
BD-177038,Consumer
BD-177079,Consumer
BD-177086,Consumer
BE-11335102,Self-Employed
BE-11335120,Self-Employed
BE-11335139,Self-Employed
BE-1133514,Self-Employed
BE-113351402,Self-Employed
BE-113351404,Self-Employed
BE-113351406,Self-Employed
BE-11335144,Self-Employed
BE-1133516,Self-Employed
BE-1133518,Self-Employed
BE-1133527,Self-Employed
BE-1133528,Self-Employed
BE-1133531,Self-Employed
BE-1133536,Self-Employed
BE-1133545,Self-Employed
BE-1133548,Self-Employed
BE-1133551,Self-Employed
BE-1133558,Self-Employed
BE-1133564,Self-Employed
BE-113357,Self-Employed
BE-1133578,Self-Employed
BE-1133582,Self-Employed
BE-11410102,Consumer
BE-11410120,Consumer
BE-11410139,Consumer
BE-114101402,Consumer
BE-114101404,Consumer
BE-114101406,Consumer
BE-114101408,Consumer
BE-11410143,Consumer
BE-11410144,Consumer
BE-1141018,Consumer
BE-1141027,Consumer
BE-1141031,Consumer
BE-1141048,Consumer
BE-1141055,Consumer
BE-1141058,Consumer
BE-1141059,Consumer
BE-1141066,Consumer
BE-114107,Consumer
BE-1141078,Consumer
BE-1141082,Consumer
BE-1141098,Consumer
BE-11455102,Self-Employed
BE-11455120,Self-Employed
BE-11455124,Self-Employed
BE-11455139,Self-Employed
BE-114551402,Self-Employed
BE-114551406,Self-Employed
BE-1145527,Self-Employed
BE-1145531,Self-Employed
BE-1145536,Self-Employed
BE-1145545,Self-Employed
BE-1145548,Self-Employed
BE-1145555,Self-Employed
BE-1145558,Self-Employed
BE-1145559,Self-Employed
BE-114557,Self-Employed
BE-114558,Self-Employed
BE-1145582,Self-Employed
BE-1145592,Self-Employed
BE-1145598,Self-Employed
BE-1335103,Self-Employed
BE-1335108,Self-Employed
BE-1335134,Self-Employed
BE-1335136,Self-Employed
BE-133529,Self-Employed
BE-1410110,Consumer
BE-1410111,Consumer
BE-1410129,Consumer
BE-1410137,Consumer
BE-141052,Consumer
BE-141061,Consumer
BE-141071,Consumer
BE-145530,Self-Employed
BE-14554,Self-Employed
BF-100568,Self-Employed
BF-100594,Self-Employed
BF-1020117,Corporate
BF-1020134,Corporate
BF-102022,Corporate
BF-102029,Corporate
BF-102086,Corporate
BF-1080110,Consumer
BF-1080134,Consumer
BF-108023,Consumer
BF-108038,Consumer
BF-108086,Consumer
BF-108095,Consumer
BF-10975118,Corporate
BF-109751402,Corporate
BF-109751406,Corporate
BF-109751408,Corporate
BF-1097518,Corporate
BF-1097527,Corporate
BF-1097536,Corporate
BF-1097545,Corporate
BF-1097558,Corporate
BF-1097559,Corporate
BF-109757,Corporate
BF-109758,Corporate
BF-1097582,Corporate
BF-1097592,Corporate
BF-11005102,Self-Employed
BF-11005130,Self-Employed
BF-110051402,Self-Employed
BF-110051404,Self-Employed
BF-11005143,Self-Employed
BF-1100518,Self-Employed
BF-1100527,Self-Employed
BF-1100536,Self-Employed
BF-1100539,Self-Employed
BF-1100545,Self-Employed
BF-1100548,Self-Employed
BF-1100558,Self-Employed
BF-1100591,Self-Employed
BF-1100592,Self-Employed
BF-11020101,Corporate
BF-11020120,Corporate
BF-110201402,Corporate
BF-110201404,Corporate
BF-110201406,Corporate
BF-110201408,Corporate
BF-1102018,Corporate
BF-1102045,Corporate
BF-1102058,Corporate
BF-1102059,Corporate
BF-1102064,Corporate
BF-1102082,Corporate
BF-1102091,Corporate
BF-1102093,Corporate
BF-1102098,Corporate
BF-11080101,Consumer
BF-11080102,Consumer
BF-1108011,Consumer
BF-11080118,Consumer
BF-11080120,Consumer
BF-11080130,Consumer
BF-110801406,Consumer
BF-110801408,Consumer
BF-1108018,Consumer
BF-1108034,Consumer
BF-1108039,Consumer
BF-1108045,Consumer
BF-1108048,Consumer
BF-1108058,Consumer
BF-1108059,Consumer
BF-110807,Consumer
BF-1108078,Consumer
BF-1108082,Consumer
BF-11170102,Self-Employed
BF-11170139,Self-Employed
BF-111701402,Self-Employed
BF-111701404,Self-Employed
BF-111701406,Self-Employed
BF-111701408,Self-Employed
BF-1117027,Self-Employed
BF-1117031,Self-Employed
BF-1117036,Self-Employed
BF-1117039,Self-Employed
BF-1117045,Self-Employed
BF-1117048,Self-Employed
BF-1117051,Self-Employed
BF-1117055,Self-Employed
BF-1117059,Self-Employed
BF-1117064,Self-Employed
BF-1117082,Self-Employed
BF-1117096,Self-Employed
BF-1117097,Self-Employed
BF-11215102,Self-Employed
BF-112151402,Self-Employed
BF-112151404,Self-Employed
BF-112151406,Self-Employed
BF-11215144,Self-Employed
BF-1121518,Self-Employed
BF-1121527,Self-Employed
BF-1121531,Self-Employed
BF-1121545,Self-Employed
BF-1121548,Self-Employed
BF-1121551,Self-Employed
BF-1121558,Self-Employed
BF-1121559,Self-Employed
BF-1121564,Self-Employed
BF-112157,Self-Employed
BF-112158,Self-Employed
BF-1121582,Self-Employed
BF-1121593,Self-Employed
BF-1121598,Self-Employed
BF-11275120,Corporate
BF-11275139,Corporate
BF-112751404,Corporate
BF-112751408,Corporate
BF-1127518,Corporate
BF-1127531,Corporate
BF-1127536,Corporate
BF-1127545,Corporate
BF-1127548,Corporate
BF-112755,Corporate
BF-1127551,Corporate
BF-1127555,Corporate
BF-1127582,Corporate
BF-1127591,Corporate
BF-1127592,Corporate
BF-1127593,Corporate
BF-1127596,Corporate
BF-1127598,Corporate
BF-1170103,Self-Employed
BF-1170108,Self-Employed
BF-1170146,Self-Employed
BF-117086,Self-Employed
BF-1215147,Self-Employed
BF-121529,Self-Employed
BF-121586,Self-Employed
BF-121595,Self-Employed
BF-1275110,Corporate
BF-1275134,Corporate
BF-1275137,Corporate
BF-127560,Corporate
BF-127561,Corporate
BF-127577,Corporate
BF-975109,Corporate
BF-975110,Corporate
BF-975117,Corporate
BF-975122,Corporate
BF-975134,Corporate
BF-975137,Corporate
BF-97538,Corporate
BF-97595,Corporate
BG-103575,Consumer
BG-110351,Consumer
BG-11035113,Consumer
BG-11035139,Consumer
BG-1103514,Consumer
BG-110351402,Consumer
BG-110351408,Consumer
BG-1103518,Consumer
BG-1103527,Consumer
BG-1103536,Consumer
BG-1103544,Consumer
BG-1103548,Consumer
BG-1103551,Consumer
BG-1103555,Consumer
BG-1103558,Consumer
BG-1103559,Consumer
BG-1103564,Consumer
BG-110357,Consumer
BG-1103582,Consumer
BG-1103597,Consumer
BG-1103598,Consumer
BG-116951402,Corporate
BG-116951404,Corporate
BG-116951406,Corporate
BG-1169518,Corporate
BG-1169527,Corporate
BG-1169531,Corporate
BG-1169558,Corporate
BG-1169559,Corporate
BG-116957,Corporate
BG-1169578,Corporate
BG-1169582,Corporate
BG-1169588,Corporate
BG-1169591,Corporate
BG-1169598,Corporate
BG-11740139,Consumer
BG-117401402,Consumer
BG-117401404,Consumer
BG-117401406,Consumer
BG-117401408,Consumer
BG-1174018,Consumer
BG-1174027,Consumer
BG-1174039,Consumer
BG-1174045,Consumer
BG-1174051,Consumer
BG-1174058,Consumer
BG-117407,Consumer
BG-1174078,Consumer
BG-1174082,Consumer
BG-1174097,Consumer
BG-1695131,Corporate
BG-169530,Corporate
BG-169595,Corporate
BG-1740109,Consumer
BG-1740134,Consumer
BG-174038,Consumer
BG-174060,Consumer
BH-11710124,Consumer
BH-11710139,Consumer
BH-117101402,Consumer
BH-117101404,Consumer
BH-117101406,Consumer
BH-117101408,Consumer
BH-1171018,Consumer
BH-1171039,Consumer
BH-1171045,Consumer
BH-1171048,Consumer
BH-1171051,Consumer
BH-1171055,Consumer
BH-1171059,Consumer
BH-1171065,Consumer
BH-117107,Consumer
BH-1171082,Consumer
BH-1171091,Consumer
BH-1710103,Consumer
BH-1710107,Consumer
BH-1710108,Consumer
BH-1710110,Consumer
BH-1710134,Consumer
BH-171033,Consumer
BH-171038,Consumer
BH-171061,Consumer
BK-11260101,Consumer
BK-1126011,Consumer
BK-11260118,Consumer
BK-11260139,Consumer
BK-112601402,Consumer
BK-112601404,Consumer
BK-112601406,Consumer
BK-1126018,Consumer
BK-1126027,Consumer
BK-1126031,Consumer
BK-1126037,Consumer
BK-1126039,Consumer
BK-1126045,Consumer
BK-1126048,Consumer
BK-1126059,Consumer
BK-112607,Consumer
BK-1126088,Consumer
BK-1126091,Consumer
BK-1260108,Consumer
BK-1260134,Consumer
BK-126074,Consumer
BM-11140139,Consumer
BM-111401402,Consumer
BM-111401404,Consumer
BM-111401406,Consumer
BM-1114018,Consumer
BM-1114028,Consumer
BM-1114039,Consumer
BM-1114045,Consumer
BM-1114048,Consumer
BM-111405,Consumer
BM-1114055,Consumer
BM-1114059,Consumer
BM-1114066,Consumer
BM-111407,Consumer
BM-1114082,Consumer
BM-1114098,Consumer
BM-1140117,Consumer
BM-1140134,Consumer
BM-1140137,Consumer
BM-114061,Consumer
BM-114095,Consumer
BM-11575102,Corporate
BM-115751402,Corporate
BM-115751404,Corporate
BM-115751406,Corporate
BM-1157518,Corporate
BM-1157527,Corporate
BM-1157531,Corporate
BM-1157536,Corporate
BM-1157537,Corporate
BM-1157545,Corporate
BM-1157559,Corporate
BM-115757,Corporate
BM-1157582,Corporate
BM-1157593,Corporate
BM-11650120,Corporate
BM-11650124,Corporate
BM-11650139,Corporate
BM-116501402,Corporate
BM-116501404,Corporate
BM-116501406,Corporate
BM-1165027,Corporate
BM-1165031,Corporate
BM-1165036,Corporate
BM-1165045,Corporate
BM-116507,Corporate
BM-1165082,Corporate
BM-1165092,Corporate
BM-11785120,Consumer
BM-11785139,Consumer
BM-117851402,Consumer
BM-117851404,Consumer
BM-117851406,Consumer
BM-117851408,Consumer
BM-1178527,Consumer
BM-1178528,Consumer
BM-1178545,Consumer
BM-1178548,Consumer
BM-1178555,Consumer
BM-1178558,Consumer
BM-1178559,Consumer
BM-117857,Consumer
BM-117858,Consumer
BM-1178582,Consumer
BM-1178592,Consumer
BM-1178593,Consumer
BM-1575134,Corporate
BM-1575137,Corporate
BM-157533,Corporate
BM-157557,Corporate
BM-157581,Corporate
BM-157587,Corporate
BM-1650103,Corporate
BM-1650111,Corporate
BM-1650134,Corporate
BM-165023,Corporate
BM-165047,Corporate
BM-165060,Corporate
BM-165095,Corporate
BM-1785110,Consumer
BM-1785129,Consumer
BM-1785147,Consumer
BM-17853,Consumer
BM-178538,Consumer
BM-178570,Consumer
BM-178579,Consumer
BM-178586,Consumer
BN-11470130,Corporate
BN-11470139,Corporate
BN-114701402,Corporate
BN-114701404,Corporate
BN-114701406,Corporate
BN-114701408,Corporate
BN-11470143,Corporate
BN-11470144,Corporate
BN-1147018,Corporate
BN-1147027,Corporate
BN-1147039,Corporate
BN-1147045,Corporate
BN-114705,Corporate
BN-1147051,Corporate
BN-1147058,Corporate
BN-1147059,Corporate
BN-1147064,Corporate
BN-114707,Corporate
BN-1147078,Corporate
BN-1147082,Corporate
BN-1147092,Corporate
BN-1147093,Corporate
BN-11515101,Consumer
BN-11515139,Consumer
BN-115151402,Consumer
BN-115151404,Consumer
BN-115151406,Consumer
BN-11515144,Consumer
BN-1151526,Consumer
BN-1151527,Consumer
BN-1151531,Consumer
BN-1151545,Consumer
BN-1151548,Consumer
BN-1151555,Consumer
BN-1151558,Consumer
BN-1151582,Consumer
BN-1151593,Consumer
BN-1470103,Corporate
BN-1470107,Corporate
BN-1470108,Corporate
BN-1470117,Corporate
BN-1470134,Corporate
BN-147033,Corporate
BN-147086,Corporate
BN-1515117,Consumer
BN-1515134,Consumer
BN-151557,Consumer
BN-151560,Consumer
BN-151574,Consumer
BN-151586,Consumer
BO-11350118,Corporate
BO-113501402,Corporate
BO-113501404,Corporate
BO-113501406,Corporate
BO-1135039,Corporate
BO-1135045,Corporate
BO-1135048,Corporate
BO-1135058,Corporate
BO-1135059,Corporate
BO-1135062,Corporate
BO-113507,Corporate
BO-1135078,Corporate
BO-1135082,Corporate
BO-11425102,Consumer
BO-11425120,Consumer
BO-114251406,Consumer
BO-114251408,Consumer
BO-1142518,Consumer
BO-1142527,Consumer
BO-1142531,Consumer
BO-1142545,Consumer
BO-1142548,Consumer
BO-114255,Consumer
BO-1142558,Consumer
BO-1142564,Consumer
BO-114257,Consumer
BO-1142582,Consumer
BO-1142591,Consumer
BO-1350117,Corporate
BO-1350134,Corporate
BO-135094,Corporate
BO-135095,Corporate
BO-1425103,Consumer
BO-1425117,Consumer
BO-14253,Consumer
BO-142533,Consumer
BO-142560,Consumer
BO-142563,Consumer
BO-142575,Consumer
BO-142579,Consumer
BP-1050103,Corporate
BP-1050108,Corporate
BP-1050111,Corporate
BP-1050134,Corporate
BP-1050146,Corporate
BP-105029,Corporate
BP-105095,Corporate
BP-1095126,Corporate
BP-1095131,Corporate
BP-1095137,Corporate
BP-109515,Corporate
BP-109561,Corporate
BP-109595,Corporate
BP-11050139,Corporate
BP-110501402,Corporate
BP-110501404,Corporate
BP-110501406,Corporate
BP-1105018,Corporate
BP-1105027,Corporate
BP-1105036,Corporate
BP-1105039,Corporate
BP-1105045,Corporate
BP-1105048,Corporate
BP-1105064,Corporate
BP-1105082,Corporate
BP-1105092,Corporate
BP-1105097,Corporate
BP-11095102,Corporate
BP-11095120,Corporate
BP-11095124,Corporate
BP-11095130,Corporate
BP-11095139,Corporate
BP-110951402,Corporate
BP-110951404,Corporate
BP-110951406,Corporate
BP-110951408,Corporate
BP-1109518,Corporate
BP-1109527,Corporate
BP-1109536,Corporate
BP-1109545,Corporate
BP-1109548,Corporate
BP-1109565,Corporate
BP-110957,Corporate
BP-1109582,Corporate
BP-1109593,Corporate
BP-11155139,Consumer
BP-111551404,Consumer
BP-111551406,Consumer
BP-111551408,Consumer
BP-1115527,Consumer
BP-1115531,Consumer
BP-1115534,Consumer
BP-1115536,Consumer
BP-1115539,Consumer
BP-1115545,Consumer
BP-1115548,Consumer
BP-1115559,Consumer
BP-1115562,Consumer
BP-1115564,Consumer
BP-111557,Consumer
BP-1115582,Consumer
BP-11185120,Corporate
BP-11185139,Corporate
BP-111851402,Corporate
BP-111851404,Corporate
BP-111851406,Corporate
BP-111851408,Corporate
BP-1118518,Corporate
BP-1118527,Corporate
BP-1118536,Corporate
BP-1118545,Corporate
BP-1118559,Corporate
BP-111857,Corporate
BP-1118582,Corporate
BP-11230120,Consumer
BP-11230139,Consumer
BP-112301402,Consumer
BP-112301404,Consumer
BP-112301406,Consumer
BP-11230144,Consumer
BP-1123018,Consumer
BP-1123027,Consumer
BP-1123028,Consumer
BP-1123031,Consumer
BP-1123051,Consumer
BP-1123055,Consumer
BP-1123058,Consumer
BP-1123064,Consumer
BP-112307,Consumer
BP-1123082,Consumer
BP-1123091,Consumer
BP-11290113,Consumer
BP-11290120,Consumer
BP-11290130,Consumer
BP-11290139,Consumer
BP-112901402,Consumer
BP-112901404,Consumer
BP-112901406,Consumer
BP-112901408,Consumer
BP-11290144,Consumer
BP-1129016,Consumer
BP-1129026,Consumer
BP-1129031,Consumer
BP-1129036,Consumer
BP-1129045,Consumer
BP-1129048,Consumer
BP-1129051,Consumer
BP-1129059,Consumer
BP-112907,Consumer
BP-1129082,Consumer
BP-1129092,Consumer
BP-1129097,Consumer
BP-1129098,Consumer
BP-1155103,Consumer
BP-115523,Consumer
BP-115561,Consumer
BP-115576,Consumer
BP-115586,Consumer
BP-1185103,Corporate
BP-1185134,Corporate
BP-1185136,Corporate
BP-118529,Corporate
BP-118538,Corporate
BP-118595,Corporate
BP-1230108,Consumer
BP-1230110,Consumer
BP-1230133,Consumer
BP-1230134,Consumer
BP-123022,Consumer
BP-12303,Consumer
BP-123095,Consumer
BP-1290110,Consumer
BP-129030,Consumer
BP-12904,Consumer
BP-129060,Consumer
BS-1136511,Corporate
BS-11365139,Corporate
BS-113651402,Corporate
BS-113651404,Corporate
BS-113651406,Corporate
BS-113651408,Corporate
BS-11365143,Corporate
BS-1136518,Corporate
BS-1136531,Corporate
BS-1136536,Corporate
BS-1136539,Corporate
BS-1136545,Corporate
BS-1136548,Corporate
BS-1136558,Corporate
BS-1136565,Corporate
BS-1136566,Corporate
BS-113657,Corporate
BS-1136582,Corporate
BS-1136591,Corporate
BS-1136598,Corporate
BS-11380102,Corporate
BS-1138014,Corporate
BS-113801402,Corporate
BS-113801404,Corporate
BS-113801406,Corporate
BS-11380143,Corporate
BS-1138018,Corporate
BS-1138026,Corporate
BS-1138027,Corporate
BS-1138045,Corporate
BS-1138048,Corporate
BS-113805,Corporate
BS-1138059,Corporate
BS-113807,Corporate
BS-1138082,Corporate
BS-1138092,Corporate
BS-1138093,Corporate
BS-1138098,Corporate
BS-11590102,Corporate
BS-11590139,Corporate
BS-115901402,Corporate
BS-115901404,Corporate
BS-115901406,Corporate
BS-115901408,Corporate
BS-1159018,Corporate
BS-1159027,Corporate
BS-1159039,Corporate
BS-1159045,Corporate
BS-1159055,Corporate
BS-1159058,Corporate
BS-1159062,Corporate
BS-1159066,Corporate
BS-1159092,Corporate
BS-11665102,Consumer
BS-11665120,Consumer
BS-11665124,Consumer
BS-1166514,Consumer
BS-116651402,Consumer
BS-116651404,Consumer
BS-116651406,Consumer
BS-1166518,Consumer
BS-1166528,Consumer
BS-1166545,Consumer
BS-1166548,Consumer
BS-1166555,Consumer
BS-1166558,Consumer
BS-1166562,Consumer
BS-116657,Consumer
BS-1166582,Consumer
BS-1166592,Consumer
BS-1166593,Consumer
BS-11755113,Consumer
BS-11755120,Consumer
BS-11755139,Consumer
BS-117551402,Consumer
BS-117551404,Consumer
BS-117551406,Consumer
BS-1175527,Consumer
BS-1175528,Consumer
BS-1175537,Consumer
BS-1175545,Consumer
BS-1175551,Consumer
BS-1175554,Consumer
BS-1175555,Consumer
BS-1175558,Consumer
BS-1175559,Consumer
BS-1175564,Consumer
BS-117557,Consumer
BS-1175582,Consumer
BS-1175592,Consumer
BS-1175598,Consumer
BS-11800101,Self-Employed
BS-11800139,Self-Employed
BS-118001404,Self-Employed
BS-118001406,Self-Employed
BS-1180018,Self-Employed
BS-1180026,Self-Employed
BS-1180036,Self-Employed
BS-1180045,Self-Employed
BS-1180048,Self-Employed
BS-1180059,Self-Employed
BS-118007,Self-Employed
BS-1180082,Self-Employed
BS-1180092,Self-Employed
BS-136538,Corporate
BS-136549,Corporate
BS-136560,Corporate
BS-136577,Corporate
BS-136583,Corporate
BS-1380110,Corporate
BS-1380147,Corporate
BS-138061,Corporate
BS-138086,Corporate
BS-159015,Corporate
BS-159024,Corporate
BS-159030,Corporate
BS-159047,Corporate
BS-15908,Corporate
BS-1665107,Consumer
BS-1665111,Consumer
BS-1665134,Consumer
BS-166538,Consumer
BS-166560,Consumer
BS-1755117,Consumer
BS-1755122,Consumer
BS-1755134,Consumer
BS-175586,Consumer
BS-175595,Consumer
BS-1800107,Self-Employed
BS-1800117,Self-Employed
BS-1800137,Self-Employed
BS-18004,Self-Employed
BS-180060,Self-Employed
BS-180087,Self-Employed
BS-180095,Self-Employed
BT-11305102,Self-Employed
BT-11305120,Self-Employed
BT-11305124,Self-Employed
BT-11305139,Self-Employed
BT-113051402,Self-Employed
BT-113051404,Self-Employed
BT-1130518,Self-Employed
BT-1130526,Self-Employed
BT-1130531,Self-Employed
BT-1130548,Self-Employed
BT-1130554,Self-Employed
BT-113057,Self-Employed
BT-1130582,Self-Employed
BT-1130591,Self-Employed
BT-11395102,Corporate
BT-11395125,Corporate
BT-11395139,Corporate
BT-113951402,Corporate
BT-113951404,Corporate
BT-113951406,Corporate
BT-1139527,Corporate
BT-1139531,Corporate
BT-1139545,Corporate
BT-1139548,Corporate
BT-1139564,Corporate
BT-113957,Corporate
BT-1139582,Corporate
BT-1139592,Corporate
BT-11440102,Consumer
BT-11440130,Consumer
BT-11440139,Consumer
BT-114401402,Consumer
BT-114401404,Consumer
BT-114401406,Consumer
BT-1144018,Consumer
BT-1144045,Consumer
BT-1144048,Consumer
BT-1144059,Consumer
BT-1144065,Consumer
BT-114407,Consumer
BT-1144082,Consumer
BT-1144088,Consumer
BT-1144091,Consumer
BT-1144093,Consumer
BT-1144098,Consumer
BT-11485101,Self-Employed
BT-11485102,Self-Employed
BT-11485120,Self-Employed
BT-114851406,Self-Employed
BT-1148518,Self-Employed
BT-1148527,Self-Employed
BT-1148528,Self-Employed
BT-1148545,Self-Employed
BT-1148548,Self-Employed
BT-1148550,Self-Employed
BT-1148551,Self-Employed
BT-1148555,Self-Employed
BT-1148558,Self-Employed
BT-1148559,Self-Employed
BT-1148564,Self-Employed
BT-1148566,Self-Employed
BT-114857,Self-Employed
BT-1148582,Self-Employed
BT-1148593,Self-Employed
BT-11530139,Self-Employed
BT-115301404,Self-Employed
BT-115301406,Self-Employed
BT-1153018,Self-Employed
BT-1153027,Self-Employed
BT-1153031,Self-Employed
BT-1153045,Self-Employed
BT-1153048,Self-Employed
BT-115305,Self-Employed
BT-1153058,Self-Employed
BT-1153059,Self-Employed
BT-115307,Self-Employed
BT-1153082,Self-Employed
BT-1153098,Self-Employed
BT-11680139,Consumer
BT-116801402,Consumer
BT-116801404,Consumer
BT-116801406,Consumer
BT-116801408,Consumer
BT-11680144,Consumer
BT-1168026,Consumer
BT-1168027,Consumer
BT-1168055,Consumer
BT-1168059,Consumer
BT-1168064,Consumer
BT-1168066,Consumer
BT-116807,Consumer
BT-1168078,Consumer
BT-1168082,Consumer
BT-1305108,Self-Employed
BT-1305111,Self-Employed
BT-1305117,Self-Employed
BT-130513,Self-Employed
BT-1305147,Self-Employed
BT-130529,Self-Employed
BT-130533,Self-Employed
BT-130549,Self-Employed
BT-130561,Self-Employed
BT-130568,Self-Employed
BT-1395108,Corporate
BT-1395147,Corporate
BT-139586,Corporate
BT-1440111,Consumer
BT-1440134,Consumer
BT-1440135,Consumer
BT-1440137,Consumer
BT-144033,Consumer
BT-144086,Consumer
BT-144095,Consumer
BT-1485110,Self-Employed
BT-1485117,Self-Employed
BT-1485134,Self-Employed
BT-1485135,Self-Employed
BT-14853,Self-Employed
BT-148587,Self-Employed
BT-1530126,Self-Employed
BT-153023,Self-Employed
BT-153053,Self-Employed
BT-153060,Self-Employed
BT-153095,Self-Employed
BT-1680137,Consumer
BT-168022,Consumer
BT-168038,Consumer
BT-16808,Consumer
BV-11245101,Corporate
BV-11245120,Corporate
BV-11245130,Corporate
BV-11245139,Corporate
BV-112451402,Corporate
BV-112451404,Corporate
BV-112451406,Corporate
BV-112451408,Corporate
BV-1124527,Corporate
BV-1124528,Corporate
BV-1124545,Corporate
BV-1124548,Corporate
BV-1124564,Corporate
BV-1124582,Corporate
BV-1124599,Corporate
BV-1245134,Corporate
BV-124560,Corporate
BW-1065117,Consumer
BW-106523,Consumer
BW-106533,Consumer
BW-11065139,Consumer
BW-110651406,Consumer
BW-110651408,Consumer
BW-1106518,Consumer
BW-1106536,Consumer
BW-1106545,Consumer
BW-1106548,Consumer
BW-1106555,Consumer
BW-1106559,Consumer
BW-1106564,Consumer
BW-110657,Consumer
BW-1106597,Consumer
BW-1106598,Consumer
BW-1110117,Corporate
BW-1110137,Corporate
BW-111022,Corporate
BW-111023,Corporate
BW-111029,Corporate
BW-111060,Corporate
BW-111061,Corporate
BW-111067,Corporate
BW-111086,Corporate
BW-11110120,Corporate
BW-11110139,Corporate
BW-111101402,Corporate
BW-111101404,Corporate
BW-111101406,Corporate
BW-111101408,Corporate
BW-1111021,Corporate
BW-1111027,Corporate
BW-1111036,Corporate
BW-1111045,Corporate
BW-111105,Corporate
BW-1111058,Corporate
BW-1111059,Corporate
BW-1111066,Corporate
BW-111107,Corporate
BW-1111082,Corporate
BW-1111092,Corporate
BW-1111096,Corporate
BW-112001402,Consumer
BW-112001404,Consumer
BW-112001406,Consumer
BW-112001408,Consumer
BW-1120018,Consumer
BW-1120026,Consumer
BW-1120027,Consumer
BW-1120045,Consumer
BW-1120048,Consumer
BW-112005,Consumer
BW-1120058,Consumer
BW-1120059,Consumer
BW-112007,Consumer
BW-1120082,Consumer
BW-1120092,Consumer
BW-1120098,Consumer
BW-1200103,Consumer
BW-1200122,Consumer
BW-120086,Consumer
BW-120095,Consumer
CA-11965102,Corporate
CA-11965120,Corporate
CA-11965139,Corporate
CA-119651402,Corporate
CA-119651404,Corporate
CA-119651406,Corporate
CA-119651408,Corporate
CA-1196518,Corporate
CA-1196527,Corporate
CA-1196531,Corporate
CA-1196545,Corporate
CA-1196548,Corporate
CA-119655,Corporate
CA-1196559,Corporate
CA-1196564,Corporate
CA-1196566,Corporate
CA-119657,Corporate
CA-1196582,Corporate
CA-120551,Self-Employed
CA-12055118,Self-Employed
CA-12055120,Self-Employed
CA-120551402,Self-Employed
CA-120551404,Self-Employed
CA-120551406,Self-Employed
CA-1205531,Self-Employed
CA-1205539,Self-Employed
CA-1205545,Self-Employed
CA-1205548,Self-Employed
CA-1205558,Self-Employed
CA-120557,Self-Employed
CA-1205582,Self-Employed
CA-1205591,Self-Employed
CA-1205597,Self-Employed
CA-12265102,Consumer
CA-12265113,Consumer
CA-12265139,Consumer
CA-122651402,Consumer
CA-122651404,Consumer
CA-122651406,Consumer
CA-122651408,Consumer
CA-1226518,Consumer
CA-1226527,Consumer
CA-1226539,Consumer
CA-1226545,Consumer
CA-1226551,Consumer
CA-1226558,Consumer
CA-1226559,Consumer
CA-1226582,Consumer
CA-1226592,Consumer
CA-1231011,Corporate
CA-12310139,Corporate
CA-123101402,Corporate
CA-123101404,Corporate
CA-123101406,Corporate
CA-1231031,Corporate
CA-1231045,Corporate
CA-1231048,Corporate
CA-1231051,Corporate
CA-1231058,Corporate
CA-1231059,Corporate
CA-123107,Corporate
CA-1231082,Corporate
CA-127751402,Consumer
CA-127751404,Consumer
CA-127751406,Consumer
CA-127751408,Consumer
CA-1277518,Consumer
CA-1277531,Consumer
CA-1277545,Consumer
CA-1277548,Consumer
CA-127755,Consumer
CA-1277555,Consumer
CA-1277558,Consumer
CA-127757,Consumer
CA-1277582,Consumer
CA-1277592,Consumer
CA-1965107,Corporate
CA-1965122,Corporate
CA-1965134,Corporate
CA-1965136,Corporate
CA-196529,Corporate
CA-196560,Corporate
CA-196568,Corporate
CA-19658,Corporate
CA-205523,Self-Employed
CA-205560,Self-Employed
CA-205561,Self-Employed
CA-2265108,Consumer
CA-2265122,Consumer
CA-2265134,Consumer
CA-226519,Consumer
CA-226560,Consumer
CA-226561,Consumer
CA-2310117,Corporate
CA-23103,Corporate
CA-23104,Corporate
CA-231061,Corporate
CA-23109,Corporate
CA-2775117,Consumer
CA-2775134,Consumer
CA-2775137,Consumer
CA-277595,Consumer
CB-12025102,Consumer
CB-120251402,Consumer
CB-120251404,Consumer
CB-120251406,Consumer
CB-120251408,Consumer
CB-1202528,Consumer
CB-1202531,Consumer
CB-1202545,Consumer
CB-1202548,Consumer
CB-1202558,Consumer
CB-1202559,Consumer
CB-1202564,Consumer
CB-120257,Consumer
CB-1202582,Consumer
CB-1202593,Consumer
CB-1202599,Consumer
CB-12415139,Consumer
CB-124151402,Consumer
CB-124151404,Consumer
CB-124151406,Consumer
CB-1241518,Consumer
CB-1241545,Consumer
CB-1241548,Consumer
CB-1241555,Consumer
CB-1241564,Consumer
CB-1241566,Consumer
CB-1241582,Consumer
CB-1241593,Consumer
CB-1241598,Consumer
CB-12535120,Corporate
CB-12535139,Corporate
CB-125351404,Corporate
CB-125351406,Corporate
CB-125351408,Corporate
CB-1253527,Corporate
CB-1253531,Corporate
CB-1253539,Corporate
CB-1253545,Corporate
CB-1253548,Corporate
CB-1253551,Corporate
CB-1253555,Corporate
CB-1253564,Corporate
CB-125357,Corporate
CB-1253582,Corporate
CB-1253592,Corporate
CB-1253593,Corporate
CB-2025103,Consumer
CB-2025107,Consumer
CB-2025137,Consumer
CB-202560,Consumer
CB-202561,Consumer
CB-2415111,Consumer
CB-2415134,Consumer
CB-241561,Consumer
CB-2535134,Corporate
CB-253595,Corporate
CC-121001402,Self-Employed
CC-121001404,Self-Employed
CC-121001406,Self-Employed
CC-1210018,Self-Employed
CC-1210027,Self-Employed
CC-1210045,Self-Employed
CC-1210055,Self-Employed
CC-1210058,Self-Employed
CC-1210059,Self-Employed
CC-1210064,Self-Employed
CC-1210082,Self-Employed
CC-1210096,Self-Employed
CC-12145139,Consumer
CC-121451402,Consumer
CC-121451404,Consumer
CC-1214545,Consumer
CC-1214548,Consumer
CC-121455,Consumer
CC-1214555,Consumer
CC-1214558,Consumer
CC-1214559,Consumer
CC-121457,Consumer
CC-1214580,Consumer
CC-1214592,Consumer
CC-1214596,Consumer
CC-1214597,Consumer
CC-12220102,Consumer
CC-1222011,Consumer
CC-12220120,Consumer
CC-12220139,Consumer
CC-122201402,Consumer
CC-122201404,Consumer
CC-122201406,Consumer
CC-122201408,Consumer
CC-1222018,Consumer
CC-1222036,Consumer
CC-1222045,Consumer
CC-1222048,Consumer
CC-122205,Consumer
CC-1222055,Consumer
CC-1222066,Consumer
CC-122207,Consumer
CC-1222082,Consumer
CC-1237011,Consumer
CC-12370118,Consumer
CC-12370120,Consumer
CC-12370139,Consumer
CC-123701402,Consumer
CC-123701404,Consumer
CC-123701406,Consumer
CC-123701408,Consumer
CC-12370143,Consumer
CC-1237026,Consumer
CC-1237027,Consumer
CC-1237045,Consumer
CC-1237048,Consumer
CC-1237058,Consumer
CC-1237059,Consumer
CC-123708,Consumer
CC-1237082,Consumer
CC-1237092,Consumer
CC-12430102,Self-Employed
CC-1243011,Self-Employed
CC-124301402,Self-Employed
CC-124301404,Self-Employed
CC-124301406,Self-Employed
CC-1243027,Self-Employed
CC-1243045,Self-Employed
CC-1243051,Self-Employed
CC-1243055,Self-Employed
CC-1243058,Self-Employed
CC-1243059,Self-Employed
CC-124307,Self-Employed
CC-1243078,Self-Employed
CC-1243082,Self-Employed
CC-12475102,Consumer
CC-12475120,Consumer
CC-12475139,Consumer
CC-124751402,Consumer
CC-124751404,Consumer
CC-124751406,Consumer
CC-1247518,Consumer
CC-1247527,Consumer
CC-1247531,Consumer
CC-1247545,Consumer
CC-1247555,Consumer
CC-1247558,Consumer
CC-1247559,Consumer
CC-1247566,Consumer
CC-124757,Consumer
CC-1247582,Consumer
CC-12550101,Consumer
CC-1255011,Consumer
CC-12550124,Consumer
CC-12550139,Consumer
CC-125501402,Consumer
CC-125501404,Consumer
CC-12550143,Consumer
CC-1255027,Consumer
CC-1255036,Consumer
CC-1255039,Consumer
CC-1255045,Consumer
CC-1255055,Consumer
CC-1255064,Consumer
CC-125507,Consumer
CC-1255082,Consumer
CC-12610118,Corporate
CC-12610139,Corporate
CC-126101402,Corporate
CC-126101404,Corporate
CC-126101406,Corporate
CC-126101408,Corporate
CC-1261018,Corporate
CC-1261027,Corporate
CC-1261045,Corporate
CC-1261048,Corporate
CC-1261058,Corporate
CC-126107,Corporate
CC-1261082,Corporate
CC-12670101,Consumer
CC-12670102,Consumer
CC-12670125,Consumer
CC-126701402,Consumer
CC-126701404,Consumer
CC-126701406,Consumer
CC-126701408,Consumer
CC-12670144,Consumer
CC-1267027,Consumer
CC-1267028,Consumer
CC-1267039,Consumer
CC-1267045,Consumer
CC-1267058,Consumer
CC-1267059,Consumer
CC-1267064,Consumer
CC-126707,Consumer
CC-1267082,Consumer
CC-1267093,Consumer
CC-1267097,Consumer
CC-12685139,Consumer
CC-126851402,Consumer
CC-126851406,Consumer
CC-126851408,Consumer
CC-1268545,Consumer
CC-1268548,Consumer
CC-1268551,Consumer
CC-1268555,Consumer
CC-1268558,Consumer
CC-1268559,Consumer
CC-126857,Consumer
CC-126858,Consumer
CC-1268591,Consumer
CC-2100108,Self-Employed
CC-2100134,Self-Employed
CC-21003,Self-Employed
CC-210038,Self-Employed
CC-210057,Self-Employed
CC-2145112,Consumer
CC-2145117,Consumer
CC-2145134,Consumer
CC-214561,Consumer
CC-214569,Consumer
CC-2220103,Consumer
CC-2220110,Consumer
CC-2220134,Consumer
CC-2220137,Consumer
CC-222023,Consumer
CC-22203,Consumer
CC-222079,Consumer
CC-222095,Consumer
CC-2370103,Consumer
CC-2370108,Consumer
CC-2370134,Consumer
CC-2370145,Consumer
CC-23703,Consumer
CC-237033,Consumer
CC-237038,Consumer
CC-237060,Consumer
CC-237061,Consumer
CC-24303,Self-Employed
CC-243060,Self-Employed
CC-2475134,Consumer
CC-247519,Consumer
CC-247523,Consumer
CC-247538,Consumer
CC-24754,Consumer
CC-247587,Consumer
CC-247595,Consumer
CC-2550108,Consumer
CC-2550137,Consumer
CC-255038,Consumer
CC-255095,Consumer
CC-2610103,Corporate
CC-2610110,Corporate
CC-2610134,Corporate
CC-2670134,Consumer
CC-267015,Consumer
CC-267047,Consumer
CC-267049,Consumer
CC-267060,Consumer
CC-267071,Consumer
CC-2685117,Consumer
CC-2685134,Consumer
CC-268586,Consumer
CD-11920102,Consumer
CD-11920120,Consumer
CD-119201402,Consumer
CD-119201404,Consumer
CD-119201406,Consumer
CD-1192021,Consumer
CD-1192026,Consumer
CD-1192027,Consumer
CD-1192031,Consumer
CD-1192039,Consumer
CD-1192045,Consumer
CD-119205,Consumer
CD-1192059,Consumer
CD-1192064,Consumer
CD-1192082,Consumer
CD-1192098,Consumer
CD-11980130,Consumer
CD-11980139,Consumer
CD-119801402,Consumer
CD-119801404,Consumer
CD-119801406,Consumer
CD-1198027,Consumer
CD-1198036,Consumer
CD-1198045,Consumer
CD-1198048,Consumer
CD-1198051,Consumer
CD-1198055,Consumer
CD-119807,Consumer
CD-1198082,Consumer
CD-1198093,Consumer
CD-122801404,Consumer
CD-122801406,Consumer
CD-12280143,Consumer
CD-1228018,Consumer
CD-1228027,Consumer
CD-1228036,Consumer
CD-1228044,Consumer
CD-1228045,Consumer
CD-1228048,Consumer
CD-1228051,Consumer
CD-1228055,Consumer
CD-1228058,Consumer
CD-1228059,Consumer
CD-122807,Consumer
CD-122808,Consumer
CD-1228082,Consumer
CD-1228088,Consumer
CD-12790139,Self-Employed
CD-127901402,Self-Employed
CD-127901404,Self-Employed
CD-127901406,Self-Employed
CD-1279018,Self-Employed
CD-1279027,Self-Employed
CD-1279044,Self-Employed
CD-1279045,Self-Employed
CD-1279048,Self-Employed
CD-127905,Self-Employed
CD-1279064,Self-Employed
CD-1279078,Self-Employed
CD-1279080,Self-Employed
CD-1279082,Self-Employed
CD-1920108,Consumer
CD-1920117,Consumer
CD-192061,Consumer
CD-192095,Consumer
CD-1980111,Consumer
CD-198023,Consumer
CD-198060,Consumer
CD-198077,Consumer
CD-198095,Consumer
CD-2280117,Consumer
CD-2280136,Consumer
CD-2280137,Consumer
CD-228032,Consumer
CD-228052,Consumer
CD-228060,Consumer
CD-228095,Consumer
CD-2790117,Self-Employed
CD-279013,Self-Employed
CD-2790134,Self-Employed
CD-27903,Self-Employed
CD-279069,Self-Employed
CD-279095,Self-Employed
CG-12040102,Self-Employed
CG-12040120,Self-Employed
CG-120401402,Self-Employed
CG-120401404,Self-Employed
CG-120401406,Self-Employed
CG-120401408,Self-Employed
CG-1204018,Self-Employed
CG-1204027,Self-Employed
CG-1204031,Self-Employed
CG-1204055,Self-Employed
CG-1204058,Self-Employed
CG-1204059,Self-Employed
CG-1204062,Self-Employed
CG-1204082,Self-Employed
CG-1204092,Self-Employed
CG-12520120,Consumer
CG-12520130,Consumer
CG-12520139,Consumer
CG-125201402,Consumer
CG-125201408,Consumer
CG-1252031,Consumer
CG-1252045,Consumer
CG-1252051,Consumer
CG-1252055,Consumer
CG-1252058,Consumer
CG-1252059,Consumer
CG-125207,Consumer
CG-2040134,Self-Employed
CG-2040147,Self-Employed
CG-204095,Self-Employed
CG-2520107,Consumer
CG-2520129,Consumer
CG-252038,Consumer
CG-252060,Consumer
CG-252063,Consumer
CG-252095,Consumer
CH-12070102,Self-Employed
CH-12070125,Self-Employed
CH-12070139,Self-Employed
CH-120701402,Self-Employed
CH-120701406,Self-Employed
CH-120701408,Self-Employed
CH-1207018,Self-Employed
CH-1207021,Self-Employed
CH-1207027,Self-Employed
CH-1207036,Self-Employed
CH-1207045,Self-Employed
CH-1207048,Self-Employed
CH-120705,Self-Employed
CH-1207059,Self-Employed
CH-1207082,Self-Employed
CH-2070134,Self-Employed
CH-2070146,Self-Employed
CH-207032,Self-Employed
CH-207057,Self-Employed
CH-207060,Self-Employed
CH-207077,Self-Employed
CH-207095,Self-Employed
CJ-11875120,Corporate
CJ-11875139,Corporate
CJ-118751406,Corporate
CJ-1187518,Corporate
CJ-1187527,Corporate
CJ-1187539,Corporate
CJ-1187545,Corporate
CJ-1187548,Corporate
CJ-118755,Corporate
CJ-1187551,Corporate
CJ-1187559,Corporate
CJ-1187564,Corporate
CJ-118757,Corporate
CJ-1187592,Corporate
CJ-1187593,Corporate
CJ-1187597,Corporate
CJ-12010124,Consumer
CJ-120101402,Consumer
CJ-120101404,Consumer
CJ-120101406,Consumer
CJ-120101408,Consumer
CJ-12010141,Consumer
CJ-12010144,Consumer
CJ-1201027,Consumer
CJ-1201031,Consumer
CJ-1201039,Consumer
CJ-1201045,Consumer
CJ-120105,Consumer
CJ-1201058,Consumer
CJ-1201059,Consumer
CJ-1201064,Consumer
CJ-1201082,Consumer
CJ-1201091,Consumer
CJ-1201098,Consumer
CJ-1875103,Corporate
CJ-1875129,Corporate
CJ-1875134,Corporate
CJ-187519,Corporate
CJ-187538,Corporate
CJ-187560,Corporate
CJ-201023,Consumer
CJ-201086,Consumer
CK-12205102,Consumer
CK-12205139,Consumer
CK-122051402,Consumer
CK-122051404,Consumer
CK-122051406,Consumer
CK-122051408,Consumer
CK-1220518,Consumer
CK-1220527,Consumer
CK-1220528,Consumer
CK-122055,Consumer
CK-1220555,Consumer
CK-1220564,Consumer
CK-122057,Consumer
CK-1220582,Consumer
CK-1220597,Consumer
CK-1220598,Consumer
CK-12325130,Self-Employed
CK-12325139,Self-Employed
CK-123251404,Self-Employed
CK-123251406,Self-Employed
CK-123251408,Self-Employed
CK-1232516,Self-Employed
CK-1232527,Self-Employed
CK-1232531,Self-Employed
CK-1232536,Self-Employed
CK-1232539,Self-Employed
CK-1232545,Self-Employed
CK-1232548,Self-Employed
CK-123255,Self-Employed
CK-1232564,Self-Employed
CK-1232566,Self-Employed
CK-123257,Self-Employed
CK-1232592,Self-Employed
CK-1232593,Self-Employed
CK-1232597,Self-Employed
CK-12595124,Consumer
CK-12595139,Consumer
CK-1259514,Consumer
CK-125951402,Consumer
CK-125951404,Consumer
CK-125951406,Consumer
CK-125951408,Consumer
CK-12595141,Consumer
CK-1259527,Consumer
CK-1259528,Consumer
CK-1259536,Consumer
CK-1259545,Consumer
CK-1259548,Consumer
CK-1259551,Consumer
CK-1259555,Consumer
CK-1259559,Consumer
CK-1259564,Consumer
CK-125957,Consumer
CK-1259582,Consumer
CK-1259592,Consumer
CK-12760120,Corporate
CK-12760130,Corporate
CK-12760139,Corporate
CK-127601402,Corporate
CK-127601404,Corporate
CK-127601406,Corporate
CK-127601408,Corporate
CK-12760143,Corporate
CK-1276028,Corporate
CK-1276031,Corporate
CK-1276036,Corporate
CK-1276044,Corporate
CK-1276045,Corporate
CK-1276051,Corporate
CK-127607,Corporate
CK-1276078,Corporate
CK-1276082,Corporate
CK-1276098,Corporate
CK-2205134,Consumer
CK-2205137,Consumer
CK-2205145,Consumer
CK-220561,Consumer
CK-220595,Consumer
CK-2325110,Self-Employed
CK-2325129,Self-Employed
CK-2325137,Self-Employed
CK-2325147,Self-Employed
CK-232529,Self-Employed
CK-232538,Self-Employed
CK-232561,Self-Employed
CK-23258,Self-Employed
CK-2595146,Consumer
CK-259538,Consumer
CK-259560,Consumer
CK-2760108,Corporate
CK-2760110,Corporate
CK-2760111,Corporate
CK-2760117,Corporate
CK-2760129,Corporate
CK-2760134,Corporate
CK-276038,Corporate
CK-276042,Corporate
CK-276060,Corporate
CK-276061,Corporate
CK-276063,Corporate
CK-276086,Corporate
CL-11890100,Consumer
CL-11890120,Consumer
CL-118901402,Consumer
CL-118901404,Consumer
CL-118901406,Consumer
CL-1189018,Consumer
CL-1189027,Consumer
CL-1189031,Consumer
CL-1189036,Consumer
CL-1189039,Consumer
CL-1189045,Consumer
CL-1189048,Consumer
CL-1189051,Consumer
CL-1189059,Consumer
CL-1189062,Consumer
CL-1189064,Consumer
CL-1189066,Consumer
CL-118907,Consumer
CL-1189082,Consumer
CL-1189093,Consumer
CL-1189097,Consumer
CL-12565120,Consumer
CL-12565124,Consumer
CL-12565139,Consumer
CL-125651402,Consumer
CL-125651404,Consumer
CL-125651406,Consumer
CL-125651408,Consumer
CL-1256518,Consumer
CL-1256526,Consumer
CL-1256527,Consumer
CL-1256531,Consumer
CL-1256536,Consumer
CL-1256545,Consumer
CL-1256548,Consumer
CL-1256555,Consumer
CL-1256591,Consumer
CL-12700102,Self-Employed
CL-12700139,Self-Employed
CL-127001402,Self-Employed
CL-127001404,Self-Employed
CL-127001406,Self-Employed
CL-127001408,Self-Employed
CL-12700144,Self-Employed
CL-1270018,Self-Employed
CL-1270027,Self-Employed
CL-1270031,Self-Employed
CL-1270045,Self-Employed
CL-1270048,Self-Employed
CL-1270058,Self-Employed
CL-1270064,Self-Employed
CL-1270066,Self-Employed
CL-1270082,Self-Employed
CL-1270091,Self-Employed
CL-1270092,Self-Employed
CL-1270093,Self-Employed
CL-1890103,Consumer
CL-1890110,Consumer
CL-1890117,Consumer
CL-1890134,Consumer
CL-189022,Consumer
CL-189023,Consumer
CL-189033,Consumer
CL-189069,Consumer
CL-189095,Consumer
CL-2565134,Consumer
CL-256522,Consumer
CL-25653,Consumer
CL-256560,Consumer
CL-256579,Consumer
CL-256586,Consumer
CL-2700110,Self-Employed
CL-2700134,Self-Employed
CL-270029,Self-Employed
CL-270038,Self-Employed
CM-11815101,Corporate
CM-11815120,Corporate
CM-11815130,Corporate
CM-118151402,Corporate
CM-118151404,Corporate
CM-1181528,Corporate
CM-1181545,Corporate
CM-1181548,Corporate
CM-1181555,Corporate
CM-1181564,Corporate
CM-118157,Corporate
CM-1181582,Corporate
CM-1181597,Corporate
CM-1181598,Corporate
CM-11830120,Corporate
CM-11830139,Corporate
CM-11830144,Corporate
CM-1183018,Corporate
CM-1183027,Corporate
CM-1183028,Corporate
CM-1183034,Corporate
CM-1183045,Corporate
CM-1183048,Corporate
CM-1183055,Corporate
CM-1183059,Corporate
CM-118307,Corporate
CM-1183082,Corporate
CM-1183091,Corporate
CM-1183093,Corporate
CM-1183097,Corporate
CM-11935120,Consumer
CM-11935130,Consumer
CM-119351404,Consumer
CM-119351408,Consumer
CM-1193518,Consumer
CM-1193527,Consumer
CM-1193531,Consumer
CM-1193536,Consumer
CM-1193544,Consumer
CM-1193545,Consumer
CM-1193548,Consumer
CM-1193559,Consumer
CM-1193562,Consumer
CM-119357,Consumer
CM-119358,Consumer
CM-1193592,Consumer
CM-12115125,Consumer
CM-121151404,Consumer
CM-121151406,Consumer
CM-12115144,Consumer
CM-1211516,Consumer
CM-1211518,Consumer
CM-1211527,Consumer
CM-1211528,Consumer
CM-1211545,Consumer
CM-121155,Consumer
CM-1211555,Consumer
CM-1211558,Consumer
CM-1211564,Consumer
CM-1211566,Consumer
CM-121157,Consumer
CM-1211578,Consumer
CM-12160102,Consumer
CM-12160118,Consumer
CM-12160139,Consumer
CM-1216014,Consumer
CM-121601402,Consumer
CM-121601404,Consumer
CM-121601406,Consumer
CM-1216027,Consumer
CM-1216045,Consumer
CM-1216048,Consumer
CM-121605,Consumer
CM-1216055,Consumer
CM-1216059,Consumer
CM-1216064,Consumer
CM-121607,Consumer
CM-1216082,Consumer
CM-1216093,Consumer
CM-12190102,Consumer
CM-12190130,Consumer
CM-12190139,Consumer
CM-121901402,Consumer
CM-121901404,Consumer
CM-121901406,Consumer
CM-1219027,Consumer
CM-1219031,Consumer
CM-1219045,Consumer
CM-121905,Consumer
CM-1219064,Consumer
CM-121907,Consumer
CM-1219082,Consumer
CM-1219093,Consumer
CM-1219097,Consumer
CM-12235120,Consumer
CM-12235130,Consumer
CM-12235139,Consumer
CM-122351402,Consumer
CM-122351404,Consumer
CM-122351406,Consumer
CM-122351408,Consumer
CM-1223518,Consumer
CM-1223527,Consumer
CM-1223528,Consumer
CM-1223539,Consumer
CM-1223545,Consumer
CM-1223548,Consumer
CM-1223558,Consumer
CM-122357,Consumer
CM-1223593,Consumer
CM-1223597,Consumer
CM-12385102,Consumer
CM-12385104,Consumer
CM-12385118,Consumer
CM-123851402,Consumer
CM-123851404,Consumer
CM-123851408,Consumer
CM-1238518,Consumer
CM-1238527,Consumer
CM-1238531,Consumer
CM-1238537,Consumer
CM-1238539,Consumer
CM-1238548,Consumer
CM-1238551,Consumer
CM-1238558,Consumer
CM-1238559,Consumer
CM-1238562,Consumer
CM-1238564,Consumer
CM-1238566,Consumer
CM-123857,Consumer
CM-1238582,Consumer
CM-1238597,Consumer
CM-12445102,Consumer
CM-12445139,Consumer
CM-124451402,Consumer
CM-124451404,Consumer
CM-1244518,Consumer
CM-1244521,Consumer
CM-1244545,Consumer
CM-1244554,Consumer
CM-1244566,Consumer
CM-124457,Consumer
CM-124458,Consumer
CM-1244582,Consumer
CM-1244598,Consumer
CM-12655124,Self-Employed
CM-126551402,Self-Employed
CM-126551404,Self-Employed
CM-126551406,Self-Employed
CM-126551408,Self-Employed
CM-12655143,Self-Employed
CM-1265527,Self-Employed
CM-1265531,Self-Employed
CM-1265536,Self-Employed
CM-1265545,Self-Employed
CM-1265559,Self-Employed
CM-1265582,Self-Employed
CM-1265592,Self-Employed
CM-1265593,Self-Employed
CM-1265597,Self-Employed
CM-12715118,Corporate
CM-12715120,Corporate
CM-12715139,Corporate
CM-127151402,Corporate
CM-127151404,Corporate
CM-127151406,Corporate
CM-1271518,Corporate
CM-1271527,Corporate
CM-1271531,Corporate
CM-1271539,Corporate
CM-1271545,Corporate
CM-1271548,Corporate
CM-1271554,Corporate
CM-1271558,Corporate
CM-127158,Corporate
CM-1271582,Corporate
CM-1271598,Corporate
CM-1815129,Corporate
CM-1815137,Corporate
CM-181533,Corporate
CM-181586,Corporate
CM-1830107,Corporate
CM-1830108,Corporate
CM-1830110,Corporate
CM-1830117,Corporate
CM-1830134,Corporate
CM-183033,Corporate
CM-183060,Corporate
CM-183095,Corporate
CM-1935137,Consumer
CM-1935146,Consumer
CM-193560,Consumer
CM-19359,Consumer
CM-193595,Consumer
CM-2115108,Consumer
CM-2115129,Consumer
CM-211538,Consumer
CM-2160117,Consumer
CM-21603,Consumer
CM-216038,Consumer
CM-216061,Consumer
CM-219057,Consumer
CM-219081,Consumer
CM-219086,Consumer
CM-219095,Consumer
CM-2235134,Consumer
CM-223560,Consumer
CM-223561,Consumer
CM-223595,Consumer
CM-2385110,Consumer
CM-2385117,Consumer
CM-238587,Consumer
CM-238595,Consumer
CM-2445111,Consumer
CM-2445134,Consumer
CM-244532,Consumer
CM-244563,Consumer
CM-2655133,Self-Employed
CM-2655134,Self-Employed
CM-2655136,Self-Employed
CM-2655137,Self-Employed
CM-265517,Self-Employed
CM-265519,Self-Employed
CM-26554,Self-Employed
CM-265560,Self-Employed
CM-265586,Self-Employed
CM-265595,Self-Employed
CM-2715107,Corporate
CM-2715117,Corporate
CM-2715134,Corporate
CM-271560,Corporate
CM-271561,Corporate
CM-271586,Corporate
CM-271595,Corporate
CP-12085124,Corporate
CP-12085130,Corporate
CP-120851402,Corporate
CP-120851404,Corporate
CP-120851406,Corporate
CP-120851408,Corporate
CP-12085143,Corporate
CP-1208518,Corporate
CP-1208527,Corporate
CP-1208531,Corporate
CP-1208539,Corporate
CP-1208545,Corporate
CP-1208548,Corporate
CP-1208559,Corporate
CP-1208593,Corporate
CP-1208598,Corporate
CP-12340120,Corporate
CP-12340139,Corporate
CP-123401404,Corporate
CP-123401406,Corporate
CP-123401408,Corporate
CP-12340143,Corporate
CP-1234018,Corporate
CP-1234027,Corporate
CP-1234031,Corporate
CP-1234036,Corporate
CP-1234039,Corporate
CP-1234045,Corporate
CP-1234048,Corporate
CP-1234051,Corporate
CP-1234058,Corporate
CP-1234066,Corporate
CP-123407,Corporate
CP-1234082,Corporate
CP-1234091,Corporate
CP-1234097,Corporate
CP-2085108,Corporate
CP-2085110,Corporate
CP-2085117,Corporate
CP-2085134,Corporate
CP-208523,Corporate
CP-20853,Corporate
CP-208560,Corporate
CP-208563,Corporate
CP-2340117,Corporate
CP-23403,Corporate
CP-234061,Corporate
CP-234086,Corporate
CR-12580139,Self-Employed
CR-125801402,Self-Employed
CR-125801404,Self-Employed
CR-125801406,Self-Employed
CR-12580144,Self-Employed
CR-1258039,Self-Employed
CR-1258048,Self-Employed
CR-1258051,Self-Employed
CR-1258058,Self-Employed
CR-1258064,Self-Employed
CR-125807,Self-Employed
CR-1258082,Self-Employed
CR-1258097,Self-Employed
CR-12625102,Self-Employed
CR-12625118,Self-Employed
CR-12625120,Self-Employed
CR-12625139,Self-Employed
CR-126251402,Self-Employed
CR-126251406,Self-Employed
CR-126251408,Self-Employed
CR-1262518,Self-Employed
CR-1262527,Self-Employed
CR-1262539,Self-Employed
CR-1262545,Self-Employed
CR-1262551,Self-Employed
CR-1262555,Self-Employed
CR-1262558,Self-Employed
CR-1262559,Self-Employed
CR-1262564,Self-Employed
CR-126257,Self-Employed
CR-1262582,Self-Employed
CR-1262598,Self-Employed
CR-1273011,Consumer
CR-12730113,Consumer
CR-12730120,Consumer
CR-12730139,Consumer
CR-127301402,Consumer
CR-127301406,Consumer
CR-1273018,Consumer
CR-1273028,Consumer
CR-1273045,Consumer
CR-127305,Consumer
CR-1273051,Consumer
CR-1273058,Consumer
CR-1273059,Consumer
CR-127307,Consumer
CR-1273082,Consumer
CR-1282011,Self-Employed
CR-12820120,Self-Employed
CR-128201402,Self-Employed
CR-128201406,Self-Employed
CR-128201408,Self-Employed
CR-12820143,Self-Employed
CR-1282018,Self-Employed
CR-1282027,Self-Employed
CR-1282045,Self-Employed
CR-1282048,Self-Employed
CR-1282051,Self-Employed
CR-1282055,Self-Employed
CR-1282058,Self-Employed
CR-128207,Self-Employed
CR-128208,Self-Employed
CR-1282082,Self-Employed
CR-1282093,Self-Employed
CR-2580137,Self-Employed
CR-258038,Self-Employed
CR-258060,Self-Employed
CR-258095,Self-Employed
CR-2625108,Self-Employed
CR-2625110,Self-Employed
CR-2625134,Self-Employed
CR-262523,Self-Employed
CR-262538,Self-Employed
CR-262586,Self-Employed
CR-262587,Self-Employed
CR-262595,Self-Employed
CR-2730107,Consumer
CR-2730128,Consumer
CR-2730134,Consumer
CR-27303,Consumer
CR-273038,Consumer
CR-273070,Consumer
CR-273095,Consumer
CR-2820103,Self-Employed
CR-2820134,Self-Employed
CR-28203,Self-Employed
CR-282060,Self-Employed
CR-282086,Self-Employed
CR-282095,Self-Employed
CS-118451,Corporate
CS-11845101,Corporate
CS-1184511,Corporate
CS-11845118,Corporate
CS-11845124,Corporate
CS-118451402,Corporate
CS-118451404,Corporate
CS-1184516,Corporate
CS-1184518,Corporate
CS-1184527,Corporate
CS-1184545,Corporate
CS-1184548,Corporate
CS-118455,Corporate
CS-1184558,Corporate
CS-1184559,Corporate
CS-118457,Corporate
CS-1184582,Corporate
CS-11860102,Consumer
CS-11860139,Consumer
CS-118601402,Consumer
CS-118601406,Consumer
CS-118601408,Consumer
CS-11860143,Consumer
CS-1186027,Consumer
CS-1186031,Consumer
CS-1186045,Consumer
CS-1186048,Consumer
CS-1186051,Consumer
CS-1186055,Consumer
CS-1186064,Consumer
CS-118608,Consumer
CS-1186082,Consumer
CS-1186093,Consumer
CS-11950102,Consumer
CS-11950104,Consumer
CS-11950124,Consumer
CS-119501402,Consumer
CS-119501404,Consumer
CS-119501406,Consumer
CS-119501408,Consumer
CS-1195018,Consumer
CS-1195027,Consumer
CS-1195034,Consumer
CS-1195036,Consumer
CS-1195039,Consumer
CS-1195048,Consumer
CS-1195058,Consumer
CS-1195059,Consumer
CS-1195062,Consumer
CS-119507,Consumer
CS-1195082,Consumer
CS-1195091,Consumer
CS-1195096,Consumer
CS-12130118,Consumer
CS-12130139,Consumer
CS-121301402,Consumer
CS-121301404,Consumer
CS-1213018,Consumer
CS-1213045,Consumer
CS-1213048,Consumer
CS-1213058,Consumer
CS-1213059,Consumer
CS-1213066,Consumer
CS-121307,Consumer
CS-1213082,Consumer
CS-1217511,Corporate
CS-12175120,Corporate
CS-12175130,Corporate
CS-12175132,Corporate
CS-12175139,Corporate
CS-121751402,Corporate
CS-121751404,Corporate
CS-121751406,Corporate
CS-121751408,Corporate
CS-1217527,Corporate
CS-1217536,Corporate
CS-1217537,Corporate
CS-1217548,Corporate
CS-1217558,Corporate
CS-1217559,Corporate
CS-1217566,Corporate
CS-121757,Corporate
CS-12250102,Corporate
CS-12250120,Corporate
CS-12250139,Corporate
CS-122501402,Corporate
CS-122501404,Corporate
CS-122501406,Corporate
CS-122501408,Corporate
CS-1225039,Corporate
CS-1225045,Corporate
CS-1225048,Corporate
CS-1225051,Corporate
CS-1225054,Corporate
CS-1225058,Corporate
CS-1225059,Corporate
CS-1225064,Corporate
CS-1225078,Corporate
CS-1225093,Corporate
CS-12355102,Consumer
CS-12355139,Consumer
CS-123551404,Consumer
CS-123551406,Consumer
CS-123551408,Consumer
CS-1235518,Consumer
CS-1235531,Consumer
CS-1235539,Consumer
CS-1235548,Consumer
CS-123555,Consumer
CS-1235551,Consumer
CS-1235559,Consumer
CS-123557,Consumer
CS-1235582,Consumer
CS-1235598,Consumer
CS-12400102,Self-Employed
CS-12400139,Self-Employed
CS-124001402,Self-Employed
CS-124001404,Self-Employed
CS-124001406,Self-Employed
CS-124001408,Self-Employed
CS-1240027,Self-Employed
CS-1240028,Self-Employed
CS-1240031,Self-Employed
CS-1240045,Self-Employed
CS-1240048,Self-Employed
CS-1240064,Self-Employed
CS-124007,Self-Employed
CS-1240082,Self-Employed
CS-1240092,Self-Employed
CS-1240093,Self-Employed
CS-1246011,Consumer
CS-12460120,Consumer
CS-12460139,Consumer
CS-124601406,Consumer
CS-124601408,Consumer
CS-1246027,Consumer
CS-1246036,Consumer
CS-1246045,Consumer
CS-1246048,Consumer
CS-124605,Consumer
CS-1246051,Consumer
CS-1246055,Consumer
CS-1246058,Consumer
CS-1246059,Consumer
CS-1246064,Consumer
CS-124607,Consumer
CS-1246092,Consumer
CS-1246093,Consumer
CS-12490104,Corporate
CS-12490120,Corporate
CS-12490124,Corporate
CS-12490139,Corporate
CS-124901402,Corporate
CS-124901406,Corporate
CS-124901408,Corporate
CS-1249018,Corporate
CS-1249027,Corporate
CS-1249036,Corporate
CS-1249045,Corporate
CS-1249055,Corporate
CS-1249058,Corporate
CS-1249064,Corporate
CS-1249066,Corporate
CS-124907,Corporate
CS-124908,Corporate
CS-1249082,Corporate
CS-1249092,Corporate
CS-1249098,Corporate
CS-125051404,Consumer
CS-125051406,Consumer
CS-125051408,Consumer
CS-12505144,Consumer
CS-1250531,Consumer
CS-1250545,Consumer
CS-1250555,Consumer
CS-1250558,Consumer
CS-1250582,Consumer
CS-1250593,Consumer
CS-1845108,Corporate
CS-1845110,Corporate
CS-1845116,Corporate
CS-1845129,Corporate
CS-1845134,Corporate
CS-184586,Corporate
CS-1860105,Consumer
CS-1860116,Consumer
CS-1860134,Consumer
CS-186019,Consumer
CS-18603,Consumer
CS-186038,Consumer
CS-186060,Consumer
CS-186061,Consumer
CS-186086,Consumer
CS-1950129,Consumer
CS-1950134,Consumer
CS-195023,Consumer
CS-195087,Consumer
CS-2130134,Consumer
CS-213022,Consumer
CS-213023,Consumer
CS-213033,Consumer
CS-2175103,Corporate
CS-2175129,Corporate
CS-217513,Corporate
CS-217560,Corporate
CS-2250103,Corporate
CS-2250134,Corporate
CS-225061,Corporate
CS-225074,Corporate
CS-2355107,Consumer
CS-2355117,Consumer
CS-2355134,Consumer
CS-2355137,Consumer
CS-235538,Consumer
CS-235560,Consumer
CS-235586,Consumer
CS-2400107,Self-Employed
CS-2400116,Self-Employed
CS-240035,Self-Employed
CS-240038,Self-Employed
CS-240063,Self-Employed
CS-2460122,Consumer
CS-2460126,Consumer
CS-2460134,Consumer
CS-2460147,Consumer
CS-246038,Consumer
CS-246060,Consumer
CS-246061,Consumer
CS-2490108,Corporate
CS-2490117,Corporate
CS-249061,Corporate
CS-2505116,Consumer
CS-2505137,Consumer
CS-2505146,Consumer
CS-250560,Consumer
CS-250561,Consumer
CS-250569,Consumer
CS-250587,Consumer
CT-11995118,Consumer
CT-11995120,Consumer
CT-11995139,Consumer
CT-1199514,Consumer
CT-119951402,Consumer
CT-119951404,Consumer
CT-119951406,Consumer
CT-1199518,Consumer
CT-1199528,Consumer
CT-1199531,Consumer
CT-1199545,Consumer
CT-1199548,Consumer
CT-1199558,Consumer
CT-1199566,Consumer
CT-119957,Consumer
CT-1199598,Consumer
CT-1995134,Consumer
CT-1995137,Consumer
CV-12295139,Consumer
CV-122951402,Consumer
CV-122951404,Consumer
CV-122951406,Consumer
CV-1229516,Consumer
CV-1229527,Consumer
CV-1229536,Consumer
CV-1229548,Consumer
CV-122955,Consumer
CV-1229551,Consumer
CV-1229559,Consumer
CV-122957,Consumer
CV-1229582,Consumer
CV-1229588,Consumer
CV-12805102,Corporate
CV-12805139,Corporate
CV-128051402,Corporate
CV-128051404,Corporate
CV-128051406,Corporate
CV-1280527,Corporate
CV-1280528,Corporate
CV-1280545,Corporate
CV-1280548,Corporate
CV-1280558,Corporate
CV-1280559,Corporate
CV-1280566,Corporate
CV-2295107,Consumer
CV-2295134,Consumer
CV-229522,Consumer
CV-229533,Consumer
CV-229538,Consumer
CV-229561,Consumer
CV-229568,Consumer
CV-229595,Consumer
CV-2805107,Corporate
CV-2805117,Corporate
CV-2805129,Corporate
CV-2805134,Corporate
CV-280532,Corporate
CV-280572,Corporate
CW-11905102,Self-Employed
CW-1190511,Self-Employed
CW-11905139,Self-Employed
CW-119051402,Self-Employed
CW-119051404,Self-Employed
CW-119051406,Self-Employed
CW-1190536,Self-Employed
CW-1190539,Self-Employed
CW-1190545,Self-Employed
CW-1190548,Self-Employed
CW-1190555,Self-Employed
CW-1190558,Self-Employed
CW-1190564,Self-Employed
CW-119057,Self-Employed
CW-1190582,Self-Employed
CW-1190593,Self-Employed
CW-190522,Self-Employed
CW-190533,Self-Employed
CW-19054,Self-Employed
CW-190571,Self-Employed
CY-12745120,Corporate
CY-127451402,Corporate
CY-127451404,Corporate
CY-127451406,Corporate
CY-127451408,Corporate
CY-1274527,Corporate
CY-1274531,Corporate
CY-1274536,Corporate
CY-1274545,Corporate
CY-127455,Corporate
CY-1274558,Corporate
CY-1274559,Corporate
CY-1274564,Corporate
CY-127457,Corporate
CY-127458,Corporate
CY-1274582,Corporate
CY-1274590,Corporate
CY-1274591,Corporate
CY-2745137,Corporate
CY-274515,Corporate
CY-274586,Corporate
CY-274595,Corporate
Co-12640139,Consumer
Co-126401402,Consumer
Co-126401404,Consumer
Co-126401406,Consumer
Co-126401408,Consumer
Co-12640143,Consumer
Co-1264018,Consumer
Co-1264027,Consumer
Co-1264039,Consumer
Co-1264045,Consumer
Co-1264058,Consumer
Co-1264066,Consumer
Co-126407,Consumer
Co-1264082,Consumer
Co-1264088,Consumer
Co-1264093,Consumer
Co-2640108,Consumer
Co-2640134,Consumer
Co-264038,Consumer
Co-264086,Consumer
Co-264095,Consumer
DA-13450120,Self-Employed
DA-13450139,Self-Employed
DA-134501402,Self-Employed
DA-134501406,Self-Employed
DA-134501408,Self-Employed
DA-1345027,Self-Employed
DA-1345031,Self-Employed
DA-1345039,Self-Employed
DA-1345045,Self-Employed
DA-1345048,Self-Employed
DA-134505,Self-Employed
DA-1345051,Self-Employed
DA-1345055,Self-Employed
DA-1345058,Self-Employed
DA-1345059,Self-Employed
DA-134507,Self-Employed
DA-1345082,Self-Employed
DA-1345091,Self-Employed
DA-1345092,Self-Employed
DA-1345093,Self-Employed
DA-345033,Self-Employed
DA-345038,Self-Employed
DA-345067,Self-Employed
DA-34508,Self-Employed
DB-12910139,Self-Employed
DB-129101402,Self-Employed
DB-129101404,Self-Employed
DB-129101408,Self-Employed
DB-12910143,Self-Employed
DB-1291018,Self-Employed
DB-1291027,Self-Employed
DB-1291031,Self-Employed
DB-1291036,Self-Employed
DB-1291048,Self-Employed
DB-129105,Self-Employed
DB-1291051,Self-Employed
DB-1291055,Self-Employed
DB-1291059,Self-Employed
DB-1291064,Self-Employed
DB-129107,Self-Employed
DB-1291082,Self-Employed
DB-12970139,Corporate
DB-129701402,Corporate
DB-129701404,Corporate
DB-129701406,Corporate
DB-1297045,Corporate
DB-129707,Corporate
DB-13060104,Consumer
DB-13060130,Consumer
DB-13060139,Consumer
DB-130601402,Consumer
DB-130601404,Consumer
DB-130601406,Consumer
DB-130601408,Consumer
DB-13060143,Consumer
DB-13060144,Consumer
DB-1306027,Consumer
DB-1306034,Consumer
DB-1306045,Consumer
DB-1306048,Consumer
DB-1306055,Consumer
DB-1306059,Consumer
DB-130607,Consumer
DB-1306082,Consumer
DB-1306093,Consumer
DB-13120120,Corporate
DB-131201402,Corporate
DB-131201404,Corporate
DB-131201406,Corporate
DB-131201408,Corporate
DB-13120143,Corporate
DB-1312028,Corporate
DB-1312045,Corporate
DB-1312048,Corporate
DB-1312058,Corporate
DB-131207,Corporate
DB-1312091,Corporate
DB-13210102,Consumer
DB-13210120,Consumer
DB-13210139,Consumer
DB-132101402,Consumer
DB-132101404,Consumer
DB-132101406,Consumer
DB-132101408,Consumer
DB-13210144,Consumer
DB-1321018,Consumer
DB-1321027,Consumer
DB-1321036,Consumer
DB-1321048,Consumer
DB-1321058,Consumer
DB-1321059,Consumer
DB-132107,Consumer
DB-1321082,Consumer
DB-1321093,Consumer
DB-1321098,Consumer
DB-13270101,Self-Employed
DB-13270102,Self-Employed
DB-13270120,Self-Employed
DB-132701402,Self-Employed
DB-132701404,Self-Employed
DB-132701406,Self-Employed
DB-1327027,Self-Employed
DB-1327036,Self-Employed
DB-1327045,Self-Employed
DB-1327048,Self-Employed
DB-1327051,Self-Employed
DB-1327056,Self-Employed
DB-1327059,Self-Employed
DB-132707,Self-Employed
DB-1327091,Self-Employed
DB-13360118,Self-Employed
DB-13360130,Self-Employed
DB-13360139,Self-Employed
DB-133601404,Self-Employed
DB-133601406,Self-Employed
DB-13360144,Self-Employed
DB-1336018,Self-Employed
DB-1336039,Self-Employed
DB-1336045,Self-Employed
DB-1336051,Self-Employed
DB-1336055,Self-Employed
DB-1336059,Self-Employed
DB-1336064,Self-Employed
DB-133607,Self-Employed
DB-1336078,Self-Employed
DB-133608,Self-Employed
DB-1340511,Consumer
DB-13405130,Consumer
DB-13405139,Consumer
DB-134051402,Consumer
DB-134051406,Consumer
DB-134051408,Consumer
DB-13405144,Consumer
DB-1340527,Consumer
DB-1340528,Consumer
DB-1340534,Consumer
DB-1340539,Consumer
DB-1340545,Consumer
DB-1340548,Consumer
DB-1340555,Consumer
DB-1340558,Consumer
DB-1340559,Consumer
DB-1340564,Consumer
DB-134057,Consumer
DB-1340582,Consumer
DB-1340598,Consumer
DB-13555102,Corporate
DB-13555139,Corporate
DB-135551402,Corporate
DB-135551406,Corporate
DB-135551408,Corporate
DB-1355518,Corporate
DB-1355548,Corporate
DB-1355558,Corporate
DB-1355559,Corporate
DB-135557,Corporate
DB-1355582,Corporate
DB-1355592,Corporate
DB-1355598,Corporate
DB-13615101,Consumer
DB-136151404,Consumer
DB-136151408,Consumer
DB-1361518,Consumer
DB-1361526,Consumer
DB-1361527,Consumer
DB-1361531,Consumer
DB-1361536,Consumer
DB-1361545,Consumer
DB-1361548,Consumer
DB-1361558,Consumer
DB-136157,Consumer
DB-1361582,Consumer
DB-13660102,Consumer
DB-1366011,Consumer
DB-13660120,Consumer
DB-13660124,Consumer
DB-13660139,Consumer
DB-136601402,Consumer
DB-136601404,Consumer
DB-136601406,Consumer
DB-1366027,Consumer
DB-1366028,Consumer
DB-1366045,Consumer
DB-1366055,Consumer
DB-1366059,Consumer
DB-136607,Consumer
DB-1366098,Consumer
DB-2910103,Self-Employed
DB-291013,Self-Employed
DB-2910146,Self-Employed
DB-291022,Self-Employed
DB-291023,Self-Employed
DB-291060,Self-Employed
DB-291061,Self-Employed
DB-2970137,Corporate
DB-297022,Corporate
DB-297047,Corporate
DB-297060,Corporate
DB-3060117,Consumer
DB-3060134,Consumer
DB-306030,Consumer
DB-306038,Consumer
DB-306060,Consumer
DB-306061,Consumer
DB-306095,Consumer
DB-312023,Corporate
DB-312086,Corporate
DB-312095,Corporate
DB-3210134,Consumer
DB-3210147,Consumer
DB-32103,Consumer
DB-321033,Consumer
DB-321038,Consumer
DB-321095,Consumer
DB-32703,Self-Employed
DB-327070,Self-Employed
DB-3360146,Self-Employed
DB-336022,Self-Employed
DB-3405107,Consumer
DB-3405134,Consumer
DB-3555110,Corporate
DB-3555122,Corporate
DB-3555134,Corporate
DB-3615103,Consumer
DB-3615146,Consumer
DB-361549,Consumer
DB-361595,Consumer
DB-3660107,Consumer
DB-3660134,Consumer
DB-366038,Consumer
DC-12850101,Consumer
DC-12850102,Consumer
DC-128501402,Consumer
DC-128501406,Consumer
DC-128501408,Consumer
DC-1285018,Consumer
DC-1285027,Consumer
DC-1285045,Consumer
DC-1285048,Consumer
DC-1285051,Consumer
DC-1285058,Consumer
DC-128507,Consumer
DC-1285082,Consumer
DC-1285092,Consumer
DC-1285097,Consumer
DC-132851402,Consumer
DC-132851404,Consumer
DC-132851408,Consumer
DC-1328518,Consumer
DC-1328531,Consumer
DC-1328536,Consumer
DC-1328545,Consumer
DC-1328548,Consumer
DC-1328551,Consumer
DC-1328555,Consumer
DC-1328566,Consumer
DC-1328582,Consumer
DC-1328597,Consumer
DC-2850103,Consumer
DC-2850146,Consumer
DC-285023,Consumer
DC-28504,Consumer
DC-285060,Consumer
DC-285061,Consumer
DC-285094,Consumer
DC-285095,Consumer
DC-3285134,Consumer
DC-32853,Consumer
DC-328549,Consumer
DC-32859,Consumer
DD-13570102,Consumer
DD-13570120,Consumer
DD-13570139,Consumer
DD-135701402,Consumer
DD-135701404,Consumer
DD-135701406,Consumer
DD-135701408,Consumer
DD-1357018,Consumer
DD-1357027,Consumer
DD-1357045,Consumer
DD-1357048,Consumer
DD-1357064,Consumer
DD-1357082,Consumer
DD-1357091,Consumer
DD-1357098,Consumer
DD-3570111,Consumer
DD-3570117,Consumer
DD-3570146,Consumer
DD-357033,Consumer
DD-357046,Consumer
DD-357063,Consumer
DD-357075,Consumer
DD-35708,Consumer
DE-13255120,Self-Employed
DE-13255121,Self-Employed
DE-132551402,Self-Employed
DE-132551404,Self-Employed
DE-132551406,Self-Employed
DE-13255143,Self-Employed
DE-1325527,Self-Employed
DE-1325536,Self-Employed
DE-1325545,Self-Employed
DE-1325548,Self-Employed
DE-1325551,Self-Employed
DE-132557,Self-Employed
DE-1325582,Self-Employed
DE-1325593,Self-Employed
DE-1325598,Self-Employed
DE-3255103,Self-Employed
DE-3255108,Self-Employed
DE-3255134,Self-Employed
DE-3255137,Self-Employed
DE-325519,Self-Employed
DE-325538,Self-Employed
DE-325560,Self-Employed
DE-325586,Self-Employed
DF-13135120,Consumer
DF-13135124,Consumer
DF-13135139,Consumer
DF-131351402,Consumer
DF-131351404,Consumer
DF-131351406,Consumer
DF-1313548,Consumer
DF-131355,Consumer
DF-1313558,Consumer
DF-1313559,Consumer
DF-1313566,Consumer
DF-131357,Consumer
DF-1313582,Consumer
DF-1313592,Consumer
DF-3135134,Consumer
DF-313533,Consumer
DF-313568,Consumer
DF-313586,Consumer
DG-13300101,Corporate
DG-1330011,Corporate
DG-13300120,Corporate
DG-133001404,Corporate
DG-133001406,Corporate
DG-1330027,Corporate
DG-1330031,Corporate
DG-1330048,Corporate
DG-1330056,Corporate
DG-1330058,Corporate
DG-1330064,Corporate
DG-133007,Corporate
DG-133008,Corporate
DG-1330082,Corporate
DG-1330091,Corporate
DG-1330093,Corporate
DG-1330096,Corporate
DG-3300134,Corporate
DG-330022,Corporate
DG-330033,Corporate
DG-330087,Corporate
DG-330095,Corporate
DH-13075102,Corporate
DH-130751402,Corporate
DH-130751404,Corporate
DH-130751406,Corporate
DH-130751408,Corporate
DH-1307536,Corporate
DH-1307537,Corporate
DH-1307539,Corporate
DH-1307545,Corporate
DH-1307548,Corporate
DH-1307558,Corporate
DH-1307559,Corporate
DH-1307564,Corporate
DH-130757,Corporate
DH-1307582,Corporate
DH-1307592,Corporate
DH-1307593,Corporate
DH-1307598,Corporate
DH-13675102,Self-Employed
DH-13675139,Self-Employed
DH-136751404,Self-Employed
DH-136751406,Self-Employed
DH-136751408,Self-Employed
DH-1367518,Self-Employed
DH-1367536,Self-Employed
DH-1367539,Self-Employed
DH-1367545,Self-Employed
DH-1367555,Self-Employed
DH-1367558,Self-Employed
DH-1367582,Self-Employed
DH-1367598,Self-Employed
DH-3075108,Corporate
DH-3075110,Corporate
DH-3075117,Corporate
DH-3075134,Corporate
DH-307529,Corporate
DH-307533,Corporate
DH-307538,Corporate
DH-30754,Corporate
DH-307569,Corporate
DH-3675108,Self-Employed
DH-3675129,Self-Employed
DH-3675134,Self-Employed
DH-367519,Self-Employed
DH-367523,Self-Employed
DH-36753,Self-Employed
DH-367533,Self-Employed
DH-367538,Self-Employed
DH-367561,Self-Employed
DH-367577,Self-Employed
DH-36758,Self-Employed
DH-367595,Self-Employed
DJ-13420102,Corporate
DJ-13420120,Corporate
DJ-13420130,Corporate
DJ-13420139,Corporate
DJ-134201402,Corporate
DJ-134201404,Corporate
DJ-134201408,Corporate
DJ-13420144,Corporate
DJ-1342027,Corporate
DJ-1342028,Corporate
DJ-1342039,Corporate
DJ-1342045,Corporate
DJ-1342048,Corporate
DJ-134205,Corporate
DJ-1342051,Corporate
DJ-1342058,Corporate
DJ-1342064,Corporate
DJ-134207,Corporate
DJ-1342082,Corporate
DJ-13510120,Corporate
DJ-13510139,Corporate
DJ-135101404,Corporate
DJ-135101406,Corporate
DJ-135101408,Corporate
DJ-1351018,Corporate
DJ-1351027,Corporate
DJ-1351031,Corporate
DJ-1351039,Corporate
DJ-1351048,Corporate
DJ-1351058,Corporate
DJ-1351059,Corporate
DJ-1351064,Corporate
DJ-135107,Corporate
DJ-1351082,Corporate
DJ-13630113,Consumer
DJ-13630120,Consumer
DJ-13630130,Consumer
DJ-13630139,Consumer
DJ-136301404,Consumer
DJ-136301406,Consumer
DJ-13630144,Consumer
DJ-1363018,Consumer
DJ-1363027,Consumer
DJ-1363028,Consumer
DJ-1363036,Consumer
DJ-1363045,Consumer
DJ-1363048,Consumer
DJ-1363058,Consumer
DJ-1363059,Consumer
DJ-136307,Consumer
DJ-1363098,Consumer
DJ-342033,Corporate
DJ-342038,Corporate
DJ-34209,Corporate
DJ-342095,Corporate
DJ-3510110,Corporate
DJ-3510137,Corporate
DJ-3510146,Corporate
DJ-351023,Corporate
DJ-35103,Corporate
DJ-351038,Corporate
DJ-351061,Corporate
DJ-3630107,Consumer
DJ-3630108,Consumer
DJ-363013,Consumer
DJ-3630134,Consumer
DJ-363038,Consumer
DJ-363069,Consumer
DJ-88887148,Corporate
DK-12835102,Corporate
DK-12835120,Corporate
DK-12835139,Corporate
DK-128351402,Corporate
DK-128351404,Corporate
DK-128351406,Corporate
DK-128351408,Corporate
DK-1283527,Corporate
DK-1283534,Corporate
DK-1283536,Corporate
DK-1283545,Corporate
DK-128355,Corporate
DK-1283551,Corporate
DK-1283555,Corporate
DK-1283559,Corporate
DK-128357,Corporate
DK-1283582,Corporate
DK-1283592,Corporate
DK-1283593,Corporate
DK-1283597,Corporate
DK-1283598,Corporate
DK-12895124,Consumer
DK-128951402,Consumer
DK-128951404,Consumer
DK-128951408,Consumer
DK-1289518,Consumer
DK-1289526,Consumer
DK-1289545,Consumer
DK-1289548,Consumer
DK-1289555,Consumer
DK-1289559,Consumer
DK-1289564,Consumer
DK-1289578,Consumer
DK-1289582,Consumer
DK-1289598,Consumer
DK-12985102,Consumer
DK-12985139,Consumer
DK-129851402,Consumer
DK-129851404,Consumer
DK-129851408,Consumer
DK-12985144,Consumer
DK-1298518,Consumer
DK-1298527,Consumer
DK-1298536,Consumer
DK-1298539,Consumer
DK-1298545,Consumer
DK-1298548,Consumer
DK-129855,Consumer
DK-1298558,Consumer
DK-1298559,Consumer
DK-1298562,Consumer
DK-1298564,Consumer
DK-1298565,Consumer
DK-129857,Consumer
DK-129858,Consumer
DK-1298582,Consumer
DK-1298593,Consumer
DK-13090102,Consumer
DK-13090120,Consumer
DK-13090130,Consumer
DK-130901402,Consumer
DK-130901404,Consumer
DK-130901406,Consumer
DK-130901408,Consumer
DK-1309027,Consumer
DK-1309031,Consumer
DK-1309036,Consumer
DK-1309039,Consumer
DK-1309045,Consumer
DK-1309051,Consumer
DK-1309058,Consumer
DK-1309059,Consumer
DK-1309064,Consumer
DK-130907,Consumer
DK-130908,Consumer
DK-1309092,Consumer
DK-1309098,Consumer
DK-13150102,Corporate
DK-1315011,Corporate
DK-13150120,Corporate
DK-13150124,Corporate
DK-131501402,Corporate
DK-131501406,Corporate
DK-1315027,Corporate
DK-1315028,Corporate
DK-1315031,Corporate
DK-1315039,Corporate
DK-1315045,Corporate
DK-1315048,Corporate
DK-1315059,Corporate
DK-131507,Corporate
DK-1315082,Corporate
DK-1315093,Corporate
DK-13225120,Corporate
DK-13225139,Corporate
DK-132251402,Corporate
DK-132251404,Corporate
DK-132251406,Corporate
DK-1322526,Corporate
DK-1322527,Corporate
DK-1322531,Corporate
DK-1322539,Corporate
DK-1322545,Corporate
DK-1322548,Corporate
DK-1322551,Corporate
DK-1322555,Corporate
DK-1322558,Corporate
DK-1322559,Corporate
DK-1322564,Corporate
DK-1322566,Corporate
DK-132257,Corporate
DK-132258,Corporate
DK-1322582,Corporate
DK-1322597,Corporate
DK-13375113,Consumer
DK-13375120,Consumer
DK-13375139,Consumer
DK-133751402,Consumer
DK-133751404,Consumer
DK-133751406,Consumer
DK-1337516,Consumer
DK-1337527,Consumer
DK-1337531,Consumer
DK-1337536,Consumer
DK-1337545,Consumer
DK-1337555,Consumer
DK-1337566,Consumer
DK-133757,Consumer
DK-1337582,Consumer
DK-1337591,Consumer
DK-1337597,Consumer
DK-1337598,Consumer
DK-2835107,Corporate
DK-283513,Corporate
DK-2835134,Corporate
DK-2835142,Corporate
DK-28353,Corporate
DK-283538,Corporate
DK-283561,Corporate
DK-283563,Corporate
DK-283595,Corporate
DK-2895103,Consumer
DK-289535,Consumer
DK-289560,Consumer
DK-289561,Consumer
DK-289584,Consumer
DK-289586,Consumer
DK-298595,Consumer
DK-3090108,Consumer
DK-309038,Consumer
DK-309095,Consumer
DK-3150117,Corporate
DK-3150134,Corporate
DK-3150137,Corporate
DK-315033,Corporate
DK-31504,Corporate
DK-315047,Corporate
DK-315060,Corporate
DK-315061,Corporate
DK-315086,Corporate
DK-3225110,Corporate
DK-3225116,Corporate
DK-3225117,Corporate
DK-3225134,Corporate
DK-32253,Corporate
DK-322538,Corporate
DK-32254,Corporate
DK-322561,Corporate
DK-3375103,Consumer
DK-3375110,Consumer
DK-3375117,Consumer
DK-337523,Consumer
DK-337532,Consumer
DK-337533,Consumer
DK-337560,Consumer
DK-337587,Consumer
DL-12865102,Consumer
DL-12865139,Consumer
DL-128651402,Consumer
DL-128651404,Consumer
DL-128651406,Consumer
DL-128651408,Consumer
DL-1286527,Consumer
DL-1286545,Consumer
DL-1286548,Consumer
DL-128655,Consumer
DL-1286555,Consumer
DL-1286558,Consumer
DL-1286562,Consumer
DL-1286564,Consumer
DL-128657,Consumer
DL-128658,Consumer
DL-1286582,Consumer
DL-1286591,Consumer
DL-1286592,Consumer
DL-12925101,Consumer
DL-129251402,Consumer
DL-129251404,Consumer
DL-129251406,Consumer
DL-129251408,Consumer
DL-12925143,Consumer
DL-1292518,Consumer
DL-1292531,Consumer
DL-1292548,Consumer
DL-129255,Consumer
DL-1292558,Consumer
DL-1292559,Consumer
DL-129257,Consumer
DL-1292582,Consumer
DL-1292592,Consumer
DL-13315120,Consumer
DL-13315139,Consumer
DL-133151402,Consumer
DL-133151404,Consumer
DL-133151406,Consumer
DL-133151408,Consumer
DL-1331527,Consumer
DL-1331536,Consumer
DL-1331545,Consumer
DL-1331548,Consumer
DL-1331555,Consumer
DL-1331564,Consumer
DL-1331578,Consumer
DL-133158,Consumer
DL-1331582,Consumer
DL-1331591,Consumer
DL-1331592,Consumer
DL-1331598,Consumer
DL-13330139,Consumer
DL-133301402,Consumer
DL-133301404,Consumer
DL-133301406,Consumer
DL-133301408,Consumer
DL-1333018,Consumer
DL-1333026,Consumer
DL-1333031,Consumer
DL-1333045,Consumer
DL-1333048,Consumer
DL-133305,Consumer
DL-1333051,Consumer
DL-1333055,Consumer
DL-1333058,Consumer
DL-1333064,Consumer
DL-1333066,Consumer
DL-133307,Consumer
DL-1333082,Consumer
DL-1333091,Consumer
DL-1333092,Consumer
DL-134951,Corporate
DL-13495120,Corporate
DL-13495139,Corporate
DL-134951402,Corporate
DL-134951404,Corporate
DL-134951406,Corporate
DL-134951408,Corporate
DL-1349518,Corporate
DL-1349539,Corporate
DL-1349545,Corporate
DL-1349548,Corporate
DL-1349558,Corporate
DL-1349564,Corporate
DL-134957,Corporate
DL-1349582,Corporate
DL-1349591,Corporate
DL-1349592,Corporate
DL-1349593,Corporate
DL-2865122,Consumer
DL-2865134,Consumer
DL-286523,Consumer
DL-28653,Consumer
DL-286560,Consumer
DL-286575,Consumer
DL-2925110,Consumer
DL-2925134,Consumer
DL-2925137,Consumer
DL-292538,Consumer
DL-292568,Consumer
DL-292595,Consumer
DL-3315108,Consumer
DL-3315111,Consumer
DL-331513,Consumer
DL-331560,Consumer
DL-331586,Consumer
DL-333022,Consumer
DL-333023,Consumer
DL-333061,Consumer
DL-3495134,Corporate
DL-34954,Corporate
DL-349595,Corporate
DM-12955124,Corporate
DM-12955130,Corporate
DM-12955139,Corporate
DM-1295514,Corporate
DM-129551402,Corporate
DM-129551404,Corporate
DM-129551406,Corporate
DM-129551408,Corporate
DM-1295518,Corporate
DM-1295527,Corporate
DM-1295531,Corporate
DM-1295536,Corporate
DM-1295545,Corporate
DM-1295548,Corporate
DM-1295551,Corporate
DM-1295555,Corporate
DM-1295558,Corporate
DM-129557,Corporate
DM-1295582,Corporate
DM-1295592,Corporate
DM-1295598,Corporate
DM-13015102,Consumer
DM-13015120,Consumer
DM-130151402,Consumer
DM-130151404,Consumer
DM-130151406,Consumer
DM-130151408,Consumer
DM-1301527,Consumer
DM-1301545,Consumer
DM-1301548,Consumer
DM-1301551,Consumer
DM-1301559,Consumer
DM-1301564,Consumer
DM-130157,Consumer
DM-1301582,Consumer
DM-1301592,Consumer
DM-1301593,Consumer
DM-13345120,Corporate
DM-13345124,Corporate
DM-13345139,Corporate
DM-133451402,Corporate
DM-133451404,Corporate
DM-133451406,Corporate
DM-133451408,Corporate
DM-13345143,Corporate
DM-1334518,Corporate
DM-1334527,Corporate
DM-1334548,Corporate
DM-1334558,Corporate
DM-1334559,Corporate
DM-1334564,Corporate
DM-133457,Corporate
DM-1334582,Corporate
DM-1334593,Corporate
DM-1334597,Corporate
DM-135251402,Corporate
DM-135251406,Corporate
DM-135251408,Corporate
DM-1352518,Corporate
DM-1352527,Corporate
DM-1352545,Corporate
DM-1352548,Corporate
DM-1352558,Corporate
DM-1352562,Corporate
DM-1352564,Corporate
DM-135257,Corporate
DM-1352582,Corporate
DM-1352592,Corporate
DM-2955134,Corporate
DM-2955137,Corporate
DM-295523,Corporate
DM-295529,Corporate
DM-295533,Corporate
DM-295568,Corporate
DM-295583,Corporate
DM-295595,Corporate
DM-3015133,Consumer
DM-301538,Consumer
DM-301560,Consumer
DM-301561,Consumer
DM-301586,Consumer
DM-3345110,Corporate
DM-3345131,Corporate
DM-3345134,Corporate
DM-334533,Corporate
DM-334595,Corporate
DM-3525114,Corporate
DM-3525134,Corporate
DM-352523,Corporate
DM-352533,Corporate
DM-352560,Corporate
DN-13690120,Consumer
DN-136901402,Consumer
DN-136901404,Consumer
DN-136901406,Consumer
DN-1369018,Consumer
DN-1369027,Consumer
DN-1369059,Consumer
DN-1369062,Consumer
DN-1369064,Consumer
DN-136907,Consumer
DN-1369082,Consumer
DN-1369092,Consumer
DN-3690117,Consumer
DN-3690134,Consumer
DN-3690147,Consumer
DN-369023,Consumer
DN-369038,Consumer
DO-13435102,Consumer
DO-1343511,Consumer
DO-13435130,Consumer
DO-134351404,Consumer
DO-134351406,Consumer
DO-134351408,Consumer
DO-13435144,Consumer
DO-1343518,Consumer
DO-1343527,Consumer
DO-1343531,Consumer
DO-1343536,Consumer
DO-1343539,Consumer
DO-1343545,Consumer
DO-1343548,Consumer
DO-1343558,Consumer
DO-1343559,Consumer
DO-1343564,Consumer
DO-134357,Consumer
DO-1343582,Consumer
DO-1343593,Consumer
DO-1364512,Consumer
DO-13645139,Consumer
DO-136451402,Consumer
DO-136451404,Consumer
DO-136451406,Consumer
DO-136451408,Consumer
DO-1364518,Consumer
DO-1364527,Consumer
DO-1364539,Consumer
DO-1364548,Consumer
DO-1364555,Consumer
DO-1364559,Consumer
DO-1364564,Consumer
DO-1364566,Consumer
DO-136457,Consumer
DO-1364582,Consumer
DO-1364591,Consumer
DO-3435108,Consumer
DO-3435117,Consumer
DO-3435134,Consumer
DO-3435137,Consumer
DO-343515,Consumer
DO-343522,Consumer
DO-343560,Consumer
DO-343567,Consumer
DO-343586,Consumer
DO-343595,Consumer
DO-3645103,Consumer
DO-364523,Consumer
DO-364561,Consumer
DO-364595,Consumer
DP-13000139,Consumer
DP-130001402,Consumer
DP-130001404,Consumer
DP-130001406,Consumer
DP-130001408,Consumer
DP-13000144,Consumer
DP-1300018,Consumer
DP-1300039,Consumer
DP-1300045,Consumer
DP-1300048,Consumer
DP-1300059,Consumer
DP-1300062,Consumer
DP-1300064,Consumer
DP-130007,Consumer
DP-1300078,Consumer
DP-1300088,Consumer
DP-1300093,Consumer
DP-1300098,Consumer
DP-13105118,Corporate
DP-131051402,Corporate
DP-131051404,Corporate
DP-131051406,Corporate
DP-1310528,Corporate
DP-1310536,Corporate
DP-1310545,Corporate
DP-1310555,Corporate
DP-1310564,Corporate
DP-131057,Corporate
DP-1310582,Corporate
DP-1310598,Corporate
DP-13165139,Consumer
DP-131651402,Consumer
DP-131651406,Consumer
DP-13165143,Consumer
DP-1316527,Consumer
DP-1316531,Consumer
DP-1316536,Consumer
DP-1316545,Consumer
DP-1316548,Consumer
DP-1316558,Consumer
DP-1316559,Consumer
DP-1316564,Consumer
DP-131657,Consumer
DP-1316582,Consumer
DP-1316591,Consumer
DP-1316592,Consumer
DP-1316593,Consumer
DP-13390118,Self-Employed
DP-133901402,Self-Employed
DP-133901404,Self-Employed
DP-133901406,Self-Employed
DP-133901408,Self-Employed
DP-1339018,Self-Employed
DP-1339026,Self-Employed
DP-1339045,Self-Employed
DP-1339048,Self-Employed
DP-1339058,Self-Employed
DP-1339059,Self-Employed
DP-1339064,Self-Employed
DP-133907,Self-Employed
DP-1339078,Self-Employed
DP-1339082,Self-Employed
DP-3000108,Consumer
DP-3000109,Consumer
DP-3000116,Consumer
DP-3000134,Consumer
DP-300023,Consumer
DP-300033,Consumer
DP-300060,Consumer
DP-300086,Consumer
DP-300087,Consumer
DP-3105117,Corporate
DP-3105134,Corporate
DP-310519,Corporate
DP-310522,Corporate
DP-310533,Corporate
DP-310586,Corporate
DP-3165111,Consumer
DP-3165134,Consumer
DP-3165136,Consumer
DP-316529,Consumer
DP-316549,Consumer
DP-316595,Consumer
DP-3390109,Self-Employed
DP-3390110,Self-Employed
DP-3390117,Self-Employed
DP-3390137,Self-Employed
DP-339023,Self-Employed
DP-339060,Self-Employed
DR-12880102,Corporate
DR-12880120,Corporate
DR-128801402,Corporate
DR-128801404,Corporate
DR-128801406,Corporate
DR-128801408,Corporate
DR-12880144,Corporate
DR-1288018,Corporate
DR-1288027,Corporate
DR-1288045,Corporate
DR-1288048,Corporate
DR-1288058,Corporate
DR-1288078,Corporate
DR-1288082,Corporate
DR-1288093,Corporate
DR-12940102,Self-Employed
DR-12940118,Self-Employed
DR-12940120,Self-Employed
DR-12940139,Self-Employed
DR-129401402,Self-Employed
DR-129401404,Self-Employed
DR-129401406,Self-Employed
DR-129401408,Self-Employed
DR-1294028,Self-Employed
DR-1294036,Self-Employed
DR-1294039,Self-Employed
DR-1294045,Self-Employed
DR-1294048,Self-Employed
DR-129405,Self-Employed
DR-1294058,Self-Employed
DR-1294059,Self-Employed
DR-1294064,Self-Employed
DR-129407,Self-Employed
DR-1294082,Self-Employed
DR-1294092,Self-Employed
DR-1294098,Self-Employed
DR-2880137,Corporate
DR-2880147,Corporate
DR-288033,Corporate
DR-288038,Corporate
DR-288068,Corporate
DR-28809,Corporate
DR-288095,Corporate
DR-2940103,Self-Employed
DR-2940129,Self-Employed
DR-2940134,Self-Employed
DR-29403,Self-Employed
DR-294033,Self-Employed
DR-29404,Self-Employed
DR-294087,Self-Employed
DR-294095,Self-Employed
DS-13030102,Self-Employed
DS-130301404,Self-Employed
DS-130301406,Self-Employed
DS-1303018,Self-Employed
DS-1303036,Self-Employed
DS-1303045,Self-Employed
DS-1303048,Self-Employed
DS-130305,Self-Employed
DS-1303051,Self-Employed
DS-1303058,Self-Employed
DS-130307,Self-Employed
DS-1303082,Self-Employed
DS-1303091,Self-Employed
DS-1303093,Self-Employed
DS-1303097,Self-Employed
DS-13180120,Corporate
DS-13180139,Corporate
DS-131801402,Corporate
DS-131801404,Corporate
DS-131801406,Corporate
DS-131801408,Corporate
DS-1318016,Corporate
DS-1318018,Corporate
DS-1318027,Corporate
DS-1318031,Corporate
DS-1318036,Corporate
DS-1318045,Corporate
DS-1318055,Corporate
DS-1318059,Corporate
DS-1318064,Corporate
DS-131807,Corporate
DS-1318082,Corporate
DS-1318093,Corporate
DS-1318098,Corporate
DS-303013,Self-Employed
DS-3030134,Self-Employed
DS-303030,Self-Employed
DS-303038,Self-Employed
DS-30308,Self-Employed
DS-303087,Self-Employed
DS-3180134,Corporate
DS-31803,Corporate
DV-13045120,Corporate
DV-130451404,Corporate
DV-130451406,Corporate
DV-130451408,Corporate
DV-13045143,Corporate
DV-1304518,Corporate
DV-1304545,Corporate
DV-1304548,Corporate
DV-1304554,Corporate
DV-1304555,Corporate
DV-1304558,Corporate
DV-1304559,Corporate
DV-1304564,Corporate
DV-130457,Corporate
DV-1304582,Corporate
DV-1304591,Corporate
DV-1304593,Corporate
DV-13465139,Consumer
DV-134651402,Consumer
DV-134651404,Consumer
DV-134651406,Consumer
DV-13465143,Consumer
DV-1346518,Consumer
DV-1346527,Consumer
DV-1346531,Consumer
DV-1346539,Consumer
DV-1346558,Consumer
DV-1346559,Consumer
DV-1346564,Consumer
DV-1346582,Consumer
DV-1346593,Consumer
DV-3045108,Corporate
DV-3045117,Corporate
DV-3045134,Corporate
DV-3045137,Corporate
DV-304530,Corporate
DV-304560,Corporate
DV-304563,Corporate
DV-304567,Corporate
DV-304595,Corporate
DV-3465137,Consumer
DV-34654,Consumer
DV-346547,Consumer
DV-346549,Consumer
DV-346561,Consumer
DW-131951,Corporate
DW-13195130,Corporate
DW-131951402,Corporate
DW-131951404,Corporate
DW-131951408,Corporate
DW-1319518,Corporate
DW-1319527,Corporate
DW-1319539,Corporate
DW-1319545,Corporate
DW-1319548,Corporate
DW-1319558,Corporate
DW-1319559,Corporate
DW-131957,Corporate
DW-1319582,Corporate
DW-1319598,Corporate
DW-13480101,Self-Employed
DW-13480102,Self-Employed
DW-13480113,Self-Employed
DW-13480130,Self-Employed
DW-13480139,Self-Employed
DW-134801402,Self-Employed
DW-134801404,Self-Employed
DW-134801408,Self-Employed
DW-1348018,Self-Employed
DW-1348045,Self-Employed
DW-1348048,Self-Employed
DW-1348051,Self-Employed
DW-1348055,Self-Employed
DW-1348058,Self-Employed
DW-134807,Self-Employed
DW-134808,Self-Employed
DW-1348082,Self-Employed
DW-13540120,Consumer
DW-13540139,Consumer
DW-135401402,Consumer
DW-135401404,Consumer
DW-135401406,Consumer
DW-135401408,Consumer
DW-1354018,Consumer
DW-1354021,Consumer
DW-1354031,Consumer
DW-1354039,Consumer
DW-1354045,Consumer
DW-1354048,Consumer
DW-1354055,Consumer
DW-135407,Consumer
DW-1354078,Consumer
DW-1354082,Consumer
DW-1354093,Consumer
DW-13585132,Corporate
DW-135851404,Corporate
DW-135851406,Corporate
DW-135851408,Corporate
DW-13585144,Corporate
DW-1358518,Corporate
DW-1358527,Corporate
DW-1358531,Corporate
DW-1358536,Corporate
DW-1358539,Corporate
DW-1358545,Corporate
DW-1358548,Corporate
DW-1358555,Corporate
DW-1358558,Corporate
DW-1358559,Corporate
DW-1358564,Corporate
DW-1358566,Corporate
DW-135857,Corporate
DW-135858,Corporate
DW-1358593,Corporate
DW-1358598,Corporate
DW-3195134,Corporate
DW-319533,Corporate
DW-319560,Corporate
DW-319561,Corporate
DW-3480109,Self-Employed
DW-3480137,Self-Employed
DW-3480142,Self-Employed
DW-348023,Self-Employed
DW-348033,Self-Employed
DW-348049,Self-Employed
DW-348060,Self-Employed
DW-348061,Self-Employed
DW-348095,Self-Employed
DW-3540134,Consumer
DW-3540145,Consumer
DW-354023,Consumer
DW-354095,Consumer
DW-358523,Corporate
DW-358533,Corporate
DW-358586,Corporate
DW-358595,Corporate
Dl-13600121,Corporate
Dl-13600130,Corporate
Dl-13600139,Corporate
Dl-136001402,Corporate
Dl-136001404,Corporate
Dl-136001406,Corporate
Dl-1360045,Corporate
Dl-1360048,Corporate
Dl-1360055,Corporate
Dl-1360058,Corporate
Dl-1360059,Corporate
Dl-1360064,Corporate
Dl-136007,Corporate
Dl-1360078,Corporate
Dl-1360092,Corporate
Dl-3600110,Corporate
Dl-3600111,Corporate
Dl-3600117,Corporate
Dl-3600131,Corporate
Dl-3600134,Corporate
Dl-360049,Corporate
Dl-360061,Corporate
Dl-360095,Corporate
Dp-13240139,Self-Employed
Dp-132401402,Self-Employed
Dp-132401404,Self-Employed
Dp-132401406,Self-Employed
Dp-132401408,Self-Employed
Dp-13240143,Self-Employed
Dp-1324018,Self-Employed
Dp-1324026,Self-Employed
Dp-1324027,Self-Employed
Dp-1324028,Self-Employed
Dp-1324031,Self-Employed
Dp-1324037,Self-Employed
Dp-1324058,Self-Employed
Dp-1324064,Self-Employed
Dp-1324066,Self-Employed
Dp-132407,Self-Employed
Dp-1324082,Self-Employed
Dp-1324098,Self-Employed
Dp-3240107,Self-Employed
Dp-3240116,Self-Employed
Dp-3240117,Self-Employed
Dp-324023,Self-Employed
Dp-324033,Self-Employed
Dp-324038,Self-Employed
EA-14035113,Corporate
EA-14035120,Corporate
EA-14035139,Corporate
EA-140351402,Corporate
EA-140351404,Corporate
EA-140351406,Corporate
EA-140351408,Corporate
EA-1403527,Corporate
EA-1403536,Corporate
EA-1403545,Corporate
EA-140355,Corporate
EA-1403555,Corporate
EA-1403559,Corporate
EA-140357,Corporate
EA-1403582,Corporate
EA-1403592,Corporate
EA-1403598,Corporate
EA-4035103,Corporate
EA-4035134,Corporate
EA-403560,Corporate
EB-13705120,Corporate
EB-13705124,Corporate
EB-137051402,Corporate
EB-137051404,Corporate
EB-137051406,Corporate
EB-1370518,Corporate
EB-1370527,Corporate
EB-1370528,Corporate
EB-1370536,Corporate
EB-1370539,Corporate
EB-1370545,Corporate
EB-1370548,Corporate
EB-137055,Corporate
EB-1370559,Corporate
EB-137057,Corporate
EB-1370578,Corporate
EB-1370582,Corporate
EB-1370592,Corporate
EB-13750113,Corporate
EB-137501402,Corporate
EB-137501404,Corporate
EB-137501406,Corporate
EB-137501408,Corporate
EB-13750143,Corporate
EB-1375018,Corporate
EB-1375045,Corporate
EB-1375051,Corporate
EB-137507,Corporate
EB-137508,Corporate
EB-1375096,Corporate
EB-13840139,Corporate
EB-138401402,Corporate
EB-138401404,Corporate
EB-138401406,Corporate
EB-138401408,Corporate
EB-1384018,Corporate
EB-1384027,Corporate
EB-1384031,Corporate
EB-1384045,Corporate
EB-1384048,Corporate
EB-1384059,Corporate
EB-138407,Corporate
EB-1384082,Corporate
EB-1384092,Corporate
EB-1384093,Corporate
EB-138701402,Consumer
EB-138701404,Consumer
EB-138701406,Consumer
EB-138701408,Consumer
EB-13870141,Consumer
EB-1387045,Consumer
EB-1387048,Consumer
EB-1387058,Consumer
EB-1387059,Consumer
EB-1387064,Consumer
EB-138707,Consumer
EB-1387096,Consumer
EB-13930130,Consumer
EB-13930139,Consumer
EB-139301402,Consumer
EB-139301404,Consumer
EB-139301408,Consumer
EB-1393027,Consumer
EB-1393031,Consumer
EB-1393045,Consumer
EB-1393059,Consumer
EB-139307,Consumer
EB-1393082,Consumer
EB-13975102,Corporate
EB-13975139,Corporate
EB-139751404,Corporate
EB-139751408,Corporate
EB-1397518,Corporate
EB-1397527,Corporate
EB-1397536,Corporate
EB-1397548,Corporate
EB-1397551,Corporate
EB-1397555,Corporate
EB-1397558,Corporate
EB-1397559,Corporate
EB-1397564,Corporate
EB-139757,Corporate
EB-1397582,Corporate
EB-1397591,Corporate
EB-1397592,Corporate
EB-1397593,Corporate
EB-14110120,Consumer
EB-14110139,Consumer
EB-141101404,Consumer
EB-141101406,Consumer
EB-1411027,Consumer
EB-1411036,Consumer
EB-1411039,Consumer
EB-1411045,Consumer
EB-1411048,Consumer
EB-1411051,Consumer
EB-1411059,Consumer
EB-141107,Consumer
EB-141108,Consumer
EB-1411091,Consumer
EB-1411097,Consumer
EB-141701402,Consumer
EB-141701404,Consumer
EB-141701408,Consumer
EB-14170143,Consumer
EB-1417018,Consumer
EB-1417027,Consumer
EB-1417028,Consumer
EB-1417036,Consumer
EB-1417051,Consumer
EB-1417058,Consumer
EB-1417059,Consumer
EB-1417064,Consumer
EB-1417066,Consumer
EB-141707,Consumer
EB-1417082,Consumer
EB-1417093,Consumer
EB-3705108,Corporate
EB-370538,Corporate
EB-370574,Corporate
EB-3750134,Corporate
EB-3750142,Corporate
EB-375017,Corporate
EB-375023,Corporate
EB-375068,Corporate
EB-3840122,Corporate
EB-3840134,Corporate
EB-3840137,Corporate
EB-384023,Corporate
EB-384060,Corporate
EB-3870131,Consumer
EB-3870134,Consumer
EB-3870147,Consumer
EB-387060,Consumer
EB-387095,Consumer
EB-3930110,Consumer
EB-3930134,Consumer
EB-3930137,Consumer
EB-393033,Consumer
EB-393052,Consumer
EB-393060,Consumer
EB-393087,Consumer
EB-3975110,Corporate
EB-3975111,Corporate
EB-3975117,Corporate
EB-3975126,Corporate
EB-3975147,Corporate
EB-397533,Corporate
EB-397547,Corporate
EB-397561,Corporate
EB-39758,Corporate
EB-411013,Consumer
EB-4110134,Consumer
EB-4110138,Consumer
EB-411038,Consumer
EB-411061,Consumer
EB-411070,Consumer
EB-411079,Consumer
EB-411095,Consumer
EB-4170107,Consumer
EB-4170111,Consumer
EB-4170122,Consumer
EB-417033,Consumer
EB-417060,Consumer
EB-417086,Consumer
EC-1405011,Consumer
EC-14050139,Consumer
EC-1405014,Consumer
EC-140501402,Consumer
EC-140501404,Consumer
EC-140501406,Consumer
EC-140501408,Consumer
EC-1405018,Consumer
EC-1405027,Consumer
EC-1405048,Consumer
EC-140505,Consumer
EC-1405058,Consumer
EC-1405059,Consumer
EC-140507,Consumer
EC-1405082,Consumer
EC-1405092,Consumer
EC-1405097,Consumer
EC-4050108,Consumer
EC-4050110,Consumer
EC-4050145,Consumer
EC-405029,Consumer
EC-405060,Consumer
EC-405094,Consumer
EC-405095,Consumer
ED-138851,Self-Employed
ED-13885120,Self-Employed
ED-13885139,Self-Employed
ED-138851402,Self-Employed
ED-138851404,Self-Employed
ED-138851406,Self-Employed
ED-13885144,Self-Employed
ED-1388518,Self-Employed
ED-1388527,Self-Employed
ED-1388528,Self-Employed
ED-1388539,Self-Employed
ED-1388545,Self-Employed
ED-1388548,Self-Employed
ED-1388551,Self-Employed
ED-1388558,Self-Employed
ED-1388559,Self-Employed
ED-1388564,Self-Employed
ED-138857,Self-Employed
ED-1388582,Self-Employed
ED-3885108,Self-Employed
ED-3885134,Self-Employed
ED-388523,Self-Employed
ED-388532,Self-Employed
ED-388561,Self-Employed
ED-388586,Self-Employed
ED-388595,Self-Employed
EG-1390011,Consumer
EG-13900120,Consumer
EG-13900139,Consumer
EG-139001402,Consumer
EG-139001406,Consumer
EG-139001408,Consumer
EG-13900143,Consumer
EG-1390039,Consumer
EG-1390045,Consumer
EG-1390051,Consumer
EG-1390058,Consumer
EG-139007,Consumer
EG-1390082,Consumer
EG-1390088,Consumer
EG-1390091,Consumer
EG-3900108,Consumer
EG-3900110,Consumer
EG-3900134,Consumer
EG-39003,Consumer
EG-390038,Consumer
EG-390049,Consumer
EG-390060,Consumer
EG-390067,Consumer
EG-390077,Consumer
EG-390095,Consumer
EH-13765124,Corporate
EH-137651402,Corporate
EH-137651404,Corporate
EH-137651406,Corporate
EH-1376518,Corporate
EH-1376527,Corporate
EH-1376545,Corporate
EH-1376548,Corporate
EH-1376555,Corporate
EH-1376564,Corporate
EH-137657,Corporate
EH-1376582,Corporate
EH-1376592,Corporate
EH-139451,Consumer
EH-13945139,Consumer
EH-139451402,Consumer
EH-139451404,Consumer
EH-139451406,Consumer
EH-139451408,Consumer
EH-1394518,Consumer
EH-1394531,Consumer
EH-1394539,Consumer
EH-1394559,Consumer
EH-1394564,Consumer
EH-1394582,Consumer
EH-1394593,Consumer
EH-1394597,Consumer
EH-13990102,Consumer
EH-1399011,Consumer
EH-139901402,Consumer
EH-139901404,Consumer
EH-139901406,Consumer
EH-139901408,Consumer
EH-1399018,Consumer
EH-1399027,Consumer
EH-1399036,Consumer
EH-1399039,Consumer
EH-1399045,Consumer
EH-1399048,Consumer
EH-1399051,Consumer
EH-1399058,Consumer
EH-1399059,Consumer
EH-139907,Consumer
EH-1399080,Consumer
EH-1399082,Consumer
EH-14005102,Self-Employed
EH-14005120,Self-Employed
EH-14005139,Self-Employed
EH-140051402,Self-Employed
EH-140051404,Self-Employed
EH-140051406,Self-Employed
EH-140051408,Self-Employed
EH-1400518,Self-Employed
EH-1400527,Self-Employed
EH-1400531,Self-Employed
EH-1400539,Self-Employed
EH-1400545,Self-Employed
EH-1400551,Self-Employed
EH-1400555,Self-Employed
EH-1400558,Self-Employed
EH-1400559,Self-Employed
EH-140057,Self-Employed
EH-1400578,Self-Employed
EH-14125102,Self-Employed
EH-1412511,Self-Employed
EH-14125120,Self-Employed
EH-14125139,Self-Employed
EH-141251402,Self-Employed
EH-141251404,Self-Employed
EH-141251406,Self-Employed
EH-141251408,Self-Employed
EH-14125144,Self-Employed
EH-1412531,Self-Employed
EH-1412539,Self-Employed
EH-1412545,Self-Employed
EH-1412548,Self-Employed
EH-1412555,Self-Employed
EH-1412558,Self-Employed
EH-1412564,Self-Employed
EH-141257,Self-Employed
EH-1412578,Self-Employed
EH-1412592,Self-Employed
EH-1412593,Self-Employed
EH-14185139,Consumer
EH-141851402,Consumer
EH-141851406,Consumer
EH-141851408,Consumer
EH-14185143,Consumer
EH-1418518,Consumer
EH-1418527,Consumer
EH-1418531,Consumer
EH-1418545,Consumer
EH-1418548,Consumer
EH-141855,Consumer
EH-1418559,Consumer
EH-141857,Consumer
EH-1418582,Consumer
EH-1418588,Consumer
EH-1418592,Consumer
EH-1418597,Consumer
EH-3765134,Corporate
EH-3765146,Corporate
EH-376546,Corporate
EH-376549,Corporate
EH-376595,Corporate
EH-3945110,Consumer
EH-3945117,Consumer
EH-3945137,Consumer
EH-394519,Consumer
EH-394523,Consumer
EH-394529,Consumer
EH-394533,Consumer
EH-394560,Consumer
EH-3990134,Consumer
EH-3990146,Consumer
EH-399033,Consumer
EH-399081,Consumer
EH-399095,Consumer
EH-4005103,Self-Employed
EH-4005108,Self-Employed
EH-4005110,Self-Employed
EH-4005111,Self-Employed
EH-400549,Self-Employed
EH-400587,Self-Employed
EH-400595,Self-Employed
EH-4125110,Self-Employed
EH-4125116,Self-Employed
EH-4125117,Self-Employed
EH-4125134,Self-Employed
EH-4125147,Self-Employed
EH-412538,Self-Employed
EH-412557,Self-Employed
EH-412561,Self-Employed
EH-412595,Self-Employed
EH-4185109,Consumer
EH-4185129,Consumer
EH-418538,Consumer
EH-418560,Consumer
EH-418561,Consumer
EH-41858,Consumer
EH-418587,Consumer
EJ-13720102,Consumer
EJ-13720113,Consumer
EJ-13720118,Consumer
EJ-137201402,Consumer
EJ-137201404,Consumer
EJ-137201406,Consumer
EJ-1372018,Consumer
EJ-1372039,Consumer
EJ-1372045,Consumer
EJ-1372048,Consumer
EJ-1372059,Consumer
EJ-1372064,Consumer
EJ-137207,Consumer
EJ-1372082,Consumer
EJ-1372096,Consumer
EJ-14155120,Consumer
EJ-14155130,Consumer
EJ-14155139,Consumer
EJ-141551404,Consumer
EJ-141551406,Consumer
EJ-141551408,Consumer
EJ-1415516,Consumer
EJ-1415531,Consumer
EJ-1415545,Consumer
EJ-1415548,Consumer
EJ-1415555,Consumer
EJ-1415559,Consumer
EJ-141557,Consumer
EJ-1415582,Consumer
EJ-1415591,Consumer
EJ-1415592,Consumer
EJ-3720108,Consumer
EJ-3720117,Consumer
EJ-372033,Consumer
EJ-372060,Consumer
EJ-372069,Consumer
EJ-372095,Consumer
EJ-4155110,Consumer
EJ-415522,Consumer
EJ-415538,Consumer
EJ-415561,Consumer
EJ-415586,Consumer
EK-13795102,Self-Employed
EK-13795139,Self-Employed
EK-137951402,Self-Employed
EK-137951404,Self-Employed
EK-1379527,Self-Employed
EK-1379539,Self-Employed
EK-1379545,Self-Employed
EK-1379548,Self-Employed
EK-1379558,Self-Employed
EK-1379559,Self-Employed
EK-1379582,Self-Employed
EK-1379588,Self-Employed
EK-1379591,Self-Employed
EK-3795103,Self-Employed
EK-3795126,Self-Employed
EK-379519,Self-Employed
EK-379561,Self-Employed
EK-379586,Self-Employed
EK-379595,Self-Employed
EL-13735120,Self-Employed
EL-13735139,Self-Employed
EL-137351402,Self-Employed
EL-137351406,Self-Employed
EL-1373527,Self-Employed
EL-1373531,Self-Employed
EL-1373536,Self-Employed
EL-1373545,Self-Employed
EL-1373548,Self-Employed
EL-137355,Self-Employed
EL-1373555,Self-Employed
EL-1373558,Self-Employed
EL-137357,Self-Employed
EL-1373582,Self-Employed
EL-1373592,Self-Employed
EL-1373593,Self-Employed
EL-3735117,Self-Employed
EL-3735142,Self-Employed
EL-373538,Self-Employed
EL-373560,Self-Employed
EL-373595,Self-Employed
EM-13810120,Corporate
EM-13810139,Corporate
EM-138101404,Corporate
EM-138101406,Corporate
EM-1381018,Corporate
EM-1381031,Corporate
EM-1381036,Corporate
EM-1381048,Corporate
EM-138105,Corporate
EM-1381058,Corporate
EM-1381064,Corporate
EM-138107,Corporate
EM-1381082,Corporate
EM-1381092,Corporate
EM-13825102,Corporate
EM-13825139,Corporate
EM-138251402,Corporate
EM-138251404,Corporate
EM-138251406,Corporate
EM-138251408,Corporate
EM-1382531,Corporate
EM-1382539,Corporate
EM-1382545,Corporate
EM-138255,Corporate
EM-1382551,Corporate
EM-1382555,Corporate
EM-1382559,Corporate
EM-1382564,Corporate
EM-1382566,Corporate
EM-138257,Corporate
EM-1382597,Corporate
EM-1382598,Corporate
EM-13960102,Consumer
EM-13960104,Consumer
EM-13960120,Consumer
EM-13960124,Consumer
EM-13960139,Consumer
EM-139601402,Consumer
EM-139601404,Consumer
EM-139601406,Consumer
EM-13960143,Consumer
EM-13960144,Consumer
EM-1396027,Consumer
EM-1396048,Consumer
EM-1396058,Consumer
EM-1396059,Consumer
EM-1396062,Consumer
EM-1396064,Consumer
EM-139607,Consumer
EM-1396082,Consumer
EM-1396092,Consumer
EM-14065113,Consumer
EM-14065120,Consumer
EM-140651402,Consumer
EM-140651406,Consumer
EM-140651408,Consumer
EM-1406527,Consumer
EM-1406536,Consumer
EM-1406537,Consumer
EM-1406548,Consumer
EM-1406558,Consumer
EM-1406559,Consumer
EM-140657,Consumer
EM-1406582,Consumer
EM-1406593,Consumer
EM-14095139,Corporate
EM-140951404,Corporate
EM-140951406,Corporate
EM-140951408,Corporate
EM-14095144,Corporate
EM-1409539,Corporate
EM-1409545,Corporate
EM-1409548,Corporate
EM-1409564,Corporate
EM-140957,Corporate
EM-1409582,Corporate
EM-14140102,Self-Employed
EM-1414011,Self-Employed
EM-14140124,Self-Employed
EM-14140139,Self-Employed
EM-141401402,Self-Employed
EM-141401404,Self-Employed
EM-141401406,Self-Employed
EM-14140143,Self-Employed
EM-1414027,Self-Employed
EM-1414028,Self-Employed
EM-1414031,Self-Employed
EM-1414039,Self-Employed
EM-1414048,Self-Employed
EM-141405,Self-Employed
EM-1414051,Self-Employed
EM-1414054,Self-Employed
EM-1414058,Self-Employed
EM-1414059,Self-Employed
EM-141407,Self-Employed
EM-1414082,Self-Employed
EM-1414093,Self-Employed
EM-14200102,Self-Employed
EM-1420011,Self-Employed
EM-14200130,Self-Employed
EM-14200139,Self-Employed
EM-142001402,Self-Employed
EM-142001408,Self-Employed
EM-1420018,Self-Employed
EM-1420027,Self-Employed
EM-1420031,Self-Employed
EM-1420039,Self-Employed
EM-1420045,Self-Employed
EM-1420048,Self-Employed
EM-1420051,Self-Employed
EM-1420055,Self-Employed
EM-142007,Self-Employed
EM-1420082,Self-Employed
EM-1420092,Self-Employed
EM-3810129,Corporate
EM-3810137,Corporate
EM-3810147,Corporate
EM-381032,Corporate
EM-381038,Corporate
EM-3825134,Corporate
EM-38252,Corporate
EM-382523,Corporate
EM-382561,Corporate
EM-382595,Corporate
EM-3960134,Consumer
EM-396023,Consumer
EM-396033,Consumer
EM-396038,Consumer
EM-396061,Consumer
EM-396083,Consumer
EM-396086,Consumer
EM-396095,Consumer
EM-4065110,Consumer
EM-4065133,Consumer
EM-4065134,Consumer
EM-406522,Consumer
EM-406523,Consumer
EM-406533,Consumer
EM-406538,Consumer
EM-406560,Consumer
EM-4095107,Corporate
EM-4095108,Corporate
EM-4095134,Corporate
EM-409523,Corporate
EM-409561,Corporate
EM-409577,Corporate
EM-409587,Corporate
EM-4140134,Self-Employed
EM-4140147,Self-Employed
EM-414038,Self-Employed
EM-414060,Self-Employed
EM-414069,Self-Employed
EM-414086,Self-Employed
EM-4200108,Self-Employed
EM-4200122,Self-Employed
EM-4200134,Self-Employed
EM-420086,Self-Employed
EN-13780101,Consumer
EN-13780102,Consumer
EN-137801402,Consumer
EN-137801406,Consumer
EN-1378028,Consumer
EN-1378045,Consumer
EN-1378051,Consumer
EN-1378055,Consumer
EN-1378058,Consumer
EN-1378059,Consumer
EN-137807,Consumer
EN-1378082,Consumer
EN-1378097,Consumer
EN-3780108,Consumer
EN-3780134,Consumer
EN-3780145,Consumer
EN-378033,Consumer
EN-378038,Consumer
EN-378095,Consumer
EP-13915102,Consumer
EP-139151402,Consumer
EP-139151404,Consumer
EP-139151406,Consumer
EP-139151408,Consumer
EP-1391527,Consumer
EP-1391545,Consumer
EP-1391548,Consumer
EP-1391558,Consumer
EP-1391559,Consumer
EP-1391564,Consumer
EP-139157,Consumer
EP-1391582,Consumer
EP-1391597,Consumer
EP-3915134,Consumer
EP-39154,Consumer
EP-391540,Consumer
ER-13855102,Corporate
ER-13855120,Corporate
ER-13855139,Corporate
ER-138551402,Corporate
ER-138551404,Corporate
ER-138551408,Corporate
ER-1385518,Corporate
ER-1385527,Corporate
ER-1385528,Corporate
ER-1385531,Corporate
ER-1385536,Corporate
ER-1385539,Corporate
ER-1385545,Corporate
ER-138557,Corporate
ER-138558,Corporate
ER-1385597,Corporate
ER-3855134,Corporate
ER-3855137,Corporate
ER-385533,Corporate
ER-385535,Corporate
ER-385557,Corporate
ER-385560,Corporate
ES-14020120,Consumer
ES-14020125,Consumer
ES-14020130,Consumer
ES-14020139,Consumer
ES-140201402,Consumer
ES-140201404,Consumer
ES-140201406,Consumer
ES-140201408,Consumer
ES-1402018,Consumer
ES-1402027,Consumer
ES-1402028,Consumer
ES-1402039,Consumer
ES-1402045,Consumer
ES-1402048,Consumer
ES-1402055,Consumer
ES-1402059,Consumer
ES-1402082,Consumer
ES-1402093,Consumer
ES-1402097,Consumer
ES-14080118,Corporate
ES-14080139,Corporate
ES-140801404,Corporate
ES-140801406,Corporate
ES-140801408,Corporate
ES-1408018,Corporate
ES-1408027,Corporate
ES-1408036,Corporate
ES-1408045,Corporate
ES-1408048,Corporate
ES-1408059,Corporate
ES-140807,Corporate
ES-1408082,Corporate
ES-402013,Consumer
ES-4020135,Consumer
ES-402023,Consumer
ES-402057,Consumer
ES-402060,Consumer
ES-402069,Consumer
ES-402095,Consumer
ES-408010,Corporate
ES-4080117,Corporate
ES-4080122,Corporate
ES-4080131,Corporate
ES-4080134,Corporate
ES-4080142,Corporate
ES-40803,Corporate
ES-408086,Corporate
FA-14230104,Corporate
FA-14230113,Corporate
FA-14230120,Corporate
FA-14230139,Corporate
FA-142301402,Corporate
FA-142301404,Corporate
FA-142301408,Corporate
FA-1423018,Corporate
FA-1423027,Corporate
FA-1423045,Corporate
FA-1423048,Corporate
FA-1423055,Corporate
FA-1423058,Corporate
FA-1423059,Corporate
FA-1423064,Corporate
FA-1423082,Corporate
FA-1423091,Corporate
FA-1423093,Corporate
FA-4230137,Corporate
FA-423038,Corporate
FA-423086,Corporate
FA-423095,Corporate
FC-14245118,Self-Employed
FC-14245130,Self-Employed
FC-14245139,Self-Employed
FC-142451402,Self-Employed
FC-142451404,Self-Employed
FC-142451406,Self-Employed
FC-142451408,Self-Employed
FC-14245141,Self-Employed
FC-1424527,Self-Employed
FC-1424528,Self-Employed
FC-1424531,Self-Employed
FC-1424536,Self-Employed
FC-1424544,Self-Employed
FC-1424564,Self-Employed
FC-142457,Self-Employed
FC-1424578,Self-Employed
FC-14335139,Corporate
FC-143351402,Corporate
FC-143351404,Corporate
FC-143351406,Corporate
FC-14335144,Corporate
FC-1433527,Corporate
FC-1433531,Corporate
FC-1433545,Corporate
FC-143355,Corporate
FC-1433559,Corporate
FC-1433564,Corporate
FC-143357,Corporate
FC-1433582,Corporate
FC-4245119,Self-Employed
FC-4245134,Self-Employed
FC-4245137,Self-Employed
FC-424561,Self-Employed
FC-424577,Self-Employed
FC-424586,Self-Employed
FC-4335137,Corporate
FC-433533,Corporate
FC-433560,Corporate
FC-433561,Corporate
FG-142601402,Self-Employed
FG-142601404,Self-Employed
FG-142601406,Self-Employed
FG-1426031,Self-Employed
FG-1426045,Self-Employed
FG-1426048,Self-Employed
FG-142605,Self-Employed
FG-1426058,Self-Employed
FG-142607,Self-Employed
FG-142608,Self-Employed
FG-1426092,Self-Employed
FG-4260108,Self-Employed
FG-4260111,Self-Employed
FG-4260117,Self-Employed
FG-4260134,Self-Employed
FG-4260137,Self-Employed
FG-426023,Self-Employed
FG-426061,Self-Employed
FG-426068,Self-Employed
FG-426095,Self-Employed
FH-14275139,Corporate
FH-1427514,Corporate
FH-142751402,Corporate
FH-142751404,Corporate
FH-142751406,Corporate
FH-142751408,Corporate
FH-1427528,Corporate
FH-1427531,Corporate
FH-1427545,Corporate
FH-1427548,Corporate
FH-1427558,Corporate
FH-1427559,Corporate
FH-1427582,Corporate
FH-1435012,Consumer
FH-14350139,Consumer
FH-143501402,Consumer
FH-143501404,Consumer
FH-143501406,Consumer
FH-143501408,Consumer
FH-1435018,Consumer
FH-1435027,Consumer
FH-1435039,Consumer
FH-1435045,Consumer
FH-1435048,Consumer
FH-1435059,Consumer
FH-143507,Consumer
FH-1435082,Consumer
FH-14365102,Corporate
FH-14365120,Corporate
FH-143651404,Corporate
FH-143651406,Corporate
FH-143651408,Corporate
FH-1436527,Corporate
FH-1436539,Corporate
FH-1436545,Corporate
FH-1436548,Corporate
FH-1436559,Corporate
FH-1436564,Corporate
FH-143657,Corporate
FH-1436582,Corporate
FH-1436592,Corporate
FH-1436593,Corporate
FH-1436596,Corporate
FH-1436597,Corporate
FH-1436598,Corporate
FH-4275134,Corporate
FH-4275146,Corporate
FH-427561,Corporate
FH-427586,Corporate
FH-4350117,Consumer
FH-4350134,Consumer
FH-435095,Consumer
FH-4365103,Corporate
FH-4365110,Corporate
FH-4365134,Corporate
FH-4365137,Corporate
FH-436538,Corporate
FH-436560,Corporate
FH-436561,Corporate
FM-14215120,Corporate
FM-142151404,Corporate
FM-142151406,Corporate
FM-142151408,Corporate
FM-1421518,Corporate
FM-1421528,Corporate
FM-1421531,Corporate
FM-1421545,Corporate
FM-1421548,Corporate
FM-1421551,Corporate
FM-1421559,Corporate
FM-1421564,Corporate
FM-142157,Corporate
FM-1421578,Corporate
FM-1421582,Corporate
FM-14290124,Self-Employed
FM-14290132,Self-Employed
FM-142901402,Self-Employed
FM-142901404,Self-Employed
FM-142901406,Self-Employed
FM-142901408,Self-Employed
FM-1429018,Self-Employed
FM-1429027,Self-Employed
FM-1429031,Self-Employed
FM-1429036,Self-Employed
FM-1429045,Self-Employed
FM-1429048,Self-Employed
FM-1429055,Self-Employed
FM-1429059,Self-Employed
FM-1429065,Self-Employed
FM-142907,Self-Employed
FM-1429082,Self-Employed
FM-14380102,Consumer
FM-14380120,Consumer
FM-14380139,Consumer
FM-143801402,Consumer
FM-143801404,Consumer
FM-143801406,Consumer
FM-143801408,Consumer
FM-1438026,Consumer
FM-1438027,Consumer
FM-1438036,Consumer
FM-1438048,Consumer
FM-1438059,Consumer
FM-1438064,Consumer
FM-143807,Consumer
FM-4215134,Corporate
FM-421533,Corporate
FM-42158,Corporate
FM-421586,Corporate
FM-4290103,Self-Employed
FM-4290131,Self-Employed
FM-429057,Self-Employed
FM-429069,Self-Employed
FM-429095,Self-Employed
FM-4380103,Consumer
FM-4380134,Consumer
FM-4380137,Consumer
FM-438068,Consumer
FM-438095,Consumer
FO-14305120,Consumer
FO-1430514,Consumer
FO-143051402,Consumer
FO-143051404,Consumer
FO-143051406,Consumer
FO-143051408,Consumer
FO-14305143,Consumer
FO-1430518,Consumer
FO-1430527,Consumer
FO-1430545,Consumer
FO-1430548,Consumer
FO-1430559,Consumer
FO-1430564,Consumer
FO-143057,Consumer
FO-1430578,Consumer
FO-143058,Consumer
FO-1430582,Consumer
FO-1430591,Consumer
FO-1430593,Consumer
FO-1430598,Consumer
FO-4305103,Consumer
FO-4305108,Consumer
FO-4305117,Consumer
FO-4305126,Consumer
FO-4305134,Consumer
FO-4305135,Consumer
FO-430538,Consumer
FO-430567,Consumer
FO-430570,Consumer
FP-14320130,Consumer
FP-14320139,Consumer
FP-143201402,Consumer
FP-143201404,Consumer
FP-143201406,Consumer
FP-1432018,Consumer
FP-1432027,Consumer
FP-1432034,Consumer
FP-1432036,Consumer
FP-1432039,Consumer
FP-1432045,Consumer
FP-1432048,Consumer
FP-143205,Consumer
FP-1432059,Consumer
FP-143207,Consumer
FP-1432082,Consumer
FP-1432091,Consumer
FP-4320117,Consumer
FP-4320134,Consumer
FP-4320142,Consumer
FP-432038,Consumer
FW-1439511,Corporate
FW-1439512,Corporate
FW-14395121,Corporate
FW-143951404,Corporate
FW-143951406,Corporate
FW-143951408,Corporate
FW-1439518,Corporate
FW-1439527,Corporate
FW-1439528,Corporate
FW-1439539,Corporate
FW-1439545,Corporate
FW-1439548,Corporate
FW-143955,Corporate
FW-1439555,Corporate
FW-1439559,Corporate
FW-1439582,Corporate
FW-1439592,Corporate
FW-1439593,Corporate
FW-4395110,Corporate
FW-4395134,Corporate
FW-4395137,Corporate
FW-439522,Corporate
FW-439533,Corporate
FW-439561,Corporate
FW-439575,Corporate
FW-439579,Corporate
GA-14515102,Consumer
GA-14515125,Consumer
GA-145151402,Consumer
GA-145151404,Consumer
GA-145151406,Consumer
GA-145151408,Consumer
GA-1451545,Consumer
GA-1451548,Consumer
GA-145155,Consumer
GA-1451555,Consumer
GA-145157,Consumer
GA-145158,Consumer
GA-1451582,Consumer
GA-1451591,Consumer
GA-1451593,Consumer
GA-14725118,Consumer
GA-147251402,Consumer
GA-147251404,Consumer
GA-147251406,Consumer
GA-147251408,Consumer
GA-1472527,Consumer
GA-1472545,Consumer
GA-147255,Consumer
GA-1472559,Consumer
GA-1472564,Consumer
GA-147257,Consumer
GA-1472582,Consumer
GA-1472592,Consumer
GA-1472598,Consumer
GA-4515103,Consumer
GA-4515107,Consumer
GA-4515117,Consumer
GA-4515134,Consumer
GA-45152,Consumer
GA-451533,Consumer
GA-451595,Consumer
GA-4725134,Consumer
GA-4725137,Consumer
GA-472567,Consumer
GB-145301402,Corporate
GB-145301404,Corporate
GB-145301406,Corporate
GB-145301408,Corporate
GB-1453018,Corporate
GB-1453027,Corporate
GB-1453039,Corporate
GB-1453045,Corporate
GB-1453058,Corporate
GB-1453062,Corporate
GB-1453064,Corporate
GB-145307,Corporate
GB-1453092,Corporate
GB-1453097,Corporate
GB-145751402,Consumer
GB-145751406,Consumer
GB-145751408,Consumer
GB-1457518,Consumer
GB-1457526,Consumer
GB-1457536,Consumer
GB-1457545,Consumer
GB-1457548,Consumer
GB-1457555,Consumer
GB-1457558,Consumer
GB-1457559,Consumer
GB-1457564,Consumer
GB-145757,Consumer
GB-1457582,Consumer
GB-1457591,Consumer
GB-1457597,Consumer
GB-1457598,Consumer
GB-4530134,Corporate
GB-453022,Corporate
GB-453023,Corporate
GB-45308,Corporate
GB-453086,Corporate
GB-4575117,Consumer
GB-4575134,Consumer
GB-457533,Consumer
GB-457538,Consumer
GB-457583,Consumer
GD-14590130,Corporate
GD-14590139,Corporate
GD-145901404,Corporate
GD-145901406,Corporate
GD-145901408,Corporate
GD-1459027,Corporate
GD-1459028,Corporate
GD-1459045,Corporate
GD-1459048,Corporate
GD-145905,Corporate
GD-1459055,Corporate
GD-1459064,Corporate
GD-145907,Corporate
GD-1459082,Corporate
GD-1459091,Corporate
GD-1459092,Corporate
GD-4590110,Corporate
GD-459019,Corporate
GD-459095,Corporate
GG-14650113,Corporate
GG-14650139,Corporate
GG-146501402,Corporate
GG-146501404,Corporate
GG-146501406,Corporate
GG-146501408,Corporate
GG-1465027,Corporate
GG-1465036,Corporate
GG-1465045,Corporate
GG-1465048,Corporate
GG-146505,Corporate
GG-1465051,Corporate
GG-1465058,Corporate
GG-1465082,Corporate
GG-4650108,Corporate
GG-4650134,Corporate
GG-465084,Corporate
GG-465086,Corporate
GG-46509,Corporate
GH-14410101,Self-Employed
GH-14410120,Self-Employed
GH-14410139,Self-Employed
GH-144101402,Self-Employed
GH-144101404,Self-Employed
GH-144101406,Self-Employed
GH-144101408,Self-Employed
GH-1441018,Self-Employed
GH-1441045,Self-Employed
GH-1441051,Self-Employed
GH-1441055,Self-Employed
GH-1441058,Self-Employed
GH-1441064,Self-Employed
GH-144107,Self-Employed
GH-144108,Self-Employed
GH-1441082,Self-Employed
GH-1441092,Self-Employed
GH-14425102,Consumer
GH-14425139,Consumer
GH-144251404,Consumer
GH-144251408,Consumer
GH-1442527,Consumer
GH-1442536,Consumer
GH-1442545,Consumer
GH-1442548,Consumer
GH-1442555,Consumer
GH-1442558,Consumer
GH-1442564,Consumer
GH-144257,Consumer
GH-1442578,Consumer
GH-1442582,Consumer
GH-1442591,Consumer
GH-1442596,Consumer
GH-1442598,Consumer
GH-14485102,Corporate
GH-14485120,Corporate
GH-14485139,Corporate
GH-144851402,Corporate
GH-1448531,Corporate
GH-1448545,Corporate
GH-1448548,Corporate
GH-1448551,Corporate
GH-1448558,Corporate
GH-1448559,Corporate
GH-1448564,Corporate
GH-1448566,Corporate
GH-144857,Corporate
GH-1448582,Corporate
GH-14665101,Consumer
GH-1466511,Consumer
GH-14665113,Consumer
GH-14665124,Consumer
GH-14665127,Consumer
GH-14665139,Consumer
GH-146651402,Consumer
GH-14665144,Consumer
GH-1466518,Consumer
GH-1466527,Consumer
GH-1466536,Consumer
GH-1466545,Consumer
GH-1466548,Consumer
GH-1466559,Consumer
GH-1466564,Consumer
GH-1466566,Consumer
GH-146657,Consumer
GH-1466582,Consumer
GH-1466598,Consumer
GH-4410117,Self-Employed
GH-441013,Self-Employed
GH-4410137,Self-Employed
GH-441015,Self-Employed
GH-44103,Self-Employed
GH-441032,Self-Employed
GH-441060,Self-Employed
GH-441086,Self-Employed
GH-4425111,Consumer
GH-4425134,Consumer
GH-442523,Consumer
GH-442533,Consumer
GH-442538,Consumer
GH-442561,Consumer
GH-442586,Consumer
GH-442595,Consumer
GH-448523,Corporate
GH-448538,Corporate
GH-448595,Corporate
GH-4665107,Consumer
GH-4665117,Consumer
GH-4665134,Consumer
GH-4665136,Consumer
GH-4665138,Consumer
GH-466523,Consumer
GH-466538,Consumer
GH-466557,Consumer
GH-466577,Consumer
GK-14620101,Corporate
GK-14620130,Corporate
GK-14620139,Corporate
GK-146201402,Corporate
GK-146201404,Corporate
GK-146201406,Corporate
GK-146201408,Corporate
GK-1462018,Corporate
GK-1462026,Corporate
GK-1462027,Corporate
GK-1462036,Corporate
GK-1462045,Corporate
GK-1462048,Corporate
GK-1462055,Corporate
GK-1462058,Corporate
GK-146207,Corporate
GK-1462092,Corporate
GK-4620137,Corporate
GK-46204,Corporate
GK-462086,Corporate
GK-462095,Corporate
GM-14440118,Consumer
GM-144401404,Consumer
GM-144401406,Consumer
GM-144401408,Consumer
GM-1444027,Consumer
GM-1444036,Consumer
GM-1444037,Consumer
GM-1444045,Consumer
GM-144405,Consumer
GM-1444058,Consumer
GM-1444064,Consumer
GM-144407,Consumer
GM-144408,Consumer
GM-1444082,Consumer
GM-1444091,Consumer
GM-1444092,Consumer
GM-1444096,Consumer
GM-144551,Self-Employed
GM-14455120,Self-Employed
GM-14455139,Self-Employed
GM-144551402,Self-Employed
GM-144551406,Self-Employed
GM-1445527,Self-Employed
GM-1445531,Self-Employed
GM-1445545,Self-Employed
GM-1445558,Self-Employed
GM-1445592,Self-Employed
GM-1445598,Self-Employed
GM-14500101,Consumer
GM-14500130,Consumer
GM-145001402,Consumer
GM-145001404,Consumer
GM-145001406,Consumer
GM-145001408,Consumer
GM-14500144,Consumer
GM-1450018,Consumer
GM-1450027,Consumer
GM-1450039,Consumer
GM-1450044,Consumer
GM-1450045,Consumer
GM-1450082,Consumer
GM-1450093,Consumer
GM-1450098,Consumer
GM-14680102,Consumer
GM-14680124,Consumer
GM-146801404,Consumer
GM-146801406,Consumer
GM-1468018,Consumer
GM-1468027,Consumer
GM-1468045,Consumer
GM-1468054,Consumer
GM-1468059,Consumer
GM-146807,Consumer
GM-1468082,Consumer
GM-1468091,Consumer
GM-1468093,Consumer
GM-14695102,Corporate
GM-14695139,Corporate
GM-146951404,Corporate
GM-146951408,Corporate
GM-14695143,Corporate
GM-1469527,Corporate
GM-1469531,Corporate
GM-1469539,Corporate
GM-1469545,Corporate
GM-1469548,Corporate
GM-146955,Corporate
GM-1469558,Corporate
GM-146957,Corporate
GM-4440110,Consumer
GM-4440137,Consumer
GM-444022,Consumer
GM-444038,Consumer
GM-444086,Consumer
GM-44409,Consumer
GM-444095,Consumer
GM-4455116,Self-Employed
GM-4455134,Self-Employed
GM-445586,Self-Employed
GM-4500111,Consumer
GM-45004,Consumer
GM-450061,Consumer
GM-45008,Consumer
GM-4680110,Consumer
GM-4680133,Consumer
GM-4680134,Consumer
GM-468061,Consumer
GM-468070,Consumer
GM-46809,Consumer
GM-4695107,Corporate
GM-4695110,Corporate
GM-4695134,Corporate
GM-469538,Corporate
GM-469561,Corporate
GM-469579,Corporate
GM-469586,Corporate
GP-14740120,Corporate
GP-14740139,Corporate
GP-147401406,Corporate
GP-1474018,Corporate
GP-1474031,Corporate
GP-1474036,Corporate
GP-1474045,Corporate
GP-1474058,Corporate
GP-1474064,Corporate
GP-1474082,Corporate
GP-1474092,Corporate
GP-1474093,Corporate
GP-1474097,Corporate
GP-1474099,Corporate
GP-4740110,Corporate
GP-4740111,Corporate
GP-4740134,Corporate
GP-474075,Corporate
GP-474079,Corporate
GP-474086,Corporate
GP-474089,Corporate
GR-14560124,Corporate
GR-145601404,Corporate
GR-145601406,Corporate
GR-1456027,Corporate
GR-1456031,Corporate
GR-1456045,Corporate
GR-1456048,Corporate
GR-1456054,Corporate
GR-1456055,Corporate
GR-1456058,Corporate
GR-1456059,Corporate
GR-1456064,Corporate
GR-1456066,Corporate
GR-145607,Corporate
GR-1456082,Corporate
GR-1456088,Corporate
GR-1456096,Corporate
GR-1456097,Corporate
GR-4560133,Corporate
GR-4560134,Corporate
GR-4560147,Corporate
GR-456060,Corporate
GR-456072,Corporate
GR-456095,Corporate
GT-14635118,Corporate
GT-14635120,Corporate
GT-14635124,Corporate
GT-14635139,Corporate
GT-146351406,Corporate
GT-146351408,Corporate
GT-1463531,Corporate
GT-1463545,Corporate
GT-1463548,Corporate
GT-1463555,Corporate
GT-1463558,Corporate
GT-1463559,Corporate
GT-1463564,Corporate
GT-146357,Corporate
GT-1463582,Corporate
GT-1463597,Corporate
GT-1463598,Corporate
GT-14710118,Consumer
GT-14710120,Consumer
GT-14710125,Consumer
GT-14710139,Consumer
GT-147101402,Consumer
GT-147101404,Consumer
GT-147101406,Consumer
GT-1471031,Consumer
GT-1471039,Consumer
GT-1471048,Consumer
GT-1471055,Consumer
GT-1471058,Consumer
GT-147107,Consumer
GT-1471082,Consumer
GT-1471092,Consumer
GT-1471098,Consumer
GT-14755139,Consumer
GT-147551402,Consumer
GT-147551404,Consumer
GT-14755144,Consumer
GT-1475518,Consumer
GT-1475527,Consumer
GT-1475536,Consumer
GT-1475545,Consumer
GT-1475548,Consumer
GT-1475558,Consumer
GT-1475564,Consumer
GT-147557,Consumer
GT-1475582,Consumer
GT-1475591,Consumer
GT-1475592,Consumer
GT-1475593,Consumer
GT-4635107,Corporate
GT-4635116,Corporate
GT-4635122,Corporate
GT-463568,Corporate
GT-463573,Corporate
GT-463574,Corporate
GT-463586,Corporate
GT-4710108,Consumer
GT-471017,Consumer
GT-471094,Consumer
GT-471095,Consumer
GT-4755117,Consumer
GT-4755134,Consumer
GT-4755137,Consumer
GT-475523,Consumer
GT-475533,Consumer
GT-475557,Consumer
GW-14605102,Consumer
GW-14605120,Consumer
GW-14605139,Consumer
GW-146051402,Consumer
GW-146051404,Consumer
GW-146051406,Consumer
GW-146051408,Consumer
GW-1460527,Consumer
GW-1460539,Consumer
GW-1460545,Consumer
GW-1460548,Consumer
GW-1460555,Consumer
GW-1460558,Consumer
GW-1460565,Consumer
GW-146057,Consumer
GW-1460592,Consumer
GW-4605108,Consumer
GW-4605117,Consumer
GW-4605134,Consumer
GW-460560,Consumer
GW-460579,Consumer
GW-460595,Consumer
GZ-14470102,Consumer
GZ-14470120,Consumer
GZ-144701402,Consumer
GZ-144701404,Consumer
GZ-144701406,Consumer
GZ-144701408,Consumer
GZ-1447018,Consumer
GZ-1447027,Consumer
GZ-1447028,Consumer
GZ-1447036,Consumer
GZ-1447039,Consumer
GZ-1447045,Consumer
GZ-1447048,Consumer
GZ-1447051,Consumer
GZ-1447055,Consumer
GZ-1447058,Consumer
GZ-1447064,Consumer
GZ-144707,Consumer
GZ-1447082,Consumer
GZ-1447091,Consumer
GZ-1447092,Consumer
GZ-1447098,Consumer
GZ-14545118,Corporate
GZ-14545130,Corporate
GZ-145451404,Corporate
GZ-145451406,Corporate
GZ-1454527,Corporate
GZ-1454531,Corporate
GZ-1454536,Corporate
GZ-1454539,Corporate
GZ-1454545,Corporate
GZ-1454548,Corporate
GZ-1454558,Corporate
GZ-1454559,Corporate
GZ-145457,Corporate
GZ-1454582,Corporate
GZ-4470103,Consumer
GZ-4470107,Consumer
GZ-4470110,Consumer
GZ-4470134,Consumer
GZ-4470137,Consumer
GZ-447023,Consumer
GZ-447033,Consumer
GZ-447049,Consumer
GZ-4545108,Corporate
GZ-4545134,Corporate
GZ-454523,Corporate
GZ-454561,Corporate
GZ-45459,Corporate
GZ-454595,Corporate
HA-14905101,Consumer
HA-14905102,Consumer
HA-14905104,Consumer
HA-1490511,Consumer
HA-14905120,Consumer
HA-149051402,Consumer
HA-149051404,Consumer
HA-149051406,Consumer
HA-1490518,Consumer
HA-1490527,Consumer
HA-1490551,Consumer
HA-1490559,Consumer
HA-1490564,Consumer
HA-1490582,Consumer
HA-1490592,Consumer
HA-1490598,Consumer
HA-14920120,Consumer
HA-149201402,Consumer
HA-149201404,Consumer
HA-149201406,Consumer
HA-149201408,Consumer
HA-1492016,Consumer
HA-1492027,Consumer
HA-1492045,Consumer
HA-1492048,Consumer
HA-1492051,Consumer
HA-1492059,Consumer
HA-1492064,Consumer
HA-149207,Consumer
HA-1492082,Consumer
HA-1492092,Consumer
HA-4905117,Consumer
HA-4905134,Consumer
HA-490560,Consumer
HA-490563,Consumer
HA-4920108,Consumer
HA-4920134,Consumer
HA-492023,Consumer
HA-492060,Consumer
HA-492063,Consumer
HD-14785101,Self-Employed
HD-14785120,Self-Employed
HD-14785124,Self-Employed
HD-14785139,Self-Employed
HD-147851402,Self-Employed
HD-147851406,Self-Employed
HD-1478518,Self-Employed
HD-1478527,Self-Employed
HD-1478528,Self-Employed
HD-1478536,Self-Employed
HD-1478548,Self-Employed
HD-1478555,Self-Employed
HD-1478558,Self-Employed
HD-1478559,Self-Employed
HD-1478565,Self-Employed
HD-147857,Self-Employed
HD-1478582,Self-Employed
HD-1478592,Self-Employed
HD-1478598,Self-Employed
HD-4785117,Self-Employed
HD-4785137,Self-Employed
HD-478522,Self-Employed
HD-478533,Self-Employed
HD-478573,Self-Employed
HD-478595,Self-Employed
HE-14800113,Corporate
HE-14800130,Corporate
HE-14800139,Corporate
HE-1480014,Corporate
HE-148001402,Corporate
HE-148001406,Corporate
HE-1480018,Corporate
HE-1480027,Corporate
HE-1480028,Corporate
HE-1480031,Corporate
HE-1480048,Corporate
HE-1480051,Corporate
HE-1480059,Corporate
HE-1480064,Corporate
HE-1480082,Corporate
HE-1480091,Corporate
HE-1480092,Corporate
HE-1480098,Corporate
HE-4800107,Corporate
HE-4800108,Corporate
HE-4800129,Corporate
HE-480033,Corporate
HE-480060,Corporate
HE-480095,Corporate
HF-14995102,Consumer
HF-14995120,Consumer
HF-14995139,Consumer
HF-149951402,Consumer
HF-149951404,Consumer
HF-149951406,Consumer
HF-149951408,Consumer
HF-1499518,Consumer
HF-1499527,Consumer
HF-1499534,Consumer
HF-1499536,Consumer
HF-1499545,Consumer
HF-1499548,Consumer
HF-149955,Consumer
HF-1499559,Consumer
HF-149957,Consumer
HF-149958,Consumer
HF-1499582,Consumer
HF-4995111,Consumer
HF-4995134,Consumer
HF-4995145,Consumer
HF-4995146,Consumer
HF-49953,Consumer
HF-499560,Consumer
HG-14845113,Consumer
HG-14845120,Consumer
HG-148451402,Consumer
HG-148451406,Consumer
HG-148451408,Consumer
HG-14845144,Consumer
HG-1484527,Consumer
HG-1484531,Consumer
HG-1484536,Consumer
HG-1484539,Consumer
HG-1484545,Consumer
HG-1484548,Consumer
HG-1484551,Consumer
HG-1484558,Consumer
HG-1484559,Consumer
HG-1484565,Consumer
HG-148457,Consumer
HG-1484591,Consumer
HG-1496511,Corporate
HG-14965120,Corporate
HG-14965130,Corporate
HG-14965139,Corporate
HG-149651402,Corporate
HG-149651404,Corporate
HG-149651406,Corporate
HG-149651408,Corporate
HG-1496527,Corporate
HG-1496536,Corporate
HG-1496539,Corporate
HG-1496545,Corporate
HG-1496551,Corporate
HG-1496558,Corporate
HG-1496559,Corporate
HG-1496566,Corporate
HG-149657,Corporate
HG-1496592,Corporate
HG-1496597,Corporate
HG-15025118,Consumer
HG-15025130,Consumer
HG-15025139,Consumer
HG-150251402,Consumer
HG-150251404,Consumer
HG-150251406,Consumer
HG-150251408,Consumer
HG-1502518,Consumer
HG-1502527,Consumer
HG-1502545,Consumer
HG-1502548,Consumer
HG-1502555,Consumer
HG-1502558,Consumer
HG-1502559,Consumer
HG-1502564,Consumer
HG-150257,Consumer
HG-1502582,Consumer
HG-1502593,Consumer
HG-1502597,Consumer
HG-4845103,Consumer
HG-4845111,Consumer
HG-4845134,Consumer
HG-4845137,Consumer
HG-484522,Consumer
HG-484538,Consumer
HG-48454,Consumer
HG-484587,Consumer
HG-4965134,Corporate
HG-4965147,Corporate
HG-496523,Corporate
HG-496586,Corporate
HG-496595,Corporate
HG-5025108,Consumer
HG-5025137,Consumer
HG-502529,Consumer
HG-502538,Consumer
HG-502560,Consumer
HG-502595,Consumer
HH-15010139,Corporate
HH-150101404,Corporate
HH-1501018,Corporate
HH-1501027,Corporate
HH-1501039,Corporate
HH-1501045,Corporate
HH-1501048,Corporate
HH-150105,Corporate
HH-1501051,Corporate
HH-1501058,Corporate
HH-1501066,Corporate
HH-150107,Corporate
HH-1501082,Corporate
HH-1501093,Corporate
HH-5010107,Corporate
HH-5010129,Corporate
HH-5010137,Corporate
HJ-14875120,Self-Employed
HJ-14875124,Self-Employed
HJ-14875139,Self-Employed
HJ-148751402,Self-Employed
HJ-148751404,Self-Employed
HJ-148751408,Self-Employed
HJ-1487527,Self-Employed
HJ-1487536,Self-Employed
HJ-1487539,Self-Employed
HJ-1487545,Self-Employed
HJ-1487548,Self-Employed
HJ-1487558,Self-Employed
HJ-1487559,Self-Employed
HJ-148757,Self-Employed
HJ-1487578,Self-Employed
HJ-1487582,Self-Employed
HJ-4875108,Self-Employed
HJ-4875110,Self-Employed
HJ-4875117,Self-Employed
HJ-48754,Self-Employed
HJ-487560,Self-Employed
HJ-487561,Self-Employed
HK-14890125,Corporate
HK-14890139,Corporate
HK-148901402,Corporate
HK-148901404,Corporate
HK-148901406,Corporate
HK-148901408,Corporate
HK-1489018,Corporate
HK-1489031,Corporate
HK-1489036,Corporate
HK-1489039,Corporate
HK-1489045,Corporate
HK-1489048,Corporate
HK-1489051,Corporate
HK-1489055,Corporate
HK-1489059,Corporate
HK-1489064,Corporate
HK-148907,Corporate
HK-1489092,Corporate
HK-4890134,Corporate
HK-4890137,Corporate
HK-489023,Corporate
HK-489033,Corporate
HK-489038,Corporate
HL-15040102,Consumer
HL-1504011,Consumer
HL-15040120,Consumer
HL-15040139,Consumer
HL-150401402,Consumer
HL-150401406,Consumer
HL-150401408,Consumer
HL-1504027,Consumer
HL-1504039,Consumer
HL-1504045,Consumer
HL-1504048,Consumer
HL-1504051,Consumer
HL-1504059,Consumer
HL-150407,Consumer
HL-1504093,Consumer
HL-1504097,Consumer
HL-5040110,Consumer
HL-5040111,Consumer
HL-5040134,Consumer
HL-504038,Consumer
HM-14860102,Corporate
HM-14860118,Corporate
HM-14860120,Corporate
HM-14860125,Corporate
HM-14860130,Corporate
HM-14860139,Corporate
HM-1486014,Corporate
HM-148601402,Corporate
HM-148601404,Corporate
HM-148601406,Corporate
HM-1486018,Corporate
HM-1486027,Corporate
HM-1486045,Corporate
HM-1486048,Corporate
HM-1486059,Corporate
HM-1486064,Corporate
HM-148607,Corporate
HM-1486082,Corporate
HM-1486092,Corporate
HM-14980102,Consumer
HM-14980139,Consumer
HM-1498014,Consumer
HM-149801404,Consumer
HM-149801406,Consumer
HM-149801408,Consumer
HM-1498018,Consumer
HM-1498027,Consumer
HM-1498028,Consumer
HM-1498044,Consumer
HM-1498045,Consumer
HM-1498048,Consumer
HM-1498051,Consumer
HM-1498055,Consumer
HM-1498059,Consumer
HM-1498064,Consumer
HM-149807,Consumer
HM-1498098,Consumer
HM-4860107,Corporate
HM-4860111,Corporate
HM-486049,Corporate
HM-486071,Corporate
HM-4980134,Consumer
HM-498033,Consumer
HM-49806,Consumer
HM-498060,Consumer
HP-14815120,Self-Employed
HP-14815139,Self-Employed
HP-148151402,Self-Employed
HP-148151404,Self-Employed
HP-148151406,Self-Employed
HP-148151408,Self-Employed
HP-1481518,Self-Employed
HP-1481531,Self-Employed
HP-1481536,Self-Employed
HP-1481537,Self-Employed
HP-1481545,Self-Employed
HP-148155,Self-Employed
HP-1481558,Self-Employed
HP-148157,Self-Employed
HP-1481582,Self-Employed
HP-1481593,Self-Employed
HP-4815103,Self-Employed
HP-4815117,Self-Employed
HP-4815134,Self-Employed
HP-481533,Self-Employed
HR-14770102,Self-Employed
HR-14770120,Self-Employed
HR-14770124,Self-Employed
HR-14770139,Self-Employed
HR-147701402,Self-Employed
HR-147701404,Self-Employed
HR-147701406,Self-Employed
HR-147701408,Self-Employed
HR-1477027,Self-Employed
HR-1477036,Self-Employed
HR-1477045,Self-Employed
HR-1477055,Self-Employed
HR-1477058,Self-Employed
HR-147707,Self-Employed
HR-1477082,Self-Employed
HR-1477098,Self-Employed
HR-14830139,Corporate
HR-148301404,Corporate
HR-148301406,Corporate
HR-148301408,Corporate
HR-1483018,Corporate
HR-1483048,Corporate
HR-1483055,Corporate
HR-1483058,Corporate
HR-1483059,Corporate
HR-1483064,Corporate
HR-148307,Corporate
HR-1483082,Corporate
HR-1483092,Corporate
HR-1483093,Corporate
HR-4770110,Self-Employed
HR-4770123,Self-Employed
HR-4770134,Self-Employed
HR-477019,Self-Employed
HR-477023,Self-Employed
HR-477033,Self-Employed
HR-477060,Self-Employed
HR-4830134,Corporate
HR-48303,Corporate
HW-14935139,Corporate
HW-149351402,Corporate
HW-149351404,Corporate
HW-149351406,Corporate
HW-1493527,Corporate
HW-1493536,Corporate
HW-1493539,Corporate
HW-1493545,Corporate
HW-1493558,Corporate
HW-1493559,Corporate
HW-1493564,Corporate
HW-149357,Corporate
HW-1493582,Corporate
HW-1493592,Corporate
HW-1493593,Corporate
HW-4935107,Corporate
HW-493513,Corporate
HW-493549,Corporate
HW-493560,Corporate
HW-493595,Corporate
HZ-14950102,Consumer
HZ-14950139,Consumer
HZ-149501402,Consumer
HZ-149501406,Consumer
HZ-149501408,Consumer
HZ-1495027,Consumer
HZ-1495045,Consumer
HZ-1495048,Consumer
HZ-1495058,Consumer
HZ-1495059,Consumer
HZ-149507,Consumer
HZ-1495078,Consumer
HZ-149508,Consumer
HZ-1495082,Consumer
HZ-1495092,Consumer
HZ-4950134,Consumer
HZ-495015,Consumer
HZ-49504,Consumer
HZ-495060,Consumer
HZ-495068,Consumer
HZ-495095,Consumer
IG-15085102,Consumer
IG-15085120,Consumer
IG-15085139,Consumer
IG-1508514,Consumer
IG-150851404,Consumer
IG-150851406,Consumer
IG-150851408,Consumer
IG-1508518,Consumer
IG-1508527,Consumer
IG-1508536,Consumer
IG-1508539,Consumer
IG-1508545,Consumer
IG-1508555,Consumer
IG-1508566,Consumer
IG-150857,Consumer
IG-150858,Consumer
IG-1508582,Consumer
IG-5085110,Consumer
IG-5085111,Consumer
IG-5085134,Consumer
IG-5085142,Consumer
IG-5085146,Consumer
IG-508530,Consumer
IG-508538,Consumer
IG-50854,Consumer
IG-508561,Consumer
IG-508577,Consumer
IG-508595,Consumer
IL-1510011,Consumer
IL-15100120,Consumer
IL-15100124,Consumer
IL-151001402,Consumer
IL-151001404,Consumer
IL-151001406,Consumer
IL-1510028,Consumer
IL-1510034,Consumer
IL-1510036,Consumer
IL-1510045,Consumer
IL-1510055,Consumer
IL-1510058,Consumer
IL-151007,Consumer
IL-1510082,Consumer
IL-1510092,Consumer
IL-5100134,Consumer
IL-5100137,Consumer
IL-51003,Consumer
IL-510060,Consumer
IL-510061,Consumer
IL-510074,Consumer
IL-510095,Consumer
IM-15055100,Consumer
IM-15055118,Consumer
IM-15055120,Consumer
IM-150551404,Consumer
IM-1505539,Consumer
IM-1505545,Consumer
IM-1505548,Consumer
IM-1505559,Consumer
IM-1505582,Consumer
IM-15070120,Consumer
IM-15070139,Consumer
IM-150701402,Consumer
IM-150701404,Consumer
IM-150701406,Consumer
IM-150701408,Consumer
IM-15070144,Consumer
IM-1507018,Consumer
IM-1507027,Consumer
IM-1507039,Consumer
IM-1507045,Consumer
IM-1507048,Consumer
IM-1507051,Consumer
IM-1507055,Consumer
IM-1507058,Consumer
IM-1507059,Consumer
IM-150707,Consumer
IM-1507082,Consumer
IM-1507091,Consumer
IM-5055106,Consumer
IM-5055107,Consumer
IM-5055134,Consumer
IM-505549,Consumer
IM-505560,Consumer
IM-505586,Consumer
IM-5070117,Consumer
IM-5070134,Consumer
IM-5070137,Consumer
IM-507060,Consumer
IM-507068,Consumer
JA-15970125,Consumer
JA-15970130,Consumer
JA-15970139,Consumer
JA-159701402,Consumer
JA-159701404,Consumer
JA-159701406,Consumer
JA-1597021,Consumer
JA-1597027,Consumer
JA-1597039,Consumer
JA-1597045,Consumer
JA-1597048,Consumer
JA-1597051,Consumer
JA-1597055,Consumer
JA-1597064,Consumer
JA-1597078,Consumer
JA-1597091,Consumer
JA-5970108,Consumer
JA-5970117,Consumer
JA-5970129,Consumer
JA-5970134,Consumer
JA-5970137,Consumer
JA-597046,Consumer
JB-15400101,Corporate
JB-15400120,Corporate
JB-15400139,Corporate
JB-154001402,Corporate
JB-154001404,Corporate
JB-154001406,Corporate
JB-154001408,Corporate
JB-1540027,Corporate
JB-1540031,Corporate
JB-1540045,Corporate
JB-1540048,Corporate
JB-1540051,Corporate
JB-1540055,Corporate
JB-1540064,Corporate
JB-154007,Corporate
JB-1540082,Corporate
JB-1540091,Corporate
JB-1540093,Corporate
JB-1540097,Corporate
JB-1592511,Consumer
JB-159251402,Consumer
JB-159251404,Consumer
JB-159251406,Consumer
JB-1592527,Consumer
JB-1592536,Consumer
JB-1592539,Consumer
JB-1592545,Consumer
JB-1592548,Consumer
JB-1592558,Consumer
JB-1592559,Consumer
JB-159257,Consumer
JB-1592582,Consumer
JB-1592591,Consumer
JB-16000102,Consumer
JB-16000120,Consumer
JB-16000139,Consumer
JB-160001402,Consumer
JB-160001404,Consumer
JB-160001406,Consumer
JB-1600018,Consumer
JB-1600027,Consumer
JB-1600028,Consumer
JB-1600031,Consumer
JB-1600045,Consumer
JB-1600048,Consumer
JB-160005,Consumer
JB-1600051,Consumer
JB-1600059,Consumer
JB-1600064,Consumer
JB-160007,Consumer
JB-1600082,Consumer
JB-1600093,Consumer
JB-16045102,Self-Employed
JB-16045139,Self-Employed
JB-160451404,Self-Employed
JB-160451406,Self-Employed
JB-160451408,Self-Employed
JB-1604516,Self-Employed
JB-1604526,Self-Employed
JB-1604527,Self-Employed
JB-1604536,Self-Employed
JB-1604545,Self-Employed
JB-1604548,Self-Employed
JB-1604558,Self-Employed
JB-1604559,Self-Employed
JB-1604564,Self-Employed
JB-1604582,Self-Employed
JB-1604592,Self-Employed
JB-1604593,Self-Employed
JB-5400103,Corporate
JB-5400110,Corporate
JB-5400117,Corporate
JB-540029,Corporate
JB-540030,Corporate
JB-540060,Corporate
JB-5925134,Consumer
JB-5925137,Consumer
JB-59252,Consumer
JB-592538,Consumer
JB-592563,Consumer
JB-592586,Consumer
JB-592595,Consumer
JB-6000110,Consumer
JB-6000117,Consumer
JB-6000134,Consumer
JB-6000137,Consumer
JB-600033,Consumer
JB-600095,Consumer
JB-6045134,Self-Employed
JB-6045137,Self-Employed
JB-6045147,Self-Employed
JB-604532,Self-Employed
JB-604533,Self-Employed
JB-604538,Self-Employed
JB-604561,Self-Employed
JC-15340102,Consumer
JC-15340139,Consumer
JC-153401404,Consumer
JC-153401406,Consumer
JC-1534027,Consumer
JC-1534045,Consumer
JC-1534048,Consumer
JC-153405,Consumer
JC-1534055,Consumer
JC-1534059,Consumer
JC-153407,Consumer
JC-1534082,Consumer
JC-1534091,Consumer
JC-1534097,Consumer
JC-1534098,Consumer
JC-15385120,Consumer
JC-15385139,Consumer
JC-153851404,Consumer
JC-1538518,Consumer
JC-1538527,Consumer
JC-1538528,Consumer
JC-1538531,Consumer
JC-1538536,Consumer
JC-1538545,Consumer
JC-1538548,Consumer
JC-153855,Consumer
JC-1538558,Consumer
JC-1538564,Consumer
JC-1538582,Consumer
JC-1538592,Consumer
JC-1538598,Consumer
JC-15775102,Consumer
JC-15775139,Consumer
JC-157751402,Consumer
JC-157751404,Consumer
JC-157751406,Consumer
JC-157751408,Consumer
JC-1577539,Consumer
JC-1577545,Consumer
JC-1577548,Consumer
JC-1577551,Consumer
JC-1577558,Consumer
JC-1577559,Consumer
JC-157757,Consumer
JC-1577591,Consumer
JC-1577592,Consumer
JC-1610511,Corporate
JC-16105124,Corporate
JC-16105139,Corporate
JC-1610514,Corporate
JC-161051402,Corporate
JC-161051404,Corporate
JC-161051406,Corporate
JC-161051408,Corporate
JC-1610518,Corporate
JC-1610527,Corporate
JC-1610528,Corporate
JC-1610531,Corporate
JC-1610539,Corporate
JC-1610548,Corporate
JC-1610555,Corporate
JC-1610558,Corporate
JC-1610559,Corporate
JC-1610564,Corporate
JC-161057,Corporate
JC-1610582,Corporate
JC-1610591,Corporate
JC-1610597,Corporate
JC-5340122,Consumer
JC-5340136,Consumer
JC-534019,Consumer
JC-534038,Consumer
JC-53404,Consumer
JC-534094,Consumer
JC-5385108,Consumer
JC-5385123,Consumer
JC-538529,Consumer
JC-538560,Consumer
JC-538561,Consumer
JC-538569,Consumer
JC-538574,Consumer
JC-538575,Consumer
JC-538595,Consumer
JC-5775134,Consumer
JC-5775137,Consumer
JC-5775147,Consumer
JC-577529,Consumer
JC-577594,Consumer
JC-6105134,Corporate
JC-610532,Corporate
JC-610560,Corporate
JC-610568,Corporate
JC-610575,Corporate
JC-610595,Corporate
JD-15790102,Consumer
JD-15790113,Consumer
JD-15790130,Consumer
JD-157901402,Consumer
JD-157901404,Consumer
JD-157901406,Consumer
JD-157901408,Consumer
JD-15790144,Consumer
JD-1579018,Consumer
JD-1579027,Consumer
JD-1579031,Consumer
JD-1579044,Consumer
JD-1579045,Consumer
JD-1579048,Consumer
JD-1579051,Consumer
JD-1579059,Consumer
JD-157907,Consumer
JD-1579082,Consumer
JD-1579093,Consumer
JD-1579098,Consumer
JD-15895124,Corporate
JD-1589514,Corporate
JD-158951404,Corporate
JD-158951406,Corporate
JD-158951408,Corporate
JD-1589518,Corporate
JD-1589527,Corporate
JD-1589536,Corporate
JD-1589539,Corporate
JD-1589545,Corporate
JD-1589555,Corporate
JD-1589558,Corporate
JD-1589559,Corporate
JD-1589564,Corporate
JD-158957,Corporate
JD-1589582,Corporate
JD-1589588,Corporate
JD-1589591,Corporate
JD-16015102,Consumer
JD-16015120,Consumer
JD-16015125,Consumer
JD-16015139,Consumer
JD-160151402,Consumer
JD-160151404,Consumer
JD-160151406,Consumer
JD-1601518,Consumer
JD-1601536,Consumer
JD-1601539,Consumer
JD-1601545,Consumer
JD-1601548,Consumer
JD-1601551,Consumer
JD-1601558,Consumer
JD-1601559,Consumer
JD-1601582,Consumer
JD-1601592,Consumer
JD-1601598,Consumer
JD-16060120,Consumer
JD-160601402,Consumer
JD-160601404,Consumer
JD-1606027,Consumer
JD-1606031,Consumer
JD-1606034,Consumer
JD-1606039,Consumer
JD-1606045,Consumer
JD-1606048,Consumer
JD-160605,Consumer
JD-1606051,Consumer
JD-160607,Consumer
JD-1606082,Consumer
JD-1606091,Consumer
JD-16150130,Corporate
JD-16150139,Corporate
JD-161501402,Corporate
JD-161501404,Corporate
JD-161501406,Corporate
JD-1615018,Corporate
JD-1615027,Corporate
JD-1615031,Corporate
JD-1615036,Corporate
JD-1615039,Corporate
JD-1615048,Corporate
JD-161507,Corporate
JD-1615082,Corporate
JD-1615091,Corporate
JD-5790103,Consumer
JD-5790129,Consumer
JD-5790138,Consumer
JD-579019,Consumer
JD-579095,Consumer
JD-5895129,Corporate
JD-5895134,Corporate
JD-58952,Corporate
JD-589523,Corporate
JD-589533,Corporate
JD-589538,Corporate
JD-6015103,Consumer
JD-6015122,Consumer
JD-6015134,Consumer
JD-60152,Consumer
JD-601557,Consumer
JD-601568,Consumer
JD-601595,Consumer
JD-6060108,Consumer
JD-6060117,Consumer
JD-6060134,Consumer
JD-606033,Consumer
JD-606049,Consumer
JD-606075,Consumer
JD-606086,Consumer
JD-606095,Consumer
JD-6150110,Corporate
JD-6150117,Corporate
JD-6150137,Corporate
JD-615060,Corporate
JD-615061,Corporate
JE-15475124,Consumer
JE-15475139,Consumer
JE-154751402,Consumer
JE-154751404,Consumer
JE-154751406,Consumer
JE-1547527,Consumer
JE-1547536,Consumer
JE-1547545,Consumer
JE-1547548,Consumer
JE-1547554,Consumer
JE-1547555,Consumer
JE-1547566,Consumer
JE-154757,Consumer
JE-1547582,Consumer
JE-156101402,Corporate
JE-156101404,Corporate
JE-156101406,Corporate
JE-156101408,Corporate
JE-15610144,Corporate
JE-1561018,Corporate
JE-1561027,Corporate
JE-1561036,Corporate
JE-1561039,Corporate
JE-1561045,Corporate
JE-1561048,Corporate
JE-1561058,Corporate
JE-1561059,Corporate
JE-156107,Corporate
JE-1561082,Corporate
JE-1561092,Corporate
JE-1561097,Corporate
JE-15715118,Consumer
JE-15715139,Consumer
JE-157151402,Consumer
JE-157151404,Consumer
JE-157151406,Consumer
JE-157151408,Consumer
JE-15715143,Consumer
JE-1571527,Consumer
JE-1571536,Consumer
JE-1571545,Consumer
JE-1571548,Consumer
JE-1571556,Consumer
JE-1571558,Consumer
JE-1571559,Consumer
JE-157157,Consumer
JE-157158,Consumer
JE-1571582,Consumer
JE-15745102,Consumer
JE-15745120,Consumer
JE-15745139,Consumer
JE-157451402,Consumer
JE-157451404,Consumer
JE-157451406,Consumer
JE-157451408,Consumer
JE-1574518,Consumer
JE-1574527,Consumer
JE-1574531,Consumer
JE-1574536,Consumer
JE-1574539,Consumer
JE-1574544,Consumer
JE-1574548,Consumer
JE-1574551,Consumer
JE-1574555,Consumer
JE-1574559,Consumer
JE-157457,Consumer
JE-16165102,Corporate
JE-161651402,Corporate
JE-161651404,Corporate
JE-161651408,Corporate
JE-1616518,Corporate
JE-1616528,Corporate
JE-1616548,Corporate
JE-1616555,Corporate
JE-1616559,Corporate
JE-1616564,Corporate
JE-161657,Corporate
JE-161658,Corporate
JE-1616582,Corporate
JE-1616591,Corporate
JE-1616592,Corporate
JE-1616596,Corporate
JE-5475107,Consumer
JE-5475134,Consumer
JE-5475137,Consumer
JE-5475146,Consumer
JE-54753,Consumer
JE-547538,Consumer
JE-547560,Consumer
JE-5610129,Corporate
JE-5610134,Corporate
JE-5610135,Corporate
JE-561095,Corporate
JE-5715111,Consumer
JE-5715134,Consumer
JE-5715136,Consumer
JE-571560,Consumer
JE-571561,Consumer
JE-571595,Consumer
JE-5745134,Consumer
JE-5745137,Consumer
JE-5745142,Consumer
JE-574532,Consumer
JE-57454,Consumer
JE-574563,Consumer
JE-6165117,Corporate
JE-616524,Corporate
JE-616533,Corporate
JE-616547,Corporate
JE-616560,Corporate
JE-616574,Corporate
JE-616595,Corporate
JF-1519011,Consumer
JF-151901404,Consumer
JF-151901406,Consumer
JF-151901408,Consumer
JF-1519021,Consumer
JF-1519026,Consumer
JF-1519027,Consumer
JF-1519045,Consumer
JF-1519048,Consumer
JF-1519055,Consumer
JF-1519058,Consumer
JF-1519059,Consumer
JF-1519064,Consumer
JF-151907,Consumer
JF-1519082,Consumer
JF-15295113,Consumer
JF-15295120,Consumer
JF-15295130,Consumer
JF-15295139,Consumer
JF-152951402,Consumer
JF-152951404,Consumer
JF-1529518,Consumer
JF-1529531,Consumer
JF-1529536,Consumer
JF-1529539,Consumer
JF-1529545,Consumer
JF-1529548,Consumer
JF-152955,Consumer
JF-1529564,Consumer
JF-152957,Consumer
JF-1529598,Consumer
JF-15355118,Consumer
JF-15355139,Consumer
JF-153551402,Consumer
JF-153551404,Consumer
JF-153551406,Consumer
JF-153551408,Consumer
JF-1535539,Consumer
JF-1535545,Consumer
JF-1535548,Consumer
JF-1535558,Consumer
JF-1535564,Consumer
JF-153557,Consumer
JF-153558,Consumer
JF-1535582,Consumer
JF-15415102,Consumer
JF-15415139,Consumer
JF-154151402,Consumer
JF-154151404,Consumer
JF-154151406,Consumer
JF-1541527,Consumer
JF-1541531,Consumer
JF-1541545,Consumer
JF-1541548,Consumer
JF-1541551,Consumer
JF-1541555,Consumer
JF-1541558,Consumer
JF-1541559,Consumer
JF-1541582,Consumer
JF-1541598,Consumer
JF-15490124,Consumer
JF-15490130,Consumer
JF-154901402,Consumer
JF-154901404,Consumer
JF-154901406,Consumer
JF-154901408,Consumer
JF-1549028,Consumer
JF-1549045,Consumer
JF-1549048,Consumer
JF-1549051,Consumer
JF-1549058,Consumer
JF-1549064,Consumer
JF-154907,Consumer
JF-1549078,Consumer
JF-154908,Consumer
JF-1549082,Consumer
JF-1549092,Consumer
JF-15565102,Consumer
JF-15565120,Consumer
JF-15565139,Consumer
JF-155651402,Consumer
JF-155651404,Consumer
JF-155651406,Consumer
JF-155651408,Consumer
JF-1556518,Consumer
JF-1556527,Consumer
JF-1556534,Consumer
JF-1556536,Consumer
JF-1556545,Consumer
JF-1556548,Consumer
JF-1556558,Consumer
JF-1556564,Consumer
JF-1556566,Consumer
JF-155657,Consumer
JF-1556582,Consumer
JF-5190103,Consumer
JF-5190107,Consumer
JF-5190134,Consumer
JF-519049,Consumer
JF-519057,Consumer
JF-519077,Consumer
JF-5295129,Consumer
JF-529523,Consumer
JF-529530,Consumer
JF-529560,Consumer
JF-529570,Consumer
JF-529595,Consumer
JF-5355117,Consumer
JF-5355134,Consumer
JF-535538,Consumer
JF-535560,Consumer
JF-535584,Consumer
JF-535595,Consumer
JF-5415103,Consumer
JF-5415117,Consumer
JF-5415137,Consumer
JF-5415142,Consumer
JF-54154,Consumer
JF-541549,Consumer
JF-541560,Consumer
JF-541571,Consumer
JF-541586,Consumer
JF-541595,Consumer
JF-549013,Consumer
JF-5490137,Consumer
JF-549033,Consumer
JF-549047,Consumer
JF-549086,Consumer
JF-549095,Consumer
JF-5565134,Consumer
JF-556533,Consumer
JF-556538,Consumer
JF-556563,Consumer
JG-151151,Consumer
JG-15115104,Consumer
JG-15115124,Consumer
JG-151151404,Consumer
JG-151151408,Consumer
JG-1511527,Consumer
JG-1511531,Consumer
JG-1511539,Consumer
JG-1511545,Consumer
JG-1511548,Consumer
JG-1511558,Consumer
JG-1511564,Consumer
JG-151157,Consumer
JG-1511582,Consumer
JG-15160102,Consumer
JG-15160118,Consumer
JG-1516012,Consumer
JG-15160120,Consumer
JG-15160139,Consumer
JG-151601402,Consumer
JG-151601404,Consumer
JG-151601406,Consumer
JG-151601408,Consumer
JG-1516018,Consumer
JG-1516027,Consumer
JG-1516036,Consumer
JG-1516039,Consumer
JG-1516045,Consumer
JG-1516048,Consumer
JG-1516058,Consumer
JG-151607,Consumer
JG-1516082,Consumer
JG-1516098,Consumer
JG-15310130,Corporate
JG-15310139,Corporate
JG-153101402,Corporate
JG-153101404,Corporate
JG-153101406,Corporate
JG-1531027,Corporate
JG-1531028,Corporate
JG-1531031,Corporate
JG-1531039,Corporate
JG-1531045,Corporate
JG-1531051,Corporate
JG-1531058,Corporate
JG-1531059,Corporate
JG-153107,Corporate
JG-1531082,Corporate
JG-15805102,Corporate
JG-15805120,Corporate
JG-15805139,Corporate
JG-158051402,Corporate
JG-158051404,Corporate
JG-158051406,Corporate
JG-15805144,Corporate
JG-1580527,Corporate
JG-1580531,Corporate
JG-1580539,Corporate
JG-1580545,Corporate
JG-1580548,Corporate
JG-1580558,Corporate
JG-1580559,Corporate
JG-1580564,Corporate
JG-158057,Corporate
JG-158058,Corporate
JG-1580582,Corporate
JG-1580592,Corporate
JG-5115103,Consumer
JG-5115111,Consumer
JG-5115129,Consumer
JG-5115134,Consumer
JG-5115147,Consumer
JG-511560,Consumer
JG-511586,Consumer
JG-5160117,Consumer
JG-5160137,Consumer
JG-51603,Consumer
JG-516060,Consumer
JG-516095,Consumer
JG-5310107,Corporate
JG-5310108,Corporate
JG-5310134,Corporate
JG-531032,Corporate
JG-531084,Corporate
JG-5805117,Corporate
JG-5805134,Corporate
JH-15430118,Consumer
JH-154301404,Consumer
JH-154301406,Consumer
JH-154301408,Consumer
JH-15430144,Consumer
JH-1543018,Consumer
JH-1543026,Consumer
JH-1543027,Consumer
JH-1543028,Consumer
JH-1543039,Consumer
JH-1543045,Consumer
JH-1543048,Consumer
JH-1543051,Consumer
JH-1543055,Consumer
JH-1543059,Consumer
JH-154307,Consumer
JH-1543078,Consumer
JH-1543080,Consumer
JH-1543082,Consumer
JH-1543091,Consumer
JH-1543092,Consumer
JH-1543093,Consumer
JH-1543097,Consumer
JH-15820120,Consumer
JH-15820139,Consumer
JH-158201402,Consumer
JH-158201406,Consumer
JH-158201408,Consumer
JH-15820141,Consumer
JH-1582027,Consumer
JH-1582039,Consumer
JH-1582045,Consumer
JH-1582048,Consumer
JH-1582055,Consumer
JH-1582058,Consumer
JH-1582059,Consumer
JH-1582064,Consumer
JH-158207,Consumer
JH-1582080,Consumer
JH-1582082,Consumer
JH-1582091,Consumer
JH-1582097,Consumer
JH-15910113,Consumer
JH-15910139,Consumer
JH-159101402,Consumer
JH-159101404,Consumer
JH-159101406,Consumer
JH-159101408,Consumer
JH-1591018,Consumer
JH-1591027,Consumer
JH-1591045,Consumer
JH-1591048,Consumer
JH-1591058,Consumer
JH-1591059,Consumer
JH-1591066,Consumer
JH-159107,Consumer
JH-1591082,Consumer
JH-1591091,Consumer
JH-1591092,Consumer
JH-1591093,Consumer
JH-15985102,Consumer
JH-15985120,Consumer
JH-15985130,Consumer
JH-159851402,Consumer
JH-159851404,Consumer
JH-159851408,Consumer
JH-1598518,Consumer
JH-1598527,Consumer
JH-1598536,Consumer
JH-1598539,Consumer
JH-1598545,Consumer
JH-1598548,Consumer
JH-159855,Consumer
JH-1598550,Consumer
JH-1598551,Consumer
JH-1598555,Consumer
JH-1598559,Consumer
JH-159857,Consumer
JH-1598582,Consumer
JH-1598592,Consumer
JH-1598593,Consumer
JH-16180102,Consumer
JH-16180120,Consumer
JH-16180139,Consumer
JH-1618014,Consumer
JH-161801404,Consumer
JH-161801406,Consumer
JH-1618039,Consumer
JH-1618045,Consumer
JH-1618048,Consumer
JH-161805,Consumer
JH-1618051,Consumer
JH-1618058,Consumer
JH-1618059,Consumer
JH-1618064,Consumer
JH-161807,Consumer
JH-1618082,Consumer
JH-1618088,Consumer
JH-1618093,Consumer
JH-5430117,Consumer
JH-5430134,Consumer
JH-543023,Consumer
JH-543033,Consumer
JH-543035,Consumer
JH-543038,Consumer
JH-543052,Consumer
JH-543086,Consumer
JH-5820110,Consumer
JH-5820117,Consumer
JH-5820137,Consumer
JH-582038,Consumer
JH-582060,Consumer
JH-58209,Consumer
JH-582095,Consumer
JH-5910109,Consumer
JH-5910117,Consumer
JH-5910134,Consumer
JH-5910137,Consumer
JH-591023,Consumer
JH-591032,Consumer
JH-591086,Consumer
JH-591095,Consumer
JH-5985110,Consumer
JH-5985117,Consumer
JH-5985122,Consumer
JH-5985142,Consumer
JH-59853,Consumer
JH-59854,Consumer
JH-598569,Consumer
JH-6180111,Consumer
JH-6180117,Consumer
JH-6180134,Consumer
JH-618023,Consumer
JH-618049,Consumer
JH-618060,Consumer
JH-618061,Consumer
JH-618086,Consumer
JH-618095,Consumer
JJ-15445118,Consumer
JJ-15445130,Consumer
JJ-15445139,Consumer
JJ-1544514,Consumer
JJ-154451402,Consumer
JJ-154451404,Consumer
JJ-154451406,Consumer
JJ-1544544,Consumer
JJ-1544545,Consumer
JJ-1544558,Consumer
JJ-1544564,Consumer
JJ-1544565,Consumer
JJ-154457,Consumer
JJ-1544582,Consumer
JJ-1544592,Consumer
JJ-1544598,Consumer
JJ-15760120,Self-Employed
JJ-15760124,Self-Employed
JJ-15760139,Self-Employed
JJ-157601402,Self-Employed
JJ-157601408,Self-Employed
JJ-1576018,Self-Employed
JJ-1576027,Self-Employed
JJ-1576036,Self-Employed
JJ-1576045,Self-Employed
JJ-1576048,Self-Employed
JJ-1576058,Self-Employed
JJ-1576062,Self-Employed
JJ-157607,Self-Employed
JJ-157608,Self-Employed
JJ-1576082,Self-Employed
JJ-5445134,Consumer
JJ-544522,Consumer
JJ-544549,Consumer
JJ-544560,Consumer
JJ-544568,Consumer
JJ-5760110,Self-Employed
JJ-5760122,Self-Employed
JJ-5760129,Self-Employed
JJ-5760134,Self-Employed
JJ-5760135,Self-Employed
JJ-576079,Self-Employed
JK-15205130,Consumer
JK-152051404,Consumer
JK-152051406,Consumer
JK-152051408,Consumer
JK-1520518,Consumer
JK-1520539,Consumer
JK-1520545,Consumer
JK-1520548,Consumer
JK-152055,Consumer
JK-1520559,Consumer
JK-1520564,Consumer
JK-152057,Consumer
JK-1520582,Consumer
JK-15325130,Corporate
JK-153251402,Corporate
JK-153251404,Corporate
JK-153251406,Corporate
JK-1532527,Corporate
JK-1532536,Corporate
JK-1532545,Corporate
JK-1532548,Corporate
JK-1532558,Corporate
JK-1532559,Corporate
JK-1532564,Corporate
JK-1532566,Corporate
JK-153257,Corporate
JK-1532582,Corporate
JK-1532593,Corporate
JK-1532598,Corporate
JK-15370100,Consumer
JK-15370120,Consumer
JK-153701404,Consumer
JK-153701406,Consumer
JK-153701408,Consumer
JK-15370143,Consumer
JK-1537039,Consumer
JK-1537045,Consumer
JK-1537048,Consumer
JK-1537059,Consumer
JK-1537064,Consumer
JK-1537066,Consumer
JK-153707,Consumer
JK-153708,Consumer
JK-1537082,Consumer
JK-15625120,Consumer
JK-15625139,Consumer
JK-156251404,Consumer
JK-156251406,Consumer
JK-156251408,Consumer
JK-1562518,Consumer
JK-1562526,Consumer
JK-1562527,Consumer
JK-1562528,Consumer
JK-1562539,Consumer
JK-1562545,Consumer
JK-156255,Consumer
JK-1562558,Consumer
JK-1562559,Consumer
JK-156257,Consumer
JK-1562582,Consumer
JK-1564012,Self-Employed
JK-156401404,Self-Employed
JK-156401406,Self-Employed
JK-1564026,Self-Employed
JK-1564031,Self-Employed
JK-1564036,Self-Employed
JK-1564045,Self-Employed
JK-1564048,Self-Employed
JK-1564055,Self-Employed
JK-1564059,Self-Employed
JK-1564064,Self-Employed
JK-156407,Self-Employed
JK-156408,Self-Employed
JK-1564082,Self-Employed
JK-1564091,Self-Employed
JK-1564093,Self-Employed
JK-1564098,Self-Employed
JK-15730102,Consumer
JK-15730125,Consumer
JK-15730139,Consumer
JK-157301402,Consumer
JK-157301404,Consumer
JK-157301406,Consumer
JK-157301408,Consumer
JK-1573018,Consumer
JK-1573027,Consumer
JK-1573028,Consumer
JK-1573031,Consumer
JK-1573036,Consumer
JK-1573039,Consumer
JK-1573045,Consumer
JK-1573058,Consumer
JK-1573059,Consumer
JK-1573064,Consumer
JK-157307,Consumer
JK-1573078,Consumer
JK-1573082,Consumer
JK-1573091,Consumer
JK-16090101,Consumer
JK-16090104,Consumer
JK-16090113,Consumer
JK-16090120,Consumer
JK-16090124,Consumer
JK-16090125,Consumer
JK-16090130,Consumer
JK-160901402,Consumer
JK-160901404,Consumer
JK-160901408,Consumer
JK-1609027,Consumer
JK-1609031,Consumer
JK-1609036,Consumer
JK-1609045,Consumer
JK-1609048,Consumer
JK-160905,Consumer
JK-1609058,Consumer
JK-1609064,Consumer
JK-160907,Consumer
JK-1609078,Consumer
JK-1609082,Consumer
JK-1609091,Consumer
JK-1609093,Consumer
JK-16120120,Self-Employed
JK-16120139,Self-Employed
JK-1612014,Self-Employed
JK-161201402,Self-Employed
JK-161201404,Self-Employed
JK-161201406,Self-Employed
JK-161201408,Self-Employed
JK-1612018,Self-Employed
JK-1612027,Self-Employed
JK-1612036,Self-Employed
JK-1612045,Self-Employed
JK-1612048,Self-Employed
JK-1612055,Self-Employed
JK-1612058,Self-Employed
JK-1612059,Self-Employed
JK-161207,Self-Employed
JK-1612082,Self-Employed
JK-5205110,Consumer
JK-520515,Consumer
JK-520560,Consumer
JK-520561,Consumer
JK-520583,Consumer
JK-532538,Corporate
JK-532569,Corporate
JK-532595,Corporate
JK-5370103,Consumer
JK-537019,Consumer
JK-537038,Consumer
JK-53704,Consumer
JK-537086,Consumer
JK-537095,Consumer
JK-5625116,Consumer
JK-562523,Consumer
JK-562533,Consumer
JK-562549,Consumer
JK-562560,Consumer
JK-562586,Consumer
JK-562595,Consumer
JK-5640108,Self-Employed
JK-5640137,Self-Employed
JK-564033,Self-Employed
JK-564061,Self-Employed
JK-5730103,Consumer
JK-5730108,Consumer
JK-573013,Consumer
JK-5730146,Consumer
JK-573029,Consumer
JK-573069,Consumer
JK-6090122,Consumer
JK-6090134,Consumer
JK-609023,Consumer
JK-60904,Consumer
JK-609095,Consumer
JK-6120103,Self-Employed
JK-6120111,Self-Employed
JK-612023,Self-Employed
JK-612033,Self-Employed
JK-612038,Self-Employed
JL-15130113,Consumer
JL-15130130,Consumer
JL-151301402,Consumer
JL-151301404,Consumer
JL-151301406,Consumer
JL-151301408,Consumer
JL-15130143,Consumer
JL-1513016,Consumer
JL-1513018,Consumer
JL-1513036,Consumer
JL-1513045,Consumer
JL-1513048,Consumer
JL-151305,Consumer
JL-1513051,Consumer
JL-1513064,Consumer
JL-151307,Consumer
JL-1513082,Consumer
JL-1513091,Consumer
JL-15175125,Self-Employed
JL-15175130,Self-Employed
JL-15175139,Self-Employed
JL-151751404,Self-Employed
JL-151751408,Self-Employed
JL-15175143,Self-Employed
JL-1517518,Self-Employed
JL-1517527,Self-Employed
JL-1517536,Self-Employed
JL-1517545,Self-Employed
JL-1517548,Self-Employed
JL-151755,Self-Employed
JL-1517551,Self-Employed
JL-1517559,Self-Employed
JL-151757,Self-Employed
JL-1517582,Self-Employed
JL-1517591,Self-Employed
JL-1517593,Self-Employed
JL-15235120,Consumer
JL-15235139,Consumer
JL-1523514,Consumer
JL-152351402,Consumer
JL-152351404,Consumer
JL-152351406,Consumer
JL-152351408,Consumer
JL-1523526,Consumer
JL-1523527,Consumer
JL-1523528,Consumer
JL-1523536,Consumer
JL-1523545,Consumer
JL-1523548,Consumer
JL-1523558,Consumer
JL-1523559,Consumer
JL-1523564,Consumer
JL-152357,Consumer
JL-1523582,Consumer
JL-1523593,Consumer
JL-15505102,Consumer
JL-15505120,Consumer
JL-155051402,Consumer
JL-155051404,Consumer
JL-155051406,Consumer
JL-15505141,Consumer
JL-1550518,Consumer
JL-1550526,Consumer
JL-1550527,Consumer
JL-1550539,Consumer
JL-1550548,Consumer
JL-1550551,Consumer
JL-155057,Consumer
JL-1550582,Consumer
JL-1550591,Consumer
JL-1550597,Consumer
JL-15835101,Consumer
JL-158351402,Consumer
JL-158351404,Consumer
JL-158351406,Consumer
JL-158351408,Consumer
JL-1583527,Consumer
JL-1583531,Consumer
JL-1583539,Consumer
JL-1583545,Consumer
JL-1583548,Consumer
JL-1583555,Consumer
JL-1583564,Consumer
JL-158357,Consumer
JL-1583592,Consumer
JL-1583593,Consumer
JL-15850118,Consumer
JL-15850139,Consumer
JL-158501402,Consumer
JL-158501404,Consumer
JL-158501406,Consumer
JL-1585018,Consumer
JL-1585036,Consumer
JL-1585045,Consumer
JL-1585048,Consumer
JL-1585051,Consumer
JL-1585064,Consumer
JL-158507,Consumer
JL-1585082,Consumer
JL-1585092,Consumer
JL-1585098,Consumer
JL-5130108,Consumer
JL-5130110,Consumer
JL-5130134,Consumer
JL-513019,Consumer
JL-513023,Consumer
JL-513038,Consumer
JL-513060,Consumer
JL-51308,Consumer
JL-513087,Consumer
JL-513095,Consumer
JL-5175108,Self-Employed
JL-5175117,Self-Employed
JL-517560,Self-Employed
JL-517563,Self-Employed
JL-517567,Self-Employed
JL-5235110,Consumer
JL-5235134,Consumer
JL-5235137,Consumer
JL-523523,Consumer
JL-5505108,Consumer
JL-550561,Consumer
JL-550569,Consumer
JL-5835129,Consumer
JL-5835134,Consumer
JL-58353,Consumer
JL-583560,Consumer
JL-58359,Consumer
JL-583595,Consumer
JL-5850114,Consumer
JL-5850134,Consumer
JL-585022,Consumer
JL-585095,Consumer
JM-15250139,Consumer
JM-152501402,Consumer
JM-152501404,Consumer
JM-152501406,Consumer
JM-152501408,Consumer
JM-15250143,Consumer
JM-1525027,Consumer
JM-1525031,Consumer
JM-1525045,Consumer
JM-152505,Consumer
JM-1525058,Consumer
JM-1525059,Consumer
JM-1525064,Consumer
JM-152507,Consumer
JM-152508,Consumer
JM-1525082,Consumer
JM-15265102,Corporate
JM-1526511,Corporate
JM-15265120,Corporate
JM-1526514,Corporate
JM-152651402,Corporate
JM-152651404,Corporate
JM-152651406,Corporate
JM-15265141,Corporate
JM-15265144,Corporate
JM-1526527,Corporate
JM-1526531,Corporate
JM-1526536,Corporate
JM-1526545,Corporate
JM-1526559,Corporate
JM-152657,Corporate
JM-1526582,Corporate
JM-1526593,Corporate
JM-1526597,Corporate
JM-155351404,Consumer
JM-155351406,Consumer
JM-15535143,Consumer
JM-1553527,Consumer
JM-1553545,Consumer
JM-1553548,Consumer
JM-1553558,Consumer
JM-1553564,Consumer
JM-1553566,Consumer
JM-155357,Consumer
JM-1553592,Consumer
JM-15580102,Consumer
JM-15580139,Consumer
JM-155801404,Consumer
JM-155801406,Consumer
JM-155801408,Consumer
JM-1558018,Consumer
JM-1558026,Consumer
JM-1558027,Consumer
JM-1558028,Consumer
JM-1558039,Consumer
JM-1558045,Consumer
JM-1558058,Consumer
JM-1558059,Consumer
JM-155807,Consumer
JM-1558082,Consumer
JM-1558092,Consumer
JM-156551,Corporate
JM-15655101,Corporate
JM-15655139,Corporate
JM-156551404,Corporate
JM-156551406,Corporate
JM-15655144,Corporate
JM-1565518,Corporate
JM-1565527,Corporate
JM-1565539,Corporate
JM-1565548,Corporate
JM-156555,Corporate
JM-1565555,Corporate
JM-1565559,Corporate
JM-1565564,Corporate
JM-1565566,Corporate
JM-156557,Corporate
JM-156558,Corporate
JM-1565582,Corporate
JM-1565588,Corporate
JM-1565592,Corporate
JM-15865102,Consumer
JM-15865124,Consumer
JM-15865139,Consumer
JM-158651402,Consumer
JM-158651404,Consumer
JM-158651406,Consumer
JM-158651408,Consumer
JM-1586527,Consumer
JM-1586545,Consumer
JM-1586548,Consumer
JM-1586555,Consumer
JM-1586558,Consumer
JM-1586564,Consumer
JM-158657,Consumer
JM-1586582,Consumer
JM-1586597,Consumer
JM-16195104,Consumer
JM-16195120,Consumer
JM-161951404,Consumer
JM-161951406,Consumer
JM-161951408,Consumer
JM-1619518,Consumer
JM-1619527,Consumer
JM-1619545,Consumer
JM-1619548,Consumer
JM-1619558,Consumer
JM-1619559,Consumer
JM-161957,Consumer
JM-1619582,Consumer
JM-1619593,Consumer
JM-5250122,Consumer
JM-5250134,Consumer
JM-5250147,Consumer
JM-525061,Consumer
JM-525095,Consumer
JM-526523,Corporate
JM-526538,Corporate
JM-526577,Corporate
JM-526595,Corporate
JM-553547,Consumer
JM-553563,Consumer
JM-553568,Consumer
JM-553581,Consumer
JM-553595,Consumer
JM-5580116,Consumer
JM-558060,Consumer
JM-558069,Consumer
JM-55808,Consumer
JM-558095,Consumer
JM-5655103,Corporate
JM-5655111,Corporate
JM-5655117,Corporate
JM-565523,Corporate
JM-565533,Corporate
JM-56554,Corporate
JM-565552,Corporate
JM-565574,Corporate
JM-5865117,Consumer
JM-5865137,Consumer
JM-586523,Consumer
JM-586533,Consumer
JM-586595,Consumer
JM-6195107,Consumer
JM-6195116,Consumer
JM-6195117,Consumer
JM-6195134,Consumer
JM-619529,Consumer
JM-619561,Consumer
JO-15145139,Corporate
JO-151451402,Corporate
JO-151451404,Corporate
JO-151451406,Corporate
JO-151451408,Corporate
JO-1514518,Corporate
JO-1514545,Corporate
JO-1514548,Corporate
JO-1514558,Corporate
JO-1514564,Corporate
JO-1514566,Corporate
JO-151457,Corporate
JO-1514582,Corporate
JO-15280139,Consumer
JO-152801404,Consumer
JO-152801406,Consumer
JO-152801408,Consumer
JO-1528018,Consumer
JO-1528027,Consumer
JO-1528028,Consumer
JO-1528031,Consumer
JO-1528039,Consumer
JO-1528051,Consumer
JO-1528058,Consumer
JO-1528059,Consumer
JO-1528082,Consumer
JO-1528092,Consumer
JO-1528093,Consumer
JO-15550139,Self-Employed
JO-155501402,Self-Employed
JO-155501404,Self-Employed
JO-155501406,Self-Employed
JO-1555018,Self-Employed
JO-1555027,Self-Employed
JO-1555031,Self-Employed
JO-1555045,Self-Employed
JO-1555066,Self-Employed
JO-155507,Self-Employed
JO-1555082,Self-Employed
JO-1555093,Self-Employed
JO-1555097,Self-Employed
JO-5145134,Corporate
JO-514532,Corporate
JO-514560,Corporate
JO-514569,Corporate
JO-514577,Corporate
JO-514595,Corporate
JO-5280110,Consumer
JO-528019,Consumer
JO-528060,Consumer
JO-5550107,Self-Employed
JO-5550110,Self-Employed
JO-5550131,Self-Employed
JO-5550134,Self-Employed
JO-55503,Self-Employed
JO-555060,Self-Employed
JO-555061,Self-Employed
JO-555095,Self-Employed
JP-15460125,Corporate
JP-15460139,Corporate
JP-154601402,Corporate
JP-154601404,Corporate
JP-154601406,Corporate
JP-1546018,Corporate
JP-1546027,Corporate
JP-1546045,Corporate
JP-1546048,Corporate
JP-1546055,Corporate
JP-1546058,Corporate
JP-1546059,Corporate
JP-154607,Corporate
JP-1546082,Corporate
JP-1546093,Corporate
JP-1546098,Corporate
JP-15520102,Consumer
JP-15520139,Consumer
JP-155201402,Consumer
JP-155201404,Consumer
JP-155201408,Consumer
JP-1552018,Consumer
JP-1552028,Consumer
JP-1552031,Consumer
JP-1552039,Consumer
JP-1552045,Consumer
JP-1552048,Consumer
JP-155205,Consumer
JP-1552051,Consumer
JP-1552059,Consumer
JP-155207,Consumer
JP-1552082,Consumer
JP-16135102,Self-Employed
JP-16135120,Self-Employed
JP-16135139,Self-Employed
JP-161351402,Self-Employed
JP-161351404,Self-Employed
JP-161351406,Self-Employed
JP-161351408,Self-Employed
JP-1613518,Self-Employed
JP-1613527,Self-Employed
JP-1613545,Self-Employed
JP-1613548,Self-Employed
JP-1613555,Self-Employed
JP-1613558,Self-Employed
JP-1613559,Self-Employed
JP-161357,Self-Employed
JP-1613582,Self-Employed
JP-1613592,Self-Employed
JP-5460110,Corporate
JP-5460134,Corporate
JP-546023,Corporate
JP-54604,Corporate
JP-546060,Corporate
JP-546061,Corporate
JP-5520129,Consumer
JP-5520134,Consumer
JP-552023,Consumer
JP-552057,Consumer
JP-6135108,Self-Employed
JP-6135110,Self-Employed
JP-6135117,Self-Employed
JP-613538,Self-Employed
JP-613560,Self-Employed
JP-613571,Self-Employed
JR-15670120,Consumer
JR-15670139,Consumer
JR-156701404,Consumer
JR-156701406,Consumer
JR-1567018,Consumer
JR-1567027,Consumer
JR-1567045,Consumer
JR-1567048,Consumer
JR-1567054,Consumer
JR-1567059,Consumer
JR-1567064,Consumer
JR-156707,Consumer
JR-1567082,Consumer
JR-1567093,Consumer
JR-157001408,Consumer
JR-15700143,Consumer
JR-1570018,Consumer
JR-1570036,Consumer
JR-1570039,Consumer
JR-1570045,Consumer
JR-1570055,Consumer
JR-1570058,Consumer
JR-1570062,Consumer
JR-1570064,Consumer
JR-157007,Consumer
JR-1570082,Consumer
JR-1570092,Consumer
JR-1570093,Consumer
JR-16210139,Corporate
JR-162101402,Corporate
JR-162101404,Corporate
JR-162101406,Corporate
JR-162101408,Corporate
JR-1621031,Corporate
JR-1621037,Corporate
JR-1621039,Corporate
JR-1621045,Corporate
JR-1621055,Corporate
JR-1621058,Corporate
JR-1621066,Corporate
JR-162107,Corporate
JR-162108,Corporate
JR-5670134,Consumer
JR-567032,Consumer
JR-567038,Consumer
JR-567057,Consumer
JR-567061,Consumer
JR-567086,Consumer
JR-5700122,Consumer
JR-5700134,Consumer
JR-570033,Consumer
JR-570068,Consumer
JR-57009,Consumer
JR-570095,Consumer
JR-6210109,Corporate
JR-6210134,Corporate
JR-621023,Corporate
JR-621032,Corporate
JR-621033,Corporate
JR-621038,Corporate
JS-15595102,Corporate
JS-15595130,Corporate
JS-155951402,Corporate
JS-155951404,Corporate
JS-155951406,Corporate
JS-155951408,Corporate
JS-1559527,Corporate
JS-1559536,Corporate
JS-1559539,Corporate
JS-1559545,Corporate
JS-1559548,Corporate
JS-1559559,Corporate
JS-1559593,Corporate
JS-15685102,Corporate
JS-15685139,Corporate
JS-156851404,Corporate
JS-156851406,Corporate
JS-156851408,Corporate
JS-1568518,Corporate
JS-1568527,Corporate
JS-1568536,Corporate
JS-1568539,Corporate
JS-1568545,Corporate
JS-1568548,Corporate
JS-1568555,Corporate
JS-1568558,Corporate
JS-1568566,Corporate
JS-156857,Corporate
JS-1568582,Corporate
JS-1568593,Corporate
JS-15880104,Consumer
JS-15880120,Consumer
JS-15880130,Consumer
JS-158801402,Consumer
JS-158801404,Consumer
JS-158801406,Consumer
JS-158801408,Consumer
JS-1588027,Consumer
JS-1588036,Consumer
JS-1588045,Consumer
JS-1588055,Consumer
JS-1588058,Consumer
JS-158807,Consumer
JS-1588082,Consumer
JS-1588096,Consumer
JS-15940120,Self-Employed
JS-159401402,Self-Employed
JS-159401406,Self-Employed
JS-1594031,Self-Employed
JS-1594036,Self-Employed
JS-1594045,Self-Employed
JS-1594048,Self-Employed
JS-1594055,Self-Employed
JS-1594058,Self-Employed
JS-1594064,Self-Employed
JS-1594091,Self-Employed
JS-1594093,Self-Employed
JS-16030102,Consumer
JS-16030120,Consumer
JS-16030130,Consumer
JS-16030139,Consumer
JS-160301402,Consumer
JS-160301404,Consumer
JS-160301406,Consumer
JS-160301408,Consumer
JS-16030144,Consumer
JS-1603026,Consumer
JS-1603027,Consumer
JS-1603034,Consumer
JS-1603036,Consumer
JS-1603045,Consumer
JS-160305,Consumer
JS-1603055,Consumer
JS-1603058,Consumer
JS-1603059,Consumer
JS-160307,Consumer
JS-1603082,Consumer
JS-1603091,Consumer
JS-1603097,Consumer
JS-5595134,Corporate
JS-559523,Corporate
JS-559533,Corporate
JS-559595,Corporate
JS-5685108,Corporate
JS-5685117,Corporate
JS-568533,Corporate
JS-568560,Corporate
JS-568563,Corporate
JS-5880137,Consumer
JS-588038,Consumer
JS-588060,Consumer
JS-588061,Consumer
JS-588095,Consumer
JS-5940108,Self-Employed
JS-5940110,Self-Employed
JS-5940129,Self-Employed
JS-5940134,Self-Employed
JS-594023,Self-Employed
JS-594038,Self-Employed
JS-594060,Self-Employed
JS-594061,Self-Employed
JS-6030134,Consumer
JS-603022,Consumer
JS-603023,Consumer
JS-603033,Consumer
JW-15220102,Corporate
JW-15220120,Corporate
JW-152201404,Corporate
JW-152201406,Corporate
JW-152201408,Corporate
JW-1522018,Corporate
JW-1522027,Corporate
JW-1522031,Corporate
JW-1522039,Corporate
JW-1522045,Corporate
JW-1522048,Corporate
JW-1522058,Corporate
JW-1522059,Corporate
JW-1522064,Corporate
JW-1522066,Corporate
JW-152207,Corporate
JW-152208,Corporate
JW-1522091,Corporate
JW-1522096,Corporate
JW-1522098,Corporate
JW-15955102,Consumer
JW-15955124,Consumer
JW-159551404,Consumer
JW-159551406,Consumer
JW-159551408,Consumer
JW-1595527,Consumer
JW-1595531,Consumer
JW-1595536,Consumer
JW-1595539,Consumer
JW-1595545,Consumer
JW-1595548,Consumer
JW-1595551,Consumer
JW-1595555,Consumer
JW-1595558,Consumer
JW-1595559,Consumer
JW-1595566,Consumer
JW-1595582,Consumer
JW-1595592,Consumer
JW-16075120,Consumer
JW-160751402,Consumer
JW-160751404,Consumer
JW-160751406,Consumer
JW-160751408,Consumer
JW-16075144,Consumer
JW-1607527,Consumer
JW-1607528,Consumer
JW-1607545,Consumer
JW-1607548,Consumer
JW-1607558,Consumer
JW-160757,Consumer
JW-1607578,Consumer
JW-1607582,Consumer
JW-1607592,Consumer
JW-1607593,Consumer
JW-5220111,Corporate
JW-5220134,Corporate
JW-5220137,Corporate
JW-522061,Corporate
JW-522087,Corporate
JW-5955134,Consumer
JW-595538,Consumer
JW-6075110,Consumer
JW-6075146,Consumer
JW-607586,Consumer
KA-16525102,Consumer
KA-165251402,Consumer
KA-165251404,Consumer
KA-165251406,Consumer
KA-1652527,Consumer
KA-1652528,Consumer
KA-1652531,Consumer
KA-1652539,Consumer
KA-1652545,Consumer
KA-1652548,Consumer
KA-1652558,Consumer
KA-1652559,Consumer
KA-1652564,Consumer
KA-165257,Consumer
KA-1652582,Consumer
KA-1652588,Consumer
KA-1652592,Consumer
KA-1652593,Consumer
KA-6525108,Consumer
KA-652513,Consumer
KA-6525137,Consumer
KA-652520,Consumer
KA-652549,Consumer
KA-652595,Consumer
KB-16240120,Corporate
KB-16240139,Corporate
KB-1624014,Corporate
KB-162401402,Corporate
KB-162401404,Corporate
KB-162401406,Corporate
KB-162401408,Corporate
KB-1624026,Corporate
KB-1624027,Corporate
KB-1624028,Corporate
KB-1624031,Corporate
KB-1624037,Corporate
KB-1624039,Corporate
KB-1624045,Corporate
KB-162405,Corporate
KB-1624058,Corporate
KB-1624064,Corporate
KB-162407,Corporate
KB-1624078,Corporate
KB-162408,Corporate
KB-1624082,Corporate
KB-1624091,Corporate
KB-16315101,Consumer
KB-16315118,Consumer
KB-16315139,Consumer
KB-163151402,Consumer
KB-163151404,Consumer
KB-163151406,Consumer
KB-163151408,Consumer
KB-16315144,Consumer
KB-1631527,Consumer
KB-1631531,Consumer
KB-1631545,Consumer
KB-1631551,Consumer
KB-1631559,Consumer
KB-1631564,Consumer
KB-163157,Consumer
KB-1631578,Consumer
KB-1631598,Consumer
KB-16405102,Self-Employed
KB-16405139,Self-Employed
KB-164051404,Self-Employed
KB-164051406,Self-Employed
KB-1640518,Self-Employed
KB-1640536,Self-Employed
KB-1640545,Self-Employed
KB-1640548,Self-Employed
KB-1640555,Self-Employed
KB-1640558,Self-Employed
KB-1640559,Self-Employed
KB-1640562,Self-Employed
KB-164057,Self-Employed
KB-1640578,Self-Employed
KB-1640582,Self-Employed
KB-1640592,Self-Employed
KB-165851402,Corporate
KB-165851404,Corporate
KB-165851406,Corporate
KB-165851408,Corporate
KB-1658518,Corporate
KB-1658527,Corporate
KB-1658545,Corporate
KB-1658548,Corporate
KB-1658555,Corporate
KB-1658558,Corporate
KB-1658564,Corporate
KB-165857,Corporate
KB-1658582,Corporate
KB-16600120,Corporate
KB-166001402,Corporate
KB-166001404,Corporate
KB-166001406,Corporate
KB-16600144,Corporate
KB-1660039,Corporate
KB-1660045,Corporate
KB-1660048,Corporate
KB-1660051,Corporate
KB-1660055,Corporate
KB-1660058,Corporate
KB-1660059,Corporate
KB-1660082,Corporate
KB-1660092,Corporate
KB-1660096,Corporate
KB-6240108,Corporate
KB-6240129,Corporate
KB-624013,Corporate
KB-6240137,Corporate
KB-624038,Corporate
KB-624049,Corporate
KB-624060,Corporate
KB-6315103,Consumer
KB-6315108,Consumer
KB-6315134,Consumer
KB-631515,Consumer
KB-631533,Consumer
KB-631538,Consumer
KB-631560,Consumer
KB-631561,Consumer
KB-631595,Consumer
KB-6405134,Self-Employed
KB-640563,Self-Employed
KB-658561,Corporate
KB-658568,Corporate
KB-6600117,Corporate
KB-6600137,Corporate
KB-660023,Corporate
KB-660038,Corporate
KB-660041,Corporate
KB-660060,Corporate
KB-660061,Corporate
KB-660077,Corporate
KB-660095,Corporate
KC-16255118,Corporate
KC-1625514,Corporate
KC-162551404,Corporate
KC-162551406,Corporate
KC-162551408,Corporate
KC-1625518,Corporate
KC-1625527,Corporate
KC-1625536,Corporate
KC-1625548,Corporate
KC-1625551,Corporate
KC-1625554,Corporate
KC-1625555,Corporate
KC-1625558,Corporate
KC-1625559,Corporate
KC-162557,Corporate
KC-1625578,Corporate
KC-1625582,Corporate
KC-1625591,Corporate
KC-1625597,Corporate
KC-16540120,Consumer
KC-16540125,Consumer
KC-16540132,Consumer
KC-16540139,Consumer
KC-165401402,Consumer
KC-165401404,Consumer
KC-165401406,Consumer
KC-1654018,Consumer
KC-1654026,Consumer
KC-1654027,Consumer
KC-1654036,Consumer
KC-1654037,Consumer
KC-1654045,Consumer
KC-1654048,Consumer
KC-1654051,Consumer
KC-1654059,Consumer
KC-165407,Consumer
KC-1654082,Consumer
KC-1654092,Consumer
KC-1654093,Consumer
KC-16675139,Corporate
KC-166751404,Corporate
KC-166751408,Corporate
KC-16675144,Corporate
KC-1667518,Corporate
KC-1667527,Corporate
KC-1667528,Corporate
KC-1667544,Corporate
KC-1667545,Corporate
KC-1667548,Corporate
KC-1667555,Corporate
KC-1667564,Corporate
KC-166757,Corporate
KC-1667582,Corporate
KC-1667591,Corporate
KC-6255103,Corporate
KC-6255137,Corporate
KC-625533,Corporate
KC-625538,Corporate
KC-625561,Corporate
KC-625568,Corporate
KC-625595,Corporate
KC-6540108,Consumer
KC-6540134,Consumer
KC-654038,Consumer
KC-654060,Consumer
KC-654069,Consumer
KC-654083,Consumer
KC-654095,Consumer
KC-6675117,Corporate
KC-6675134,Corporate
KC-667561,Corporate
KD-16270139,Consumer
KD-162701402,Consumer
KD-162701404,Consumer
KD-162701406,Consumer
KD-162701408,Consumer
KD-1627018,Consumer
KD-1627021,Consumer
KD-1627027,Consumer
KD-1627031,Consumer
KD-1627045,Consumer
KD-1627048,Consumer
KD-1627051,Consumer
KD-1627055,Consumer
KD-1627059,Consumer
KD-162707,Consumer
KD-1627093,Consumer
KD-16345139,Consumer
KD-163451402,Consumer
KD-163451404,Consumer
KD-163451406,Consumer
KD-16345144,Consumer
KD-1634518,Consumer
KD-1634545,Consumer
KD-1634548,Consumer
KD-1634558,Consumer
KD-1634578,Consumer
KD-16495139,Corporate
KD-164951402,Corporate
KD-164951404,Corporate
KD-164951406,Corporate
KD-164951408,Corporate
KD-1649518,Corporate
KD-1649527,Corporate
KD-1649545,Corporate
KD-1649548,Corporate
KD-1649558,Corporate
KD-1649559,Corporate
KD-164957,Corporate
KD-1649578,Corporate
KD-164958,Corporate
KD-1649582,Corporate
KD-1649593,Corporate
KD-16615101,Corporate
KD-16615102,Corporate
KD-166151404,Corporate
KD-166151406,Corporate
KD-1661518,Corporate
KD-1661527,Corporate
KD-1661531,Corporate
KD-1661536,Corporate
KD-1661545,Corporate
KD-1661548,Corporate
KD-166155,Corporate
KD-1661554,Corporate
KD-1661558,Corporate
KD-1661562,Corporate
KD-1661564,Corporate
KD-166158,Corporate
KD-1661582,Corporate
KD-6270134,Consumer
KD-6345108,Consumer
KD-6345117,Consumer
KD-63454,Consumer
KD-634560,Consumer
KD-634569,Consumer
KD-634586,Consumer
KD-6495103,Corporate
KD-6495122,Corporate
KD-649515,Corporate
KD-649560,Corporate
KD-661549,Corporate
KD-661586,Corporate
KE-164201402,Corporate
KE-164201404,Corporate
KE-164201406,Corporate
KE-164201408,Corporate
KE-1642018,Corporate
KE-1642027,Corporate
KE-1642031,Corporate
KE-1642039,Corporate
KE-1642045,Corporate
KE-1642048,Corporate
KE-164205,Corporate
KE-1642058,Corporate
KE-1642059,Corporate
KE-1642064,Corporate
KE-1642066,Corporate
KE-164207,Corporate
KE-1642078,Corporate
KE-1642082,Corporate
KE-1642091,Corporate
KE-1642092,Corporate
KE-6420117,Corporate
KE-6420134,Corporate
KE-64203,Corporate
KE-642087,Corporate
KF-16285120,Self-Employed
KF-16285139,Self-Employed
KF-162851402,Self-Employed
KF-162851404,Self-Employed
KF-162851406,Self-Employed
KF-162851408,Self-Employed
KF-1628518,Self-Employed
KF-1628526,Self-Employed
KF-1628527,Self-Employed
KF-1628531,Self-Employed
KF-1628545,Self-Employed
KF-1628548,Self-Employed
KF-1628559,Self-Employed
KF-162857,Self-Employed
KF-1628593,Self-Employed
KF-6285107,Self-Employed
KF-6285108,Self-Employed
KF-6285134,Self-Employed
KF-6285145,Self-Employed
KF-628522,Self-Employed
KF-62853,Self-Employed
KF-628595,Self-Employed
KH-16330113,Corporate
KH-1633012,Corporate
KH-16330130,Corporate
KH-16330139,Corporate
KH-163301402,Corporate
KH-163301404,Corporate
KH-163301406,Corporate
KH-163301408,Corporate
KH-1633027,Corporate
KH-1633036,Corporate
KH-1633039,Corporate
KH-1633045,Corporate
KH-1633058,Corporate
KH-1633059,Corporate
KH-1633064,Corporate
KH-163307,Corporate
KH-1633088,Corporate
KH-16360101,Consumer
KH-16360130,Consumer
KH-16360139,Consumer
KH-163601402,Consumer
KH-163601406,Consumer
KH-163601408,Consumer
KH-1636018,Consumer
KH-1636031,Consumer
KH-1636039,Consumer
KH-1636045,Consumer
KH-1636051,Consumer
KH-1636058,Consumer
KH-1636059,Consumer
KH-163607,Consumer
KH-163608,Consumer
KH-1636082,Consumer
KH-1636091,Consumer
KH-1636098,Consumer
KH-16510102,Consumer
KH-1651011,Consumer
KH-16510120,Consumer
KH-16510139,Consumer
KH-1651014,Consumer
KH-165101402,Consumer
KH-165101404,Consumer
KH-165101408,Consumer
KH-1651018,Consumer
KH-1651027,Consumer
KH-1651045,Consumer
KH-1651048,Consumer
KH-1651058,Consumer
KH-1651064,Consumer
KH-1651082,Consumer
KH-1651092,Consumer
KH-1651093,Consumer
KH-16630139,Corporate
KH-166301402,Corporate
KH-166301404,Corporate
KH-166301406,Corporate
KH-166301408,Corporate
KH-1663036,Corporate
KH-1663045,Corporate
KH-1663048,Corporate
KH-1663051,Corporate
KH-1663062,Corporate
KH-1663064,Corporate
KH-166307,Corporate
KH-1663082,Corporate
KH-1663088,Corporate
KH-1663092,Corporate
KH-1663098,Corporate
KH-166901,Corporate
KH-16690104,Corporate
KH-16690120,Corporate
KH-16690124,Corporate
KH-16690130,Corporate
KH-1669014,Corporate
KH-166901404,Corporate
KH-166901406,Corporate
KH-166901408,Corporate
KH-16690144,Corporate
KH-1669027,Corporate
KH-1669031,Corporate
KH-1669045,Corporate
KH-1669048,Corporate
KH-1669051,Corporate
KH-1669058,Corporate
KH-1669059,Corporate
KH-1669064,Corporate
KH-1669065,Corporate
KH-166907,Corporate
KH-1669082,Corporate
KH-1669091,Corporate
KH-1669092,Corporate
KH-1669093,Corporate
KH-1669096,Corporate
KH-1669097,Corporate
KH-1669098,Corporate
KH-6330110,Corporate
KH-6330116,Corporate
KH-6330117,Corporate
KH-6330134,Corporate
KH-6330137,Corporate
KH-6330145,Corporate
KH-633038,Corporate
KH-633060,Corporate
KH-633086,Corporate
KH-633095,Corporate
KH-6360108,Consumer
KH-6360110,Consumer
KH-636013,Consumer
KH-636033,Consumer
KH-636069,Consumer
KH-636086,Consumer
KH-636095,Consumer
KH-6510117,Consumer
KH-651032,Consumer
KH-651033,Consumer
KH-651038,Consumer
KH-651063,Consumer
KH-651094,Consumer
KH-6630110,Corporate
KH-6630134,Corporate
KH-663063,Corporate
KH-663079,Corporate
KH-6690117,Corporate
KH-6690129,Corporate
KH-6690134,Corporate
KH-6690137,Corporate
KH-669023,Corporate
KH-669086,Corporate
KL-16555139,Corporate
KL-165551402,Corporate
KL-165551404,Corporate
KL-165551406,Corporate
KL-165551408,Corporate
KL-16555144,Corporate
KL-1655518,Corporate
KL-1655527,Corporate
KL-1655545,Corporate
KL-165555,Corporate
KL-1655555,Corporate
KL-1655559,Corporate
KL-165558,Corporate
KL-1655582,Corporate
KL-1655591,Corporate
KL-1655592,Corporate
KL-1655598,Corporate
KL-16645120,Consumer
KL-16645139,Consumer
KL-166451402,Consumer
KL-166451404,Consumer
KL-166451406,Consumer
KL-16645144,Consumer
KL-1664531,Consumer
KL-1664536,Consumer
KL-1664545,Consumer
KL-1664548,Consumer
KL-166457,Consumer
KL-1664582,Consumer
KL-1664592,Consumer
KL-1664593,Consumer
KL-1664596,Consumer
KL-6555108,Corporate
KL-6555116,Corporate
KL-6555134,Corporate
KL-655538,Corporate
KL-655595,Corporate
KL-6645117,Consumer
KL-6645134,Consumer
KL-66454,Consumer
KL-664560,Consumer
KL-664595,Consumer
KM-16225139,Corporate
KM-162251402,Corporate
KM-162251404,Corporate
KM-162251406,Corporate
KM-1622526,Corporate
KM-1622527,Corporate
KM-1622545,Corporate
KM-1622559,Corporate
KM-162257,Corporate
KM-1622578,Corporate
KM-1622582,Corporate
KM-163751402,Self-Employed
KM-163751404,Self-Employed
KM-163751406,Self-Employed
KM-163751408,Self-Employed
KM-1637518,Self-Employed
KM-1637536,Self-Employed
KM-1637539,Self-Employed
KM-1637545,Self-Employed
KM-1637548,Self-Employed
KM-1637555,Self-Employed
KM-1637566,Self-Employed
KM-163757,Self-Employed
KM-1637582,Self-Employed
KM-1637591,Self-Employed
KM-1637592,Self-Employed
KM-1637593,Self-Employed
KM-166601404,Consumer
KM-166601406,Consumer
KM-166601408,Consumer
KM-16660143,Consumer
KM-16660144,Consumer
KM-1666027,Consumer
KM-1666031,Consumer
KM-1666045,Consumer
KM-1666048,Consumer
KM-1666058,Consumer
KM-1666059,Consumer
KM-166607,Consumer
KM-1666078,Consumer
KM-1666082,Consumer
KM-16720102,Consumer
KM-16720139,Consumer
KM-167201402,Consumer
KM-167201404,Consumer
KM-167201406,Consumer
KM-1672018,Consumer
KM-1672027,Consumer
KM-1672036,Consumer
KM-1672039,Consumer
KM-1672048,Consumer
KM-167205,Consumer
KM-1672051,Consumer
KM-1672078,Consumer
KM-167208,Consumer
KM-1672093,Consumer
KM-6225134,Corporate
KM-622530,Corporate
KM-622595,Corporate
KM-6375103,Self-Employed
KM-6375146,Self-Employed
KM-637519,Self-Employed
KM-637523,Self-Employed
KM-637595,Self-Employed
KM-6660107,Consumer
KM-6660116,Consumer
KM-6660134,Consumer
KM-6720134,Consumer
KM-672060,Consumer
KM-672061,Consumer
KN-16390102,Corporate
KN-16390120,Corporate
KN-16390139,Corporate
KN-163901402,Corporate
KN-163901404,Corporate
KN-163901406,Corporate
KN-1639031,Corporate
KN-1639039,Corporate
KN-1639045,Corporate
KN-1639048,Corporate
KN-163905,Corporate
KN-1639051,Corporate
KN-1639055,Corporate
KN-1639058,Corporate
KN-1639059,Corporate
KN-163907,Corporate
KN-1639082,Corporate
KN-16450120,Corporate
KN-16450130,Corporate
KN-16450139,Corporate
KN-164501402,Corporate
KN-164501404,Corporate
KN-164501406,Corporate
KN-164501408,Corporate
KN-16450144,Corporate
KN-1645027,Corporate
KN-1645031,Corporate
KN-1645045,Corporate
KN-1645048,Corporate
KN-1645058,Corporate
KN-1645064,Corporate
KN-164507,Corporate
KN-1645082,Corporate
KN-1645098,Corporate
KN-16705120,Self-Employed
KN-167051402,Self-Employed
KN-167051404,Self-Employed
KN-167051406,Self-Employed
KN-167051408,Self-Employed
KN-1670527,Self-Employed
KN-1670531,Self-Employed
KN-1670536,Self-Employed
KN-1670545,Self-Employed
KN-167055,Self-Employed
KN-167057,Self-Employed
KN-1670582,Self-Employed
KN-6390117,Corporate
KN-6390126,Corporate
KN-6390137,Corporate
KN-6450134,Corporate
KN-645022,Corporate
KN-645049,Corporate
KN-645069,Corporate
KN-645087,Corporate
KN-645095,Corporate
KN-6705107,Self-Employed
KN-6705134,Self-Employed
KN-670533,Self-Employed
KN-670560,Self-Employed
KS-16300102,Corporate
KS-1630011,Corporate
KS-16300120,Corporate
KS-16300139,Corporate
KS-1630014,Corporate
KS-163001404,Corporate
KS-163001408,Corporate
KS-16300144,Corporate
KS-1630018,Corporate
KS-1630031,Corporate
KS-1630045,Corporate
KS-1630048,Corporate
KS-163005,Corporate
KS-1630051,Corporate
KS-163007,Corporate
KS-1630082,Corporate
KS-6300117,Corporate
KS-630033,Corporate
KS-630060,Corporate
KS-630087,Corporate
KT-16465113,Consumer
KT-16465120,Consumer
KT-16465139,Consumer
KT-164651402,Consumer
KT-164651404,Consumer
KT-164651408,Consumer
KT-16465141,Consumer
KT-16465144,Consumer
KT-1646518,Consumer
KT-1646527,Consumer
KT-1646545,Consumer
KT-1646548,Consumer
KT-164655,Consumer
KT-1646551,Consumer
KT-1646554,Consumer
KT-1646555,Consumer
KT-1646558,Consumer
KT-164657,Consumer
KT-1646598,Consumer
KT-16480102,Consumer
KT-16480104,Consumer
KT-164801402,Consumer
KT-164801404,Consumer
KT-164801406,Consumer
KT-164801408,Consumer
KT-1648048,Consumer
KT-1648058,Consumer
KT-1648059,Consumer
KT-1648082,Consumer
KT-1648092,Consumer
KT-6465134,Consumer
KT-6465137,Consumer
KT-646523,Consumer
KT-646529,Consumer
KT-646586,Consumer
KT-6480129,Consumer
KT-6480135,Consumer
KT-648038,Consumer
KT-648049,Consumer
KT-648063,Consumer
KT-648077,Consumer
KT-648095,Consumer
KW-16435101,Consumer
KW-16435120,Consumer
KW-16435124,Consumer
KW-16435139,Consumer
KW-164351402,Consumer
KW-164351406,Consumer
KW-164351408,Consumer
KW-1643518,Consumer
KW-1643527,Consumer
KW-1643545,Consumer
KW-1643548,Consumer
KW-1643555,Consumer
KW-1643559,Consumer
KW-1643564,Consumer
KW-164357,Consumer
KW-1643582,Consumer
KW-1643598,Consumer
KW-16570139,Consumer
KW-165701402,Consumer
KW-165701404,Consumer
KW-165701408,Consumer
KW-1657018,Consumer
KW-1657026,Consumer
KW-1657027,Consumer
KW-1657028,Consumer
KW-1657031,Consumer
KW-1657039,Consumer
KW-1657045,Consumer
KW-1657048,Consumer
KW-1657055,Consumer
KW-1657058,Consumer
KW-1657059,Consumer
KW-165707,Consumer
KW-1657080,Consumer
KW-1657082,Consumer
KW-1657098,Consumer
KW-6435146,Consumer
KW-6435147,Consumer
KW-643538,Consumer
KW-6570107,Consumer
KW-6570134,Consumer
KW-657038,Consumer
KW-657067,Consumer
KW-657086,Consumer
LA-16780102,Corporate
LA-16780120,Corporate
LA-167801402,Corporate
LA-167801404,Corporate
LA-167801406,Corporate
LA-167801408,Corporate
LA-1678018,Corporate
LA-1678021,Corporate
LA-1678027,Corporate
LA-1678045,Corporate
LA-1678048,Corporate
LA-1678051,Corporate
LA-1678058,Corporate
LA-1678059,Corporate
LA-1678066,Corporate
LA-167807,Corporate
LA-167808,Corporate
LA-1678088,Corporate
LA-1678091,Corporate
LA-1678092,Corporate
LA-6780103,Corporate
LA-6780107,Corporate
LA-6780108,Corporate
LA-6780117,Corporate
LA-6780134,Corporate
LA-678061,Corporate
LA-67808,Corporate
LA-678086,Corporate
LA-678087,Corporate
LB-16735102,Consumer
LB-16735120,Consumer
LB-16735125,Consumer
LB-16735139,Consumer
LB-167351402,Consumer
LB-167351404,Consumer
LB-167351408,Consumer
LB-16735143,Consumer
LB-1673518,Consumer
LB-1673526,Consumer
LB-1673528,Consumer
LB-1673531,Consumer
LB-1673536,Consumer
LB-1673539,Consumer
LB-1673545,Consumer
LB-1673548,Consumer
LB-167355,Consumer
LB-1673551,Consumer
LB-1673555,Consumer
LB-1673558,Consumer
LB-1673559,Consumer
LB-1673564,Consumer
LB-167358,Consumer
LB-1673582,Consumer
LB-16795101,Self-Employed
LB-1679511,Self-Employed
LB-16795130,Self-Employed
LB-16795139,Self-Employed
LB-167951402,Self-Employed
LB-167951404,Self-Employed
LB-167951406,Self-Employed
LB-167951408,Self-Employed
LB-1679531,Self-Employed
LB-1679539,Self-Employed
LB-1679548,Self-Employed
LB-1679555,Self-Employed
LB-1679558,Self-Employed
LB-1679564,Self-Employed
LB-167957,Self-Employed
LB-1679582,Self-Employed
LB-1679588,Self-Employed
LB-1679592,Self-Employed
LB-1679598,Self-Employed
LB-6735103,Consumer
LB-6735134,Consumer
LB-6735137,Consumer
LB-673522,Consumer
LB-673523,Consumer
LB-673533,Consumer
LB-673587,Consumer
LB-6795107,Self-Employed
LB-6795111,Self-Employed
LB-6795117,Self-Employed
LB-6795134,Self-Employed
LB-6795137,Self-Employed
LB-67958,Self-Employed
LB-679595,Self-Employed
LC-16870118,Consumer
LC-168701402,Consumer
LC-168701404,Consumer
LC-168701406,Consumer
LC-168701408,Consumer
LC-16870143,Consumer
LC-1687027,Consumer
LC-1687028,Consumer
LC-1687036,Consumer
LC-1687045,Consumer
LC-1687048,Consumer
LC-1687058,Consumer
LC-168707,Consumer
LC-1687093,Consumer
LC-168851402,Consumer
LC-168851404,Consumer
LC-168851406,Consumer
LC-168851408,Consumer
LC-1688518,Consumer
LC-1688527,Consumer
LC-1688545,Consumer
LC-1688548,Consumer
LC-1688555,Consumer
LC-1688558,Consumer
LC-1688559,Consumer
LC-168857,Consumer
LC-1688582,Consumer
LC-1688591,Consumer
LC-16930104,Corporate
LC-16930120,Corporate
LC-16930139,Corporate
LC-1693014,Corporate
LC-169301402,Corporate
LC-169301404,Corporate
LC-169301406,Corporate
LC-1693018,Corporate
LC-1693027,Corporate
LC-1693045,Corporate
LC-1693048,Corporate
LC-1693051,Corporate
LC-169307,Corporate
LC-1693092,Corporate
LC-1693093,Corporate
LC-1693097,Corporate
LC-16960102,Self-Employed
LC-169601404,Self-Employed
LC-169601406,Self-Employed
LC-169601408,Self-Employed
LC-1696018,Self-Employed
LC-1696027,Self-Employed
LC-1696036,Self-Employed
LC-1696045,Self-Employed
LC-1696055,Self-Employed
LC-1696058,Self-Employed
LC-1696064,Self-Employed
LC-169607,Self-Employed
LC-1696082,Self-Employed
LC-1696091,Self-Employed
LC-17050101,Consumer
LC-17050139,Consumer
LC-170501402,Consumer
LC-170501404,Consumer
LC-170501406,Consumer
LC-170501408,Consumer
LC-17050143,Consumer
LC-1705018,Consumer
LC-1705027,Consumer
LC-1705045,Consumer
LC-1705048,Consumer
LC-1705051,Consumer
LC-1705059,Consumer
LC-1705082,Consumer
LC-1705092,Consumer
LC-17140120,Consumer
LC-17140139,Consumer
LC-171401402,Consumer
LC-171401404,Consumer
LC-171401406,Consumer
LC-171401408,Consumer
LC-1714026,Consumer
LC-1714027,Consumer
LC-1714036,Consumer
LC-1714045,Consumer
LC-1714048,Consumer
LC-171405,Consumer
LC-1714055,Consumer
LC-1714058,Consumer
LC-1714064,Consumer
LC-1714066,Consumer
LC-1714082,Consumer
LC-1714093,Consumer
LC-6870107,Consumer
LC-6870108,Consumer
LC-6870110,Consumer
LC-687060,Consumer
LC-687061,Consumer
LC-687089,Consumer
LC-687095,Consumer
LC-6885116,Consumer
LC-6885134,Consumer
LC-6885147,Consumer
LC-688523,Consumer
LC-688529,Consumer
LC-688533,Consumer
LC-688538,Consumer
LC-6930134,Corporate
LC-6930146,Corporate
LC-693033,Corporate
LC-693038,Corporate
LC-69304,Corporate
LC-693061,Corporate
LC-693075,Corporate
LC-693086,Corporate
LC-6960108,Self-Employed
LC-6960131,Self-Employed
LC-6960134,Self-Employed
LC-696038,Self-Employed
LC-69604,Self-Employed
LC-696086,Self-Employed
LC-7050110,Consumer
LC-705013,Consumer
LC-70503,Consumer
LC-70504,Consumer
LC-705086,Consumer
LC-705095,Consumer
LC-714013,Consumer
LC-7140137,Consumer
LC-714023,Consumer
LC-714047,Consumer
LC-714061,Consumer
LC-714086,Consumer
LD-16855125,Corporate
LD-16855132,Corporate
LD-16855139,Corporate
LD-168551402,Corporate
LD-1685518,Corporate
LD-1685526,Corporate
LD-1685527,Corporate
LD-1685528,Corporate
LD-1685539,Corporate
LD-1685545,Corporate
LD-1685548,Corporate
LD-168555,Corporate
LD-1685559,Corporate
LD-168557,Corporate
LD-1685578,Corporate
LD-168558,Corporate
LD-1685582,Corporate
LD-1685593,Corporate
LD-1685598,Corporate
LD-1700511,Consumer
LD-17005118,Consumer
LD-17005139,Consumer
LD-1700514,Consumer
LD-170051402,Consumer
LD-170051404,Consumer
LD-170051406,Consumer
LD-1700518,Consumer
LD-1700534,Consumer
LD-1700539,Consumer
LD-1700545,Consumer
LD-1700548,Consumer
LD-170055,Consumer
LD-1700558,Consumer
LD-170057,Consumer
LD-1700582,Consumer
LD-1700591,Consumer
LD-1700598,Consumer
LD-6855110,Corporate
LD-6855117,Corporate
LD-6855137,Corporate
LD-68553,Corporate
LD-685568,Corporate
LD-685586,Corporate
LD-685595,Corporate
LD-7005134,Consumer
LD-700523,Consumer
LD-700560,Consumer
LD-700595,Consumer
LE-16810102,Consumer
LE-16810120,Consumer
LE-16810130,Consumer
LE-168101402,Consumer
LE-168101404,Consumer
LE-168101406,Consumer
LE-168101408,Consumer
LE-1681045,Consumer
LE-1681048,Consumer
LE-1681058,Consumer
LE-1681064,Consumer
LE-1681066,Consumer
LE-168107,Consumer
LE-168108,Consumer
LE-1681082,Consumer
LE-6810103,Consumer
LE-6810110,Consumer
LE-6810137,Consumer
LE-681060,Consumer
LE-68108,Consumer
LF-17185102,Consumer
LF-17185104,Consumer
LF-17185139,Consumer
LF-171851402,Consumer
LF-171851404,Consumer
LF-171851406,Consumer
LF-171851408,Consumer
LF-1718527,Consumer
LF-1718531,Consumer
LF-1718545,Consumer
LF-1718558,Consumer
LF-1718562,Consumer
LF-1718564,Consumer
LF-171857,Consumer
LF-7185111,Consumer
LF-7185134,Consumer
LF-718519,Consumer
LF-718533,Consumer
LH-16750101,Consumer
LH-1675014,Consumer
LH-167501404,Consumer
LH-167501406,Consumer
LH-167501408,Consumer
LH-1675018,Consumer
LH-1675027,Consumer
LH-1675036,Consumer
LH-1675039,Consumer
LH-1675048,Consumer
LH-1675055,Consumer
LH-167507,Consumer
LH-1675082,Consumer
LH-1675092,Consumer
LH-16900130,Consumer
LH-169001402,Consumer
LH-169001404,Consumer
LH-169001406,Consumer
LH-169001408,Consumer
LH-1690018,Consumer
LH-1690027,Consumer
LH-1690034,Consumer
LH-1690039,Consumer
LH-1690045,Consumer
LH-1690048,Consumer
LH-169005,Consumer
LH-1690058,Consumer
LH-1690059,Consumer
LH-1690064,Consumer
LH-169007,Consumer
LH-1690082,Consumer
LH-170201402,Consumer
LH-170201404,Consumer
LH-170201406,Consumer
LH-17020141,Consumer
LH-1702027,Consumer
LH-1702028,Consumer
LH-1702031,Consumer
LH-1702039,Consumer
LH-1702045,Consumer
LH-1702048,Consumer
LH-1702064,Consumer
LH-1702066,Consumer
LH-1702082,Consumer
LH-1702091,Consumer
LH-1702093,Consumer
LH-1702097,Consumer
LH-17155104,Consumer
LH-1715511,Consumer
LH-17155118,Consumer
LH-17155124,Consumer
LH-171551402,Consumer
LH-171551404,Consumer
LH-171551406,Consumer
LH-1715545,Consumer
LH-171555,Consumer
LH-1715558,Consumer
LH-1715559,Consumer
LH-1715564,Consumer
LH-1715566,Consumer
LH-171557,Consumer
LH-1715582,Consumer
LH-1715588,Consumer
LH-1715592,Consumer
LH-6750108,Consumer
LH-6750134,Consumer
LH-6750136,Consumer
LH-675033,Consumer
LH-675060,Consumer
LH-690030,Consumer
LH-69004,Consumer
LH-690095,Consumer
LH-7020131,Consumer
LH-7020134,Consumer
LH-702033,Consumer
LH-7155108,Consumer
LH-7155110,Consumer
LH-7155137,Consumer
LH-715519,Consumer
LH-715522,Consumer
LH-715523,Consumer
LH-715530,Consumer
LH-715568,Consumer
LL-16840120,Consumer
LL-16840139,Consumer
LL-168401404,Consumer
LL-168401406,Consumer
LL-168401408,Consumer
LL-1684027,Consumer
LL-1684031,Consumer
LL-1684039,Consumer
LL-1684045,Consumer
LL-1684048,Consumer
LL-168405,Consumer
LL-1684055,Consumer
LL-1684058,Consumer
LL-1684059,Consumer
LL-1684066,Consumer
LL-168407,Consumer
LL-1684082,Consumer
LL-6840103,Consumer
LL-6840117,Consumer
LL-6840134,Consumer
LL-6840135,Consumer
LL-6840137,Consumer
LL-684033,Consumer
LL-684060,Consumer
LL-684086,Consumer
LM-17065102,Consumer
LM-170651406,Consumer
LM-170651408,Consumer
LM-1706527,Consumer
LM-1706531,Consumer
LM-1706536,Consumer
LM-1706545,Consumer
LM-1706548,Consumer
LM-1706555,Consumer
LM-1706559,Consumer
LM-1706566,Consumer
LM-170657,Consumer
LM-1706588,Consumer
LM-1706593,Consumer
LM-7065105,Consumer
LM-70653,Consumer
LM-70654,Consumer
LO-171701,Corporate
LO-17170102,Corporate
LO-17170120,Corporate
LO-17170124,Corporate
LO-17170139,Corporate
LO-171701402,Corporate
LO-171701404,Corporate
LO-171701406,Corporate
LO-171701408,Corporate
LO-1717027,Corporate
LO-1717028,Corporate
LO-1717036,Corporate
LO-1717045,Corporate
LO-1717048,Corporate
LO-1717058,Corporate
LO-1717059,Corporate
LO-171707,Corporate
LO-1717082,Corporate
LO-1717092,Corporate
LO-1717093,Corporate
LO-7170117,Corporate
LO-7170134,Corporate
LO-7170147,Corporate
LO-717022,Corporate
LO-717069,Corporate
LO-717075,Corporate
LP-17080120,Consumer
LP-17080139,Consumer
LP-170801404,Consumer
LP-17080144,Consumer
LP-1708018,Consumer
LP-1708031,Consumer
LP-1708045,Consumer
LP-1708055,Consumer
LP-1708059,Consumer
LP-170807,Consumer
LP-1708082,Consumer
LP-1708091,Consumer
LP-17095102,Consumer
LP-1709512,Consumer
LP-17095132,Consumer
LP-17095139,Consumer
LP-170951402,Consumer
LP-170951404,Consumer
LP-170951406,Consumer
LP-170951408,Consumer
LP-1709518,Consumer
LP-1709527,Consumer
LP-1709528,Consumer
LP-1709545,Consumer
LP-1709551,Consumer
LP-1709558,Consumer
LP-1709559,Consumer
LP-1709582,Consumer
LP-1709592,Consumer
LP-1709598,Consumer
LP-7080134,Consumer
LP-7080137,Consumer
LP-708022,Consumer
LP-708038,Consumer
LP-708086,Consumer
LP-7095134,Consumer
LP-709523,Consumer
LP-709560,Consumer
LP-709586,Consumer
LR-16915101,Consumer
LR-16915120,Consumer
LR-1691514,Consumer
LR-169151404,Consumer
LR-169151408,Consumer
LR-1691518,Consumer
LR-1691527,Consumer
LR-1691531,Consumer
LR-1691539,Consumer
LR-1691544,Consumer
LR-1691545,Consumer
LR-1691555,Consumer
LR-1691558,Consumer
LR-1691564,Consumer
LR-1691582,Consumer
LR-17035102,Corporate
LR-17035120,Corporate
LR-170351402,Corporate
LR-170351404,Corporate
LR-170351406,Corporate
LR-17035143,Corporate
LR-1703518,Corporate
LR-1703536,Corporate
LR-1703539,Corporate
LR-1703545,Corporate
LR-1703548,Corporate
LR-1703555,Corporate
LR-1703558,Corporate
LR-1703559,Corporate
LR-170357,Corporate
LR-1703592,Corporate
LR-1703593,Corporate
LR-6915134,Consumer
LR-691560,Consumer
LR-691573,Consumer
LR-7035107,Corporate
LR-7035108,Corporate
LR-7035146,Corporate
LR-703538,Corporate
LR-703577,Corporate
LR-70358,Corporate
LR-703586,Corporate
LS-16945139,Corporate
LS-169451402,Corporate
LS-169451404,Corporate
LS-169451406,Corporate
LS-1694527,Corporate
LS-1694528,Corporate
LS-1694531,Corporate
LS-1694536,Corporate
LS-1694545,Corporate
LS-1694559,Corporate
LS-1694564,Corporate
LS-169457,Corporate
LS-169458,Corporate
LS-1694582,Corporate
LS-1694598,Corporate
LS-16975139,Self-Employed
LS-169751402,Self-Employed
LS-169751404,Self-Employed
LS-169751406,Self-Employed
LS-1697518,Self-Employed
LS-1697531,Self-Employed
LS-1697548,Self-Employed
LS-1697550,Self-Employed
LS-1697558,Self-Employed
LS-1697559,Self-Employed
LS-1697564,Self-Employed
LS-1697582,Self-Employed
LS-17200102,Corporate
LS-172001402,Corporate
LS-172001404,Corporate
LS-172001406,Corporate
LS-172001408,Corporate
LS-1720018,Corporate
LS-1720026,Corporate
LS-1720039,Corporate
LS-1720045,Corporate
LS-172005,Corporate
LS-1720058,Corporate
LS-1720059,Corporate
LS-1720064,Corporate
LS-172007,Corporate
LS-1720080,Corporate
LS-1720082,Corporate
LS-17230118,Consumer
LS-17230120,Consumer
LS-17230139,Consumer
LS-172301402,Consumer
LS-172301404,Consumer
LS-172301406,Consumer
LS-1723018,Consumer
LS-1723027,Consumer
LS-1723045,Consumer
LS-1723048,Consumer
LS-1723051,Consumer
LS-172307,Consumer
LS-1723078,Consumer
LS-1723082,Consumer
LS-1723091,Consumer
LS-1723093,Consumer
LS-1723097,Consumer
LS-17245102,Consumer
LS-17245113,Consumer
LS-17245120,Consumer
LS-17245139,Consumer
LS-172451402,Consumer
LS-172451404,Consumer
LS-172451406,Consumer
LS-172451408,Consumer
LS-1724518,Consumer
LS-1724527,Consumer
LS-1724528,Consumer
LS-1724531,Consumer
LS-1724545,Consumer
LS-172455,Consumer
LS-172457,Consumer
LS-1724582,Consumer
LS-1724592,Consumer
LS-6945108,Corporate
LS-6945117,Corporate
LS-6945134,Corporate
LS-6945147,Corporate
LS-694523,Corporate
LS-694532,Corporate
LS-694538,Corporate
LS-694560,Corporate
LS-694563,Corporate
LS-6975117,Self-Employed
LS-6975134,Self-Employed
LS-6975146,Self-Employed
LS-697523,Self-Employed
LS-697595,Self-Employed
LS-7200108,Corporate
LS-7200134,Corporate
LS-720032,Corporate
LS-7230134,Consumer
LS-723029,Consumer
LS-723047,Consumer
LS-723068,Consumer
LS-723086,Consumer
LS-723094,Consumer
LS-723095,Consumer
LS-7245131,Consumer
LS-724523,Consumer
LS-724586,Consumer
LS-724595,Consumer
LT-16765102,Consumer
LT-1676511,Consumer
LT-16765120,Consumer
LT-16765139,Consumer
LT-167651404,Consumer
LT-167651406,Consumer
LT-1676527,Consumer
LT-1676531,Consumer
LT-1676539,Consumer
LT-1676545,Consumer
LT-1676548,Consumer
LT-1676551,Consumer
LT-1676558,Consumer
LT-1676564,Consumer
LT-167657,Consumer
LT-1676582,Consumer
LT-1676591,Consumer
LT-1676592,Consumer
LT-1676593,Consumer
LT-1676598,Consumer
LT-17110102,Consumer
LT-17110130,Consumer
LT-171101402,Consumer
LT-171101404,Consumer
LT-171101406,Consumer
LT-171101408,Consumer
LT-1711018,Consumer
LT-1711027,Consumer
LT-1711039,Consumer
LT-1711045,Consumer
LT-1711048,Consumer
LT-1711058,Consumer
LT-1711059,Consumer
LT-171107,Consumer
LT-1711082,Consumer
LT-1711091,Consumer
LT-6765117,Consumer
LT-676522,Consumer
LT-676523,Consumer
LT-676561,Consumer
LT-7110103,Consumer
LT-7110109,Consumer
LT-7110117,Consumer
LT-7110129,Consumer
LT-711095,Consumer
LW-168251,Corporate
LW-16825104,Corporate
LW-16825113,Corporate
LW-16825139,Corporate
LW-1682514,Corporate
LW-168251402,Corporate
LW-168251404,Corporate
LW-168251406,Corporate
LW-168251408,Corporate
LW-1682518,Corporate
LW-1682527,Corporate
LW-1682545,Corporate
LW-1682558,Corporate
LW-168257,Corporate
LW-168258,Corporate
LW-1682592,Corporate
LW-169901404,Corporate
LW-169901408,Corporate
LW-1699018,Corporate
LW-1699027,Corporate
LW-1699031,Corporate
LW-1699036,Corporate
LW-1699045,Corporate
LW-1699048,Corporate
LW-169905,Corporate
LW-1699058,Corporate
LW-1699064,Corporate
LW-169907,Corporate
LW-1699093,Corporate
LW-1699097,Corporate
LW-17125102,Consumer
LW-17125139,Consumer
LW-171251404,Consumer
LW-171251406,Consumer
LW-171251408,Consumer
LW-1712536,Consumer
LW-1712537,Consumer
LW-1712545,Consumer
LW-1712548,Consumer
LW-1712591,Consumer
LW-1712593,Consumer
LW-17215102,Consumer
LW-172151402,Consumer
LW-172151404,Consumer
LW-172151406,Consumer
LW-1721518,Consumer
LW-1721527,Consumer
LW-1721536,Consumer
LW-1721545,Consumer
LW-1721548,Consumer
LW-1721551,Consumer
LW-1721559,Consumer
LW-1721564,Consumer
LW-1721566,Consumer
LW-172157,Consumer
LW-1721582,Consumer
LW-6825107,Corporate
LW-6825117,Corporate
LW-6825129,Corporate
LW-6825134,Corporate
LW-6825137,Corporate
LW-682522,Corporate
LW-682533,Corporate
LW-682560,Corporate
LW-68259,Corporate
LW-6990108,Corporate
LW-6990122,Corporate
LW-6990134,Corporate
LW-6990142,Corporate
LW-699038,Corporate
LW-699060,Corporate
LW-699061,Corporate
LW-699068,Corporate
LW-699069,Corporate
LW-7125108,Consumer
LW-7125110,Consumer
LW-7125117,Consumer
LW-7125134,Consumer
LW-7125137,Consumer
LW-71253,Consumer
LW-71254,Consumer
LW-712569,Consumer
LW-712595,Consumer
LW-7215109,Consumer
LW-7215110,Consumer
LW-721523,Consumer
LW-721586,Consumer
LW-721595,Consumer
MA-17560102,Self-Employed
MA-17560124,Self-Employed
MA-175601402,Self-Employed
MA-175601404,Self-Employed
MA-175601406,Self-Employed
MA-1756037,Self-Employed
MA-1756048,Self-Employed
MA-1756055,Self-Employed
MA-1756058,Self-Employed
MA-1756059,Self-Employed
MA-1756064,Self-Employed
MA-175607,Self-Employed
MA-1756082,Self-Employed
MA-17995121,Self-Employed
MA-17995139,Self-Employed
MA-179951402,Self-Employed
MA-179951404,Self-Employed
MA-179951406,Self-Employed
MA-179951408,Self-Employed
MA-1799527,Self-Employed
MA-1799536,Self-Employed
MA-1799548,Self-Employed
MA-1799555,Self-Employed
MA-1799558,Self-Employed
MA-1799559,Self-Employed
MA-1799566,Self-Employed
MA-179957,Self-Employed
MA-1799582,Self-Employed
MA-7560103,Self-Employed
MA-7560134,Self-Employed
MA-756061,Self-Employed
MA-756086,Self-Employed
MA-7995134,Self-Employed
MA-799523,Self-Employed
MA-799529,Self-Employed
MA-799538,Self-Employed
MA-79954,Self-Employed
MA-799569,Self-Employed
MA-799574,Self-Employed
MA-799586,Self-Employed
MA-799595,Self-Employed
MB-17305124,Consumer
MB-17305125,Consumer
MB-17305139,Consumer
MB-173051402,Consumer
MB-173051404,Consumer
MB-173051406,Consumer
MB-173051408,Consumer
MB-17305144,Consumer
MB-1730518,Consumer
MB-1730545,Consumer
MB-1730548,Consumer
MB-1730558,Consumer
MB-1730559,Consumer
MB-1730564,Consumer
MB-173057,Consumer
MB-173058,Consumer
MB-1730582,Consumer
MB-18085139,Consumer
MB-180851402,Consumer
MB-180851404,Consumer
MB-180851406,Consumer
MB-180851408,Consumer
MB-18085143,Consumer
MB-1808518,Consumer
MB-1808527,Consumer
MB-1808531,Consumer
MB-1808534,Consumer
MB-1808545,Consumer
MB-1808566,Consumer
MB-180857,Consumer
MB-180858,Consumer
MB-1808582,Consumer
MB-1808591,Consumer
MB-1808592,Consumer
MB-7305108,Consumer
MB-7305117,Consumer
MB-7305134,Consumer
MB-730515,Consumer
MB-730533,Consumer
MB-730561,Consumer
MB-730595,Consumer
MB-8085108,Consumer
MB-8085110,Consumer
MB-8085134,Consumer
MB-8085137,Consumer
MB-808557,Consumer
MB-808560,Consumer
MB-808574,Consumer
MB-808595,Consumer
MC-172751404,Consumer
MC-172751406,Consumer
MC-172751408,Consumer
MC-1727518,Consumer
MC-1727527,Consumer
MC-1727536,Consumer
MC-1727539,Consumer
MC-1727545,Consumer
MC-1727548,Consumer
MC-172755,Consumer
MC-1727558,Consumer
MC-1727559,Consumer
MC-1727566,Consumer
MC-172757,Consumer
MC-172758,Consumer
MC-1727582,Consumer
MC-1727588,Consumer
MC-1727592,Consumer
MC-1727593,Consumer
MC-1727597,Consumer
MC-17425101,Corporate
MC-17425120,Corporate
MC-17425130,Corporate
MC-174251402,Corporate
MC-174251404,Corporate
MC-174251406,Corporate
MC-174251408,Corporate
MC-1742518,Corporate
MC-1742526,Corporate
MC-1742527,Corporate
MC-1742536,Corporate
MC-1742537,Corporate
MC-1742539,Corporate
MC-1742548,Corporate
MC-1742558,Corporate
MC-1742559,Corporate
MC-174257,Corporate
MC-1742582,Corporate
MC-1742591,Corporate
MC-1742592,Corporate
MC-1742593,Corporate
MC-1742598,Corporate
MC-17575130,Consumer
MC-17575139,Consumer
MC-175751402,Consumer
MC-175751404,Consumer
MC-175751406,Consumer
MC-175751408,Consumer
MC-1757518,Consumer
MC-1757527,Consumer
MC-1757531,Consumer
MC-1757536,Consumer
MC-1757545,Consumer
MC-1757548,Consumer
MC-1757555,Consumer
MC-1757558,Consumer
MC-175757,Consumer
MC-1757582,Consumer
MC-1757598,Consumer
MC-17590120,Corporate
MC-17590124,Corporate
MC-17590139,Corporate
MC-1759014,Corporate
MC-175901402,Corporate
MC-175901404,Corporate
MC-175901406,Corporate
MC-1759027,Corporate
MC-1759031,Corporate
MC-1759039,Corporate
MC-1759045,Corporate
MC-175905,Corporate
MC-1759051,Corporate
MC-1759064,Corporate
MC-1759082,Corporate
MC-1759093,Corporate
MC-1759098,Corporate
MC-17605139,Corporate
MC-176051402,Corporate
MC-176051404,Corporate
MC-176051406,Corporate
MC-176051408,Corporate
MC-1760527,Corporate
MC-1760531,Corporate
MC-1760536,Corporate
MC-1760545,Corporate
MC-1760548,Corporate
MC-1760551,Corporate
MC-1760559,Corporate
MC-1760564,Corporate
MC-176057,Corporate
MC-1760582,Corporate
MC-1760593,Corporate
MC-17635120,Corporate
MC-17635139,Corporate
MC-176351402,Corporate
MC-176351404,Corporate
MC-1763518,Corporate
MC-1763527,Corporate
MC-1763531,Corporate
MC-1763536,Corporate
MC-1763539,Corporate
MC-1763544,Corporate
MC-1763545,Corporate
MC-1763558,Corporate
MC-1763559,Corporate
MC-1763564,Corporate
MC-1763566,Corporate
MC-176357,Corporate
MC-1763582,Corporate
MC-1763593,Corporate
MC-1763597,Corporate
MC-17845102,Consumer
MC-17845130,Consumer
MC-178451402,Consumer
MC-178451404,Consumer
MC-178451406,Consumer
MC-178451408,Consumer
MC-1784518,Consumer
MC-1784527,Consumer
MC-1784528,Consumer
MC-1784539,Consumer
MC-1784545,Consumer
MC-1784548,Consumer
MC-1784551,Consumer
MC-1784558,Consumer
MC-1784559,Consumer
MC-1784564,Consumer
MC-178457,Consumer
MC-1784582,Consumer
MC-1784588,Consumer
MC-1784592,Consumer
MC-18100101,Consumer
MC-18100102,Consumer
MC-18100120,Consumer
MC-181001402,Consumer
MC-181001404,Consumer
MC-181001406,Consumer
MC-18100143,Consumer
MC-1810018,Consumer
MC-1810027,Consumer
MC-1810045,Consumer
MC-1810048,Consumer
MC-1810058,Consumer
MC-1810059,Consumer
MC-1810064,Consumer
MC-181007,Consumer
MC-181008,Consumer
MC-1810082,Consumer
MC-1810093,Consumer
MC-18130100,Corporate
MC-18130139,Corporate
MC-181301404,Corporate
MC-181301406,Corporate
MC-181301408,Corporate
MC-18130144,Corporate
MC-1813026,Corporate
MC-1813027,Corporate
MC-1813031,Corporate
MC-1813045,Corporate
MC-1813048,Corporate
MC-181305,Corporate
MC-1813051,Corporate
MC-1813055,Corporate
MC-1813058,Corporate
MC-181307,Corporate
MC-1813082,Corporate
MC-1813098,Corporate
MC-7275108,Consumer
MC-7275137,Consumer
MC-727538,Consumer
MC-727577,Consumer
MC-727595,Consumer
MC-742538,Corporate
MC-742583,Corporate
MC-742595,Corporate
MC-7575108,Consumer
MC-7575110,Consumer
MC-7575117,Consumer
MC-7575134,Consumer
MC-7575137,Consumer
MC-757560,Consumer
MC-757586,Consumer
MC-757595,Consumer
MC-7590108,Corporate
MC-759022,Corporate
MC-759086,Corporate
MC-760542,Corporate
MC-760569,Corporate
MC-7635110,Corporate
MC-7635134,Corporate
MC-763533,Corporate
MC-763538,Corporate
MC-7845103,Consumer
MC-7845117,Consumer
MC-7845131,Consumer
MC-7845145,Consumer
MC-8100107,Consumer
MC-810060,Consumer
MC-810061,Consumer
MC-81302,Corporate
MC-813022,Corporate
MC-813060,Corporate
MC-813061,Corporate
MC-813095,Corporate
MD-17350139,Consumer
MD-173501402,Consumer
MD-173501404,Consumer
MD-173501406,Consumer
MD-173501408,Consumer
MD-17350144,Consumer
MD-1735016,Consumer
MD-1735018,Consumer
MD-1735027,Consumer
MD-1735028,Consumer
MD-1735039,Consumer
MD-1735045,Consumer
MD-1735055,Consumer
MD-1735056,Consumer
MD-1735059,Consumer
MD-173507,Consumer
MD-173508,Consumer
MD-1735082,Consumer
MD-1735092,Consumer
MD-17860120,Corporate
MD-17860132,Corporate
MD-17860139,Corporate
MD-1786014,Corporate
MD-178601402,Corporate
MD-178601406,Corporate
MD-178601408,Corporate
MD-1786018,Corporate
MD-1786027,Corporate
MD-1786045,Corporate
MD-1786048,Corporate
MD-1786058,Corporate
MD-1786059,Corporate
MD-1786064,Corporate
MD-178607,Corporate
MD-1786082,Corporate
MD-1786091,Corporate
MD-1786092,Corporate
MD-1786093,Corporate
MD-1786098,Corporate
MD-7350109,Consumer
MD-7350129,Consumer
MD-7350134,Consumer
MD-735023,Consumer
MD-735033,Consumer
MD-735060,Consumer
MD-7860110,Corporate
MD-7860134,Corporate
MD-7860137,Corporate
MD-78608,Corporate
ME-17320120,Self-Employed
ME-17320139,Self-Employed
ME-173201402,Self-Employed
ME-173201404,Self-Employed
ME-173201408,Self-Employed
ME-1732018,Self-Employed
ME-1732026,Self-Employed
ME-1732027,Self-Employed
ME-1732031,Self-Employed
ME-1732045,Self-Employed
ME-1732048,Self-Employed
ME-173205,Self-Employed
ME-1732064,Self-Employed
ME-173207,Self-Employed
ME-173208,Self-Employed
ME-1732092,Self-Employed
ME-17725113,Consumer
ME-17725125,Consumer
ME-177251402,Consumer
ME-177251404,Consumer
ME-177251406,Consumer
ME-177251408,Consumer
ME-1772518,Consumer
ME-1772527,Consumer
ME-1772531,Consumer
ME-1772536,Consumer
ME-1772539,Consumer
ME-1772545,Consumer
ME-1772548,Consumer
ME-1772555,Consumer
ME-1772558,Consumer
ME-1772559,Consumer
ME-177257,Consumer
ME-1772582,Consumer
ME-1772597,Consumer
ME-18010113,Corporate
ME-18010120,Corporate
ME-18010124,Corporate
ME-18010139,Corporate
ME-1801014,Corporate
ME-180101402,Corporate
ME-180101404,Corporate
ME-180101406,Corporate
ME-1801021,Corporate
ME-1801027,Corporate
ME-1801031,Corporate
ME-1801036,Corporate
ME-1801039,Corporate
ME-1801045,Corporate
ME-1801048,Corporate
ME-1801055,Corporate
ME-1801082,Corporate
ME-1801092,Corporate
ME-7320107,Self-Employed
ME-7320117,Self-Employed
ME-732013,Self-Employed
ME-7320137,Self-Employed
ME-732017,Self-Employed
ME-732032,Self-Employed
ME-732060,Self-Employed
ME-732086,Self-Employed
ME-732095,Self-Employed
ME-7725103,Consumer
ME-7725111,Consumer
ME-7725116,Consumer
ME-772519,Consumer
ME-772523,Consumer
ME-772530,Consumer
ME-772533,Consumer
ME-772560,Consumer
ME-772561,Consumer
ME-772570,Consumer
ME-772595,Consumer
ME-801033,Corporate
MF-17665139,Corporate
MF-176651404,Corporate
MF-176651406,Corporate
MF-176651408,Corporate
MF-1766527,Corporate
MF-1766536,Corporate
MF-1766539,Corporate
MF-1766545,Corporate
MF-1766548,Corporate
MF-176655,Corporate
MF-1766551,Corporate
MF-1766559,Corporate
MF-1766564,Corporate
MF-1766566,Corporate
MF-176657,Corporate
MF-1766582,Corporate
MF-1766593,Corporate
MF-18250102,Corporate
MF-18250120,Corporate
MF-18250125,Corporate
MF-18250139,Corporate
MF-182501402,Corporate
MF-182501404,Corporate
MF-182501406,Corporate
MF-182501408,Corporate
MF-1825018,Corporate
MF-1825027,Corporate
MF-1825031,Corporate
MF-1825045,Corporate
MF-1825048,Corporate
MF-1825058,Corporate
MF-1825059,Corporate
MF-182507,Corporate
MF-182508,Corporate
MF-1825082,Corporate
MF-1825088,Corporate
MF-1825091,Corporate
MF-1825098,Corporate
MF-7665109,Corporate
MF-7665117,Corporate
MF-766560,Corporate
MF-8250103,Corporate
MF-8250135,Corporate
MF-8250137,Corporate
MF-825061,Corporate
MF-825086,Corporate
MG-17650113,Self-Employed
MG-17650125,Self-Employed
MG-17650139,Self-Employed
MG-176501402,Self-Employed
MG-176501404,Self-Employed
MG-176501406,Self-Employed
MG-1765027,Self-Employed
MG-1765031,Self-Employed
MG-1765036,Self-Employed
MG-1765039,Self-Employed
MG-1765045,Self-Employed
MG-1765048,Self-Employed
MG-1765055,Self-Employed
MG-176507,Self-Employed
MG-17680102,Self-Employed
MG-1768011,Self-Employed
MG-17680120,Self-Employed
MG-176801404,Self-Employed
MG-176801406,Self-Employed
MG-17680144,Self-Employed
MG-1768027,Self-Employed
MG-1768031,Self-Employed
MG-1768036,Self-Employed
MG-1768045,Self-Employed
MG-1768048,Self-Employed
MG-176805,Self-Employed
MG-1768058,Self-Employed
MG-1768064,Self-Employed
MG-176807,Self-Employed
MG-176808,Self-Employed
MG-1768092,Self-Employed
MG-1768098,Self-Employed
MG-17695120,Consumer
MG-176951402,Consumer
MG-176951406,Consumer
MG-1769527,Consumer
MG-1769528,Consumer
MG-1769545,Consumer
MG-1769548,Consumer
MG-176955,Consumer
MG-1769558,Consumer
MG-1769559,Consumer
MG-1769564,Consumer
MG-176957,Consumer
MG-1769582,Consumer
MG-1769591,Consumer
MG-17875139,Self-Employed
MG-1787514,Self-Employed
MG-178751402,Self-Employed
MG-178751406,Self-Employed
MG-178751408,Self-Employed
MG-1787526,Self-Employed
MG-1787527,Self-Employed
MG-1787528,Self-Employed
MG-1787536,Self-Employed
MG-1787545,Self-Employed
MG-1787548,Self-Employed
MG-1787558,Self-Employed
MG-1787559,Self-Employed
MG-1787562,Self-Employed
MG-1787564,Self-Employed
MG-178757,Self-Employed
MG-1787582,Self-Employed
MG-1787592,Self-Employed
MG-1787598,Self-Employed
MG-1789011,Self-Employed
MG-17890124,Self-Employed
MG-17890130,Self-Employed
MG-17890139,Self-Employed
MG-178901402,Self-Employed
MG-178901404,Self-Employed
MG-178901406,Self-Employed
MG-1789018,Self-Employed
MG-1789027,Self-Employed
MG-1789045,Self-Employed
MG-1789048,Self-Employed
MG-1789055,Self-Employed
MG-1789056,Self-Employed
MG-1789058,Self-Employed
MG-1789082,Self-Employed
MG-1789091,Self-Employed
MG-1789092,Self-Employed
MG-1789097,Self-Employed
MG-1789099,Self-Employed
MG-18145139,Consumer
MG-181451402,Consumer
MG-181451404,Consumer
MG-181451406,Consumer
MG-181451408,Consumer
MG-1814518,Consumer
MG-1814526,Consumer
MG-1814527,Consumer
MG-1814531,Consumer
MG-1814539,Consumer
MG-1814545,Consumer
MG-1814548,Consumer
MG-1814555,Consumer
MG-1814558,Consumer
MG-1814559,Consumer
MG-1814562,Consumer
MG-1814578,Consumer
MG-1814582,Consumer
MG-1814592,Consumer
MG-1814593,Consumer
MG-18205120,Corporate
MG-18205124,Corporate
MG-18205139,Corporate
MG-1820514,Corporate
MG-182051408,Corporate
MG-1820518,Corporate
MG-1820527,Corporate
MG-1820528,Corporate
MG-1820536,Corporate
MG-1820545,Corporate
MG-1820548,Corporate
MG-1820554,Corporate
MG-1820558,Corporate
MG-182057,Corporate
MG-1820578,Corporate
MG-182058,Corporate
MG-1820582,Corporate
MG-1820592,Corporate
MG-1820593,Corporate
MG-7650117,Self-Employed
MG-7680134,Self-Employed
MG-768033,Self-Employed
MG-768038,Self-Employed
MG-768060,Self-Employed
MG-768061,Self-Employed
MG-768086,Self-Employed
MG-768087,Self-Employed
MG-768095,Self-Employed
MG-7695110,Consumer
MG-7695129,Consumer
MG-7695134,Consumer
MG-769538,Consumer
MG-76956,Consumer
MG-769586,Consumer
MG-7875129,Self-Employed
MG-7890134,Self-Employed
MG-8145108,Consumer
MG-814533,Consumer
MG-814595,Consumer
MG-8205107,Corporate
MG-8205117,Corporate
MG-8205134,Corporate
MG-8205146,Corporate
MG-820523,Corporate
MG-82054,Corporate
MG-820568,Corporate
MH-17290113,Self-Employed
MH-1729014,Self-Employed
MH-172901404,Self-Employed
MH-172901406,Self-Employed
MH-172901408,Self-Employed
MH-17290144,Self-Employed
MH-1729028,Self-Employed
MH-1729036,Self-Employed
MH-1729045,Self-Employed
MH-1729048,Self-Employed
MH-1729051,Self-Employed
MH-1729058,Self-Employed
MH-1729064,Self-Employed
MH-1729082,Self-Employed
MH-17440120,Corporate
MH-17440139,Corporate
MH-1744014,Corporate
MH-174401402,Corporate
MH-174401404,Corporate
MH-174401406,Corporate
MH-174401408,Corporate
MH-1744018,Corporate
MH-1744027,Corporate
MH-1744031,Corporate
MH-1744045,Corporate
MH-1744048,Corporate
MH-1744055,Corporate
MH-1744058,Corporate
MH-1744059,Corporate
MH-174407,Corporate
MH-1744082,Corporate
MH-1745511,Consumer
MH-17455130,Consumer
MH-17455139,Consumer
MH-174551402,Consumer
MH-174551404,Consumer
MH-174551406,Consumer
MH-174551408,Consumer
MH-17455143,Consumer
MH-1745518,Consumer
MH-1745527,Consumer
MH-1745539,Consumer
MH-1745545,Consumer
MH-1745548,Consumer
MH-1745558,Consumer
MH-1745559,Consumer
MH-1745564,Consumer
MH-1745582,Consumer
MH-1745591,Consumer
MH-17620102,Corporate
MH-17620120,Corporate
MH-176201402,Corporate
MH-176201404,Corporate
MH-176201406,Corporate
MH-1762018,Corporate
MH-1762031,Corporate
MH-1762045,Corporate
MH-1762048,Corporate
MH-1762059,Corporate
MH-1762062,Corporate
MH-176207,Corporate
MH-1762082,Corporate
MH-1762091,Corporate
MH-1762093,Corporate
MH-17785139,Corporate
MH-177851402,Corporate
MH-177851404,Corporate
MH-177851406,Corporate
MH-1778527,Corporate
MH-1778536,Corporate
MH-1778545,Corporate
MH-177855,Corporate
MH-1778551,Corporate
MH-1778558,Corporate
MH-1778559,Corporate
MH-177857,Corporate
MH-177858,Corporate
MH-1778582,Corporate
MH-1778591,Corporate
MH-18025101,Consumer
MH-18025104,Consumer
MH-180251402,Consumer
MH-180251404,Consumer
MH-180251406,Consumer
MH-180251408,Consumer
MH-1802518,Consumer
MH-1802539,Consumer
MH-1802545,Consumer
MH-1802548,Consumer
MH-1802564,Consumer
MH-180257,Consumer
MH-1802582,Consumer
MH-18115102,Self-Employed
MH-1811511,Self-Employed
MH-181151402,Self-Employed
MH-181151406,Self-Employed
MH-181151408,Self-Employed
MH-1811545,Self-Employed
MH-1811548,Self-Employed
MH-1811554,Self-Employed
MH-1811555,Self-Employed
MH-1811558,Self-Employed
MH-1811564,Self-Employed
MH-181157,Self-Employed
MH-1811592,Self-Employed
MH-1811593,Self-Employed
MH-1811598,Self-Employed
MH-729049,Self-Employed
MH-729077,Self-Employed
MH-729087,Self-Employed
MH-7440117,Corporate
MH-744023,Corporate
MH-744033,Corporate
MH-744049,Corporate
MH-744061,Corporate
MH-744063,Corporate
MH-744072,Corporate
MH-7455103,Consumer
MH-7455107,Consumer
MH-7455108,Consumer
MH-7455137,Consumer
MH-745519,Consumer
MH-745533,Consumer
MH-745538,Consumer
MH-745586,Consumer
MH-745595,Consumer
MH-7620103,Corporate
MH-7620107,Corporate
MH-762022,Corporate
MH-762023,Corporate
MH-762038,Corporate
MH-762060,Corporate
MH-762068,Corporate
MH-7785109,Corporate
MH-7785117,Corporate
MH-7785134,Corporate
MH-778533,Corporate
MH-778563,Corporate
MH-778569,Corporate
MH-778586,Corporate
MH-778595,Corporate
MH-8025134,Consumer
MH-8025137,Consumer
MH-802519,Consumer
MH-802523,Consumer
MH-802529,Consumer
MH-802560,Consumer
MH-802563,Consumer
MH-802586,Consumer
MH-802595,Consumer
MH-8115110,Self-Employed
MH-8115112,Self-Employed
MH-8115117,Self-Employed
MH-8115134,Self-Employed
MH-811533,Self-Employed
MH-811549,Self-Employed
MH-811577,Self-Employed
MJ-17740139,Consumer
MJ-177401402,Consumer
MJ-177401404,Consumer
MJ-177401406,Consumer
MJ-177401408,Consumer
MJ-1774018,Consumer
MJ-1774027,Consumer
MJ-1774045,Consumer
MJ-1774048,Consumer
MJ-1774054,Consumer
MJ-1774055,Consumer
MJ-1774058,Consumer
MJ-177407,Consumer
MJ-1774082,Consumer
MJ-7740122,Consumer
MJ-7740134,Consumer
MJ-774029,Consumer
MK-17905101,Corporate
MK-17905102,Corporate
MK-17905118,Corporate
MK-17905120,Corporate
MK-17905139,Corporate
MK-179051402,Corporate
MK-179051404,Corporate
MK-179051406,Corporate
MK-179051408,Corporate
MK-17905143,Corporate
MK-17905144,Corporate
MK-1790527,Corporate
MK-1790531,Corporate
MK-1790539,Corporate
MK-1790545,Corporate
MK-1790551,Corporate
MK-1790555,Corporate
MK-1790558,Corporate
MK-179057,Corporate
MK-179058,Corporate
MK-1790582,Corporate
MK-1790588,Corporate
MK-18160118,Consumer
MK-18160124,Consumer
MK-18160139,Consumer
MK-181601404,Consumer
MK-181601408,Consumer
MK-1816018,Consumer
MK-1816031,Consumer
MK-1816045,Consumer
MK-1816048,Consumer
MK-1816058,Consumer
MK-1816059,Consumer
MK-1816066,Consumer
MK-1816082,Consumer
MK-1816092,Consumer
MK-1816093,Consumer
MK-1816097,Consumer
MK-7905103,Corporate
MK-7905116,Corporate
MK-7905129,Corporate
MK-7905134,Corporate
MK-7905137,Corporate
MK-790523,Corporate
MK-79058,Corporate
MK-790595,Corporate
MK-8160103,Consumer
MK-8160114,Consumer
MK-8160134,Consumer
MK-8160135,Consumer
MK-816023,Consumer
MK-816038,Consumer
MK-816060,Consumer
MK-816061,Consumer
MK-816086,Consumer
ML-17395120,Corporate
ML-173951404,Corporate
ML-173951406,Corporate
ML-173951408,Corporate
ML-1739518,Corporate
ML-1739528,Corporate
ML-1739531,Corporate
ML-1739539,Corporate
ML-1739545,Corporate
ML-1739558,Corporate
ML-1739559,Corporate
ML-1739564,Corporate
ML-173957,Corporate
ML-1739582,Corporate
ML-1739592,Corporate
ML-1739598,Corporate
ML-17410113,Consumer
ML-174101402,Consumer
ML-174101404,Consumer
ML-174101406,Consumer
ML-1741027,Consumer
ML-1741031,Consumer
ML-1741036,Consumer
ML-1741039,Consumer
ML-1741045,Consumer
ML-1741048,Consumer
ML-1741058,Consumer
ML-1741059,Consumer
ML-174107,Consumer
ML-1741082,Consumer
ML-1775511,Self-Employed
ML-17755120,Self-Employed
ML-17755124,Self-Employed
ML-17755130,Self-Employed
ML-17755139,Self-Employed
ML-177551402,Self-Employed
ML-177551404,Self-Employed
ML-177551406,Self-Employed
ML-177551408,Self-Employed
ML-1775518,Self-Employed
ML-1775527,Self-Employed
ML-1775531,Self-Employed
ML-1775545,Self-Employed
ML-1775558,Self-Employed
ML-1775559,Self-Employed
ML-177557,Self-Employed
ML-1775582,Self-Employed
ML-1775592,Self-Employed
ML-1775593,Self-Employed
ML-18040120,Corporate
ML-18040124,Corporate
ML-18040139,Corporate
ML-180401402,Corporate
ML-180401404,Corporate
ML-1804018,Corporate
ML-1804027,Corporate
ML-1804045,Corporate
ML-1804048,Corporate
ML-1804059,Corporate
ML-180407,Corporate
ML-1804078,Corporate
ML-1804092,Corporate
ML-1804093,Corporate
ML-1804098,Corporate
ML-18265120,Consumer
ML-18265139,Consumer
ML-1826514,Consumer
ML-182651404,Consumer
ML-182651408,Consumer
ML-1826518,Consumer
ML-1826527,Consumer
ML-1826531,Consumer
ML-1826536,Consumer
ML-1826548,Consumer
ML-1826555,Consumer
ML-1826556,Consumer
ML-1826558,Consumer
ML-1826559,Consumer
ML-182657,Consumer
ML-1826578,Consumer
ML-182658,Consumer
ML-1826582,Consumer
ML-1826597,Consumer
ML-7395137,Corporate
ML-73952,Corporate
ML-73953,Corporate
ML-739538,Corporate
ML-739557,Corporate
ML-739586,Corporate
ML-739595,Corporate
ML-741013,Consumer
ML-7410134,Consumer
ML-7755107,Self-Employed
ML-7755116,Self-Employed
ML-7755117,Self-Employed
ML-775517,Self-Employed
ML-775523,Self-Employed
ML-775533,Self-Employed
ML-775586,Self-Employed
ML-8040122,Corporate
ML-8040134,Corporate
ML-804023,Corporate
ML-804029,Corporate
ML-804046,Corporate
ML-804075,Corporate
ML-8265103,Consumer
ML-8265110,Consumer
ML-8265117,Consumer
ML-826513,Consumer
ML-8265134,Consumer
ML-826533,Consumer
ML-826538,Consumer
ML-826546,Consumer
ML-826595,Consumer
MM-1726011,Consumer
MM-1726014,Consumer
MM-172601404,Consumer
MM-172601406,Consumer
MM-1726027,Consumer
MM-1726039,Consumer
MM-1726045,Consumer
MM-1726048,Consumer
MM-172605,Consumer
MM-1726051,Consumer
MM-1726058,Consumer
MM-172607,Consumer
MM-1726078,Consumer
MM-1726091,Consumer
MM-1726098,Consumer
MM-17920102,Consumer
MM-17920139,Consumer
MM-179201402,Consumer
MM-179201404,Consumer
MM-179201406,Consumer
MM-179201408,Consumer
MM-1792018,Consumer
MM-1792027,Consumer
MM-1792036,Consumer
MM-1792039,Consumer
MM-1792045,Consumer
MM-1792048,Consumer
MM-179205,Consumer
MM-1792055,Consumer
MM-1792058,Consumer
MM-179207,Consumer
MM-1792082,Consumer
MM-1792091,Consumer
MM-1792093,Consumer
MM-1792096,Consumer
MM-18055102,Consumer
MM-18055120,Consumer
MM-18055139,Consumer
MM-180551402,Consumer
MM-180551404,Consumer
MM-180551406,Consumer
MM-1805518,Consumer
MM-1805531,Consumer
MM-1805545,Consumer
MM-1805548,Consumer
MM-1805564,Consumer
MM-180557,Consumer
MM-180558,Consumer
MM-1805582,Consumer
MM-1805598,Consumer
MM-18280102,Corporate
MM-18280120,Corporate
MM-18280139,Corporate
MM-1828014,Corporate
MM-182801402,Corporate
MM-182801404,Corporate
MM-182801406,Corporate
MM-182801408,Corporate
MM-1828031,Corporate
MM-1828036,Corporate
MM-1828045,Corporate
MM-1828048,Corporate
MM-1828051,Corporate
MM-1828058,Corporate
MM-182807,Corporate
MM-1828082,Corporate
MM-1828098,Corporate
MM-7260108,Consumer
MM-7260110,Consumer
MM-7260117,Consumer
MM-7260134,Consumer
MM-726023,Consumer
MM-7920111,Consumer
MM-792038,Consumer
MM-79204,Consumer
MM-792049,Consumer
MM-792061,Consumer
MM-8055108,Consumer
MM-8055111,Consumer
MM-8055134,Consumer
MM-805560,Consumer
MM-805568,Consumer
MM-805595,Consumer
MM-8280108,Corporate
MM-8280117,Corporate
MM-828013,Corporate
MM-8280137,Corporate
MM-828033,Corporate
MM-828042,Corporate
MM-828061,Corporate
MM-828095,Corporate
MN-17935102,Consumer
MN-17935139,Consumer
MN-179351402,Consumer
MN-179351406,Consumer
MN-179351408,Consumer
MN-1793518,Consumer
MN-1793527,Consumer
MN-1793528,Consumer
MN-1793545,Consumer
MN-1793548,Consumer
MN-179355,Consumer
MN-1793551,Consumer
MN-1793555,Consumer
MN-1793558,Consumer
MN-1793559,Consumer
MN-1793593,Consumer
MN-7935108,Consumer
MN-7935117,Consumer
MN-7935134,Consumer
MN-7935147,Consumer
MN-793577,Consumer
MO-17500101,Consumer
MO-17500120,Consumer
MO-175001402,Consumer
MO-175001406,Consumer
MO-1750016,Consumer
MO-1750018,Consumer
MO-1750036,Consumer
MO-1750045,Consumer
MO-1750048,Consumer
MO-1750066,Consumer
MO-175007,Consumer
MO-1750082,Consumer
MO-1750091,Consumer
MO-1750092,Consumer
MO-17800102,Self-Employed
MO-17800113,Self-Employed
MO-17800130,Self-Employed
MO-17800132,Self-Employed
MO-178001402,Self-Employed
MO-178001404,Self-Employed
MO-178001406,Self-Employed
MO-178001408,Self-Employed
MO-1780027,Self-Employed
MO-1780036,Self-Employed
MO-1780045,Self-Employed
MO-1780048,Self-Employed
MO-1780051,Self-Employed
MO-1780066,Self-Employed
MO-178007,Self-Employed
MO-1780082,Self-Employed
MO-1780098,Self-Employed
MO-17950120,Consumer
MO-17950124,Consumer
MO-1795014,Consumer
MO-179501402,Consumer
MO-179501408,Consumer
MO-1795018,Consumer
MO-1795045,Consumer
MO-1795048,Consumer
MO-1795064,Consumer
MO-179507,Consumer
MO-1795082,Consumer
MO-1795093,Consumer
MO-7500117,Consumer
MO-7500134,Consumer
MO-7500136,Consumer
MO-75004,Consumer
MO-75008,Consumer
MO-7800108,Self-Employed
MO-7800117,Self-Employed
MO-7800129,Self-Employed
MO-7800134,Self-Employed
MO-78003,Self-Employed
MO-780033,Self-Employed
MO-780063,Self-Employed
MO-780086,Self-Employed
MO-780095,Self-Employed
MO-7950134,Consumer
MO-795061,Consumer
MO-795086,Consumer
MP-17470101,Self-Employed
MP-17470102,Self-Employed
MP-17470118,Self-Employed
MP-17470120,Self-Employed
MP-17470139,Self-Employed
MP-174701402,Self-Employed
MP-174701406,Self-Employed
MP-174701408,Self-Employed
MP-1747018,Self-Employed
MP-1747028,Self-Employed
MP-1747031,Self-Employed
MP-1747036,Self-Employed
MP-1747039,Self-Employed
MP-1747048,Self-Employed
MP-1747059,Self-Employed
MP-174707,Self-Employed
MP-1747082,Self-Employed
MP-1747093,Self-Employed
MP-17965102,Corporate
MP-17965120,Corporate
MP-179651402,Corporate
MP-179651406,Corporate
MP-179651408,Corporate
MP-17965144,Corporate
MP-1796518,Corporate
MP-1796528,Corporate
MP-1796531,Corporate
MP-1796536,Corporate
MP-1796545,Corporate
MP-1796548,Corporate
MP-179655,Corporate
MP-1796551,Corporate
MP-1796559,Corporate
MP-1796562,Corporate
MP-1796564,Corporate
MP-179657,Corporate
MP-1796582,Corporate
MP-1796591,Corporate
MP-18175102,Self-Employed
MP-1817511,Self-Employed
MP-18175118,Self-Employed
MP-18175120,Self-Employed
MP-181751402,Self-Employed
MP-181751404,Self-Employed
MP-181751406,Self-Employed
MP-18175144,Self-Employed
MP-1817518,Self-Employed
MP-1817527,Self-Employed
MP-1817528,Self-Employed
MP-1817536,Self-Employed
MP-1817545,Self-Employed
MP-1817548,Self-Employed
MP-1817559,Self-Employed
MP-1817564,Self-Employed
MP-181757,Self-Employed
MP-1817598,Self-Employed
MP-74703,Self-Employed
MP-747095,Self-Employed
MP-7965108,Corporate
MP-7965110,Corporate
MP-796529,Corporate
MP-796538,Corporate
MP-796584,Corporate
MP-796586,Corporate
MP-796595,Corporate
MP-8175110,Self-Employed
MP-8175117,Self-Employed
MP-8175134,Self-Employed
MP-817532,Self-Employed
MP-817574,Self-Employed
MP-817579,Self-Employed
MR-17545113,Self-Employed
MR-175451402,Self-Employed
MR-175451404,Self-Employed
MR-175451406,Self-Employed
MR-17545144,Self-Employed
MR-1754531,Self-Employed
MR-1754539,Self-Employed
MR-1754545,Self-Employed
MR-1754548,Self-Employed
MR-1754558,Self-Employed
MR-1754559,Self-Employed
MR-1754564,Self-Employed
MR-175457,Self-Employed
MR-1754582,Self-Employed
MR-7545103,Self-Employed
MR-7545117,Self-Employed
MR-7545137,Self-Employed
MR-754522,Self-Employed
MR-754533,Self-Employed
MR-754563,Self-Employed
MS-17365102,Consumer
MS-17365104,Consumer
MS-17365139,Consumer
MS-173651402,Consumer
MS-173651404,Consumer
MS-173651406,Consumer
MS-173651408,Consumer
MS-1736518,Consumer
MS-1736527,Consumer
MS-1736536,Consumer
MS-1736539,Consumer
MS-1736548,Consumer
MS-1736551,Consumer
MS-1736555,Consumer
MS-1736559,Consumer
MS-1736564,Consumer
MS-173657,Consumer
MS-1736578,Consumer
MS-1736582,Consumer
MS-1736592,Consumer
MS-1736593,Consumer
MS-17530101,Consumer
MS-17530139,Consumer
MS-175301404,Consumer
MS-175301406,Consumer
MS-175301408,Consumer
MS-17530143,Consumer
MS-1753036,Consumer
MS-1753039,Consumer
MS-1753048,Consumer
MS-1753051,Consumer
MS-1753055,Consumer
MS-1753058,Consumer
MS-1753059,Consumer
MS-1753066,Consumer
MS-175307,Consumer
MS-175308,Consumer
MS-1753082,Consumer
MS-17710102,Consumer
MS-17710113,Consumer
MS-17710139,Consumer
MS-177101402,Consumer
MS-177101404,Consumer
MS-177101406,Consumer
MS-177101408,Consumer
MS-1771018,Consumer
MS-1771027,Consumer
MS-1771028,Consumer
MS-1771039,Consumer
MS-1771045,Consumer
MS-177105,Consumer
MS-1771058,Consumer
MS-1771064,Consumer
MS-177107,Consumer
MS-1771082,Consumer
MS-1771098,Consumer
MS-17770104,Consumer
MS-17770113,Consumer
MS-17770118,Consumer
MS-17770120,Consumer
MS-17770139,Consumer
MS-177701402,Consumer
MS-177701404,Consumer
MS-177701406,Consumer
MS-177701408,Consumer
MS-17770143,Consumer
MS-1777018,Consumer
MS-1777031,Consumer
MS-1777036,Consumer
MS-1777045,Consumer
MS-1777048,Consumer
MS-177705,Consumer
MS-1777054,Consumer
MS-1777055,Consumer
MS-1777058,Consumer
MS-1777059,Consumer
MS-1777064,Consumer
MS-177707,Consumer
MS-1777082,Consumer
MS-1777092,Consumer
MS-1777093,Consumer
MS-1777096,Consumer
MS-17830120,Consumer
MS-17830139,Consumer
MS-178301402,Consumer
MS-178301404,Consumer
MS-178301406,Consumer
MS-1783027,Consumer
MS-1783036,Consumer
MS-1783039,Consumer
MS-1783045,Consumer
MS-1783048,Consumer
MS-178305,Consumer
MS-1783051,Consumer
MS-1783055,Consumer
MS-1783059,Consumer
MS-1783066,Consumer
MS-178307,Consumer
MS-1783082,Consumer
MS-1783093,Consumer
MS-17980139,Corporate
MS-179801402,Corporate
MS-179801406,Corporate
MS-17980143,Corporate
MS-1798018,Corporate
MS-1798021,Corporate
MS-1798028,Corporate
MS-1798036,Corporate
MS-1798039,Corporate
MS-1798045,Corporate
MS-1798048,Corporate
MS-179805,Corporate
MS-1798054,Corporate
MS-1798055,Corporate
MS-1798058,Corporate
MS-1798059,Corporate
MS-1798064,Corporate
MS-1798082,Corporate
MS-1798092,Corporate
MS-7365117,Consumer
MS-736522,Consumer
MS-736533,Consumer
MS-736574,Consumer
MS-73659,Consumer
MS-7530103,Consumer
MS-7530110,Consumer
MS-7530134,Consumer
MS-7530137,Consumer
MS-753060,Consumer
MS-753061,Consumer
MS-753068,Consumer
MS-753077,Consumer
MS-7710134,Consumer
MS-7710137,Consumer
MS-771033,Consumer
MS-771038,Consumer
MS-771061,Consumer
MS-7770108,Consumer
MS-7770117,Consumer
MS-7770133,Consumer
MS-7770142,Consumer
MS-777029,Consumer
MS-777086,Consumer
MS-7830110,Consumer
MS-7830117,Consumer
MS-7830134,Consumer
MS-783033,Consumer
MS-783049,Consumer
MS-783061,Consumer
MS-783068,Consumer
MS-7980108,Corporate
MS-798013,Corporate
MS-79803,Corporate
MS-798060,Corporate
MS-798095,Corporate
MT-17815100,Consumer
MT-1781511,Consumer
MT-17815139,Consumer
MT-178151402,Consumer
MT-178151404,Consumer
MT-178151406,Consumer
MT-178151408,Consumer
MT-17815144,Consumer
MT-1781518,Consumer
MT-1781527,Consumer
MT-1781536,Consumer
MT-1781539,Consumer
MT-1781545,Consumer
MT-1781548,Consumer
MT-1781559,Consumer
MT-1781562,Consumer
MT-178157,Consumer
MT-178158,Consumer
MT-1781582,Consumer
MT-1781592,Consumer
MT-18070102,Self-Employed
MT-18070139,Self-Employed
MT-180701402,Self-Employed
MT-180701404,Self-Employed
MT-18070144,Self-Employed
MT-1807027,Self-Employed
MT-1807045,Self-Employed
MT-1807048,Self-Employed
MT-1807055,Self-Employed
MT-1807058,Self-Employed
MT-1807059,Self-Employed
MT-1807064,Self-Employed
MT-180707,Self-Employed
MT-1807082,Self-Employed
MT-1807091,Self-Employed
MT-7815108,Consumer
MT-7815129,Consumer
MT-7815134,Consumer
MT-781560,Consumer
MT-781595,Consumer
MT-8070110,Self-Employed
MT-8070134,Self-Employed
MT-807019,Self-Employed
MT-807038,Self-Employed
MT-807086,Self-Employed
MT-807095,Self-Employed
MV-17485113,Consumer
MV-17485120,Consumer
MV-174851402,Consumer
MV-174851404,Consumer
MV-174851406,Consumer
MV-174851408,Consumer
MV-17485144,Consumer
MV-1748518,Consumer
MV-1748521,Consumer
MV-1748536,Consumer
MV-1748545,Consumer
MV-1748559,Consumer
MV-1748564,Consumer
MV-174858,Consumer
MV-1748582,Consumer
MV-1748591,Consumer
MV-1748597,Consumer
MV-1819011,Consumer
MV-18190118,Consumer
MV-18190120,Consumer
MV-18190124,Consumer
MV-18190139,Consumer
MV-181901402,Consumer
MV-181901404,Consumer
MV-181901406,Consumer
MV-181901408,Consumer
MV-1819018,Consumer
MV-1819027,Consumer
MV-1819036,Consumer
MV-1819045,Consumer
MV-1819048,Consumer
MV-1819051,Consumer
MV-1819058,Consumer
MV-181907,Consumer
MV-1819082,Consumer
MV-1819091,Consumer
MV-1819093,Consumer
MV-7485134,Consumer
MV-7485137,Consumer
MV-7485146,Consumer
MV-748520,Consumer
MV-748560,Consumer
MV-8190107,Consumer
MV-8190110,Consumer
MV-8190117,Consumer
MV-81903,Consumer
MV-819033,Consumer
MV-819060,Consumer
MV-819061,Consumer
MV-819095,Consumer
MW-18220102,Consumer
MW-1822012,Consumer
MW-18220120,Consumer
MW-18220139,Consumer
MW-182201402,Consumer
MW-182201404,Consumer
MW-182201406,Consumer
MW-1822018,Consumer
MW-1822027,Consumer
MW-1822036,Consumer
MW-1822039,Consumer
MW-1822048,Consumer
MW-182205,Consumer
MW-1822051,Consumer
MW-1822059,Consumer
MW-1822064,Consumer
MW-182207,Consumer
MW-1822082,Consumer
MW-1822098,Consumer
MW-18235102,Corporate
MW-18235104,Corporate
MW-18235120,Corporate
MW-18235124,Corporate
MW-18235139,Corporate
MW-182351404,Corporate
MW-182351408,Corporate
MW-18235144,Corporate
MW-1823518,Corporate
MW-1823526,Corporate
MW-1823536,Corporate
MW-1823539,Corporate
MW-1823545,Corporate
MW-1823548,Corporate
MW-1823558,Corporate
MW-1823565,Corporate
MW-1823566,Corporate
MW-182357,Corporate
MW-1823582,Corporate
MW-1823597,Corporate
MW-8220108,Consumer
MW-8220110,Consumer
MW-8220122,Consumer
MW-8220134,Consumer
MW-82203,Consumer
MW-822095,Consumer
MW-8235117,Corporate
MW-8235119,Corporate
MW-8235137,Corporate
MW-823529,Corporate
MW-823538,Corporate
MW-823595,Corporate
MY-17380104,Corporate
MY-17380120,Corporate
MY-173801402,Corporate
MY-173801404,Corporate
MY-173801406,Corporate
MY-173801408,Corporate
MY-1738027,Corporate
MY-1738031,Corporate
MY-1738045,Corporate
MY-1738051,Corporate
MY-1738058,Corporate
MY-1738059,Corporate
MY-1738064,Corporate
MY-173807,Corporate
MY-1738082,Corporate
MY-1738092,Corporate
MY-1738093,Corporate
MY-1738096,Corporate
MY-1738097,Corporate
MY-18295102,Corporate
MY-18295124,Corporate
MY-182951402,Corporate
MY-182951404,Corporate
MY-182951406,Corporate
MY-182951408,Corporate
MY-1829527,Corporate
MY-1829531,Corporate
MY-1829536,Corporate
MY-1829545,Corporate
MY-1829548,Corporate
MY-182957,Corporate
MY-182958,Corporate
MY-1829582,Corporate
MY-1829591,Corporate
MY-1829593,Corporate
MY-7380110,Corporate
MY-7380117,Corporate
MY-7380136,Corporate
MY-7380138,Corporate
MY-8295108,Corporate
MY-8295117,Corporate
MY-8295122,Corporate
MY-8295129,Corporate
MY-8295134,Corporate
MY-829538,Corporate
MY-829549,Corporate
MY-829563,Corporate
MY-829595,Corporate
MZ-17335120,Self-Employed
MZ-17335139,Self-Employed
MZ-173351404,Self-Employed
MZ-1733527,Self-Employed
MZ-1733528,Self-Employed
MZ-1733537,Self-Employed
MZ-1733545,Self-Employed
MZ-1733548,Self-Employed
MZ-1733551,Self-Employed
MZ-1733555,Self-Employed
MZ-1733559,Self-Employed
MZ-1733564,Self-Employed
MZ-173357,Self-Employed
MZ-1733582,Self-Employed
MZ-1733588,Self-Employed
MZ-1733593,Self-Employed
MZ-17515120,Corporate
MZ-17515124,Corporate
MZ-175151402,Corporate
MZ-175151404,Corporate
MZ-175151406,Corporate
MZ-1751528,Corporate
MZ-1751539,Corporate
MZ-1751545,Corporate
MZ-1751548,Corporate
MZ-1751558,Corporate
MZ-1751559,Corporate
MZ-1751566,Corporate
MZ-175157,Corporate
MZ-1751578,Corporate
MZ-1751582,Corporate
MZ-1751588,Corporate
MZ-1751591,Corporate
MZ-7335110,Self-Employed
MZ-733513,Self-Employed
MZ-7335134,Self-Employed
MZ-733586,Self-Employed
MZ-7515103,Corporate
MZ-7515112,Corporate
MZ-7515117,Corporate
MZ-751522,Corporate
MZ-751523,Corporate
MZ-751560,Corporate
MZ-751579,Corporate
MZ-751595,Corporate
NB-18580102,Corporate
NB-18580139,Corporate
NB-185801406,Corporate
NB-185801408,Corporate
NB-1858021,Corporate
NB-1858045,Corporate
NB-185805,Corporate
NB-1858082,Corporate
NB-1858092,Corporate
NB-1858098,Corporate
NB-18655120,Corporate
NB-186551402,Corporate
NB-186551404,Corporate
NB-186551406,Corporate
NB-186551408,Corporate
NB-1865527,Corporate
NB-1865536,Corporate
NB-1865539,Corporate
NB-1865548,Corporate
NB-1865559,Corporate
NB-1865564,Corporate
NB-186557,Corporate
NB-1865598,Corporate
NB-8580117,Corporate
NB-8580134,Corporate
NB-8580137,Corporate
NB-858023,Corporate
NB-858069,Corporate
NB-858094,Corporate
NB-858095,Corporate
NB-8655134,Corporate
NB-865515,Corporate
NB-865533,Corporate
NB-865560,Corporate
NC-183401402,Consumer
NC-183401406,Consumer
NC-1834027,Consumer
NC-1834031,Consumer
NC-1834039,Consumer
NC-1834045,Consumer
NC-1834048,Consumer
NC-1834058,Consumer
NC-1834059,Consumer
NC-1834066,Consumer
NC-183407,Consumer
NC-1834082,Consumer
NC-1834097,Consumer
NC-18415130,Consumer
NC-1841514,Consumer
NC-184151402,Consumer
NC-184151404,Consumer
NC-184151406,Consumer
NC-184151408,Consumer
NC-1841518,Consumer
NC-1841527,Consumer
NC-1841528,Consumer
NC-1841531,Consumer
NC-1841536,Consumer
NC-1841548,Consumer
NC-184157,Consumer
NC-1841593,Consumer
NC-18535120,Corporate
NC-18535139,Corporate
NC-185351402,Corporate
NC-185351404,Corporate
NC-185351406,Corporate
NC-185351408,Corporate
NC-18535143,Corporate
NC-1853545,Corporate
NC-1853555,Corporate
NC-1853564,Corporate
NC-1853566,Corporate
NC-185357,Corporate
NC-1853582,Corporate
NC-1853592,Corporate
NC-1862511,Corporate
NC-18625118,Corporate
NC-18625139,Corporate
NC-186251402,Corporate
NC-186251404,Corporate
NC-186251406,Corporate
NC-1862527,Corporate
NC-1862531,Corporate
NC-1862545,Corporate
NC-1862548,Corporate
NC-1862558,Corporate
NC-1862564,Corporate
NC-186257,Corporate
NC-1862578,Corporate
NC-1862582,Corporate
NC-1862591,Corporate
NC-1862592,Corporate
NC-1862593,Corporate
NC-8340111,Consumer
NC-8340134,Consumer
NC-834023,Consumer
NC-834033,Consumer
NC-834073,Consumer
NC-834086,Consumer
NC-83409,Consumer
NC-8415134,Consumer
NC-8415137,Consumer
NC-841560,Consumer
NC-841595,Consumer
NC-8535108,Corporate
NC-8535117,Corporate
NC-8535134,Corporate
NC-8535136,Corporate
NC-85352,Corporate
NC-853533,Corporate
NC-862523,Corporate
NC-862552,Corporate
ND-18370104,Consumer
ND-18370139,Consumer
ND-183701402,Consumer
ND-183701404,Consumer
ND-183701406,Consumer
ND-183701408,Consumer
ND-1837018,Consumer
ND-1837027,Consumer
ND-1837028,Consumer
ND-1837039,Consumer
ND-1837045,Consumer
ND-1837051,Consumer
ND-1837058,Consumer
ND-183707,Consumer
ND-1837082,Consumer
ND-18460102,Corporate
ND-18460120,Corporate
ND-18460139,Corporate
ND-184601404,Corporate
ND-184601406,Corporate
ND-184601408,Corporate
ND-18460143,Corporate
ND-1846048,Corporate
ND-1846058,Corporate
ND-184607,Corporate
ND-184608,Corporate
ND-1846082,Corporate
ND-1846091,Corporate
ND-1846093,Corporate
ND-1846096,Corporate
ND-1846098,Corporate
ND-8370107,Consumer
ND-8370134,Consumer
ND-8370137,Consumer
ND-837069,Consumer
ND-837095,Consumer
ND-8460103,Corporate
ND-8460108,Corporate
ND-8460147,Corporate
ND-846023,Corporate
ND-846038,Corporate
ND-846060,Corporate
ND-846063,Corporate
ND-846069,Corporate
ND-846079,Corporate
ND-846095,Corporate
NF-18385102,Consumer
NF-1838511,Consumer
NF-18385124,Consumer
NF-18385139,Consumer
NF-183851402,Consumer
NF-183851406,Consumer
NF-183851408,Consumer
NF-1838527,Consumer
NF-1838545,Consumer
NF-1838548,Consumer
NF-1838551,Consumer
NF-1838564,Consumer
NF-183857,Consumer
NF-183858,Consumer
NF-1838582,Consumer
NF-18475102,Self-Employed
NF-18475139,Self-Employed
NF-184751402,Self-Employed
NF-184751404,Self-Employed
NF-184751408,Self-Employed
NF-1847527,Self-Employed
NF-1847548,Self-Employed
NF-1847555,Self-Employed
NF-1847558,Self-Employed
NF-1847582,Self-Employed
NF-1847591,Self-Employed
NF-1847593,Self-Employed
NF-18595113,Self-Employed
NF-18595139,Self-Employed
NF-185951402,Self-Employed
NF-185951404,Self-Employed
NF-185951406,Self-Employed
NF-1859518,Self-Employed
NF-1859527,Self-Employed
NF-1859536,Self-Employed
NF-1859539,Self-Employed
NF-1859545,Self-Employed
NF-1859548,Self-Employed
NF-1859564,Self-Employed
NF-185957,Self-Employed
NF-1859582,Self-Employed
NF-8385110,Consumer
NF-8385137,Consumer
NF-8385146,Consumer
NF-838523,Consumer
NF-838533,Consumer
NF-838538,Consumer
NF-838549,Consumer
NF-838557,Consumer
NF-838569,Consumer
NF-838595,Consumer
NF-8475117,Self-Employed
NF-8475126,Self-Employed
NF-8475134,Self-Employed
NF-8475142,Self-Employed
NF-847523,Self-Employed
NF-847553,Self-Employed
NF-847576,Self-Employed
NF-8595108,Self-Employed
NF-8595134,Self-Employed
NF-85953,Self-Employed
NF-859583,Self-Employed
NF-859595,Self-Employed
NG-18355102,Corporate
NG-18355120,Corporate
NG-183551402,Corporate
NG-183551406,Corporate
NG-183551408,Corporate
NG-1835527,Corporate
NG-1835531,Corporate
NG-1835545,Corporate
NG-1835548,Corporate
NG-1835582,Corporate
NG-1835591,Corporate
NG-18430102,Consumer
NG-18430139,Consumer
NG-184301402,Consumer
NG-184301404,Consumer
NG-184301406,Consumer
NG-1843018,Consumer
NG-1843027,Consumer
NG-1843028,Consumer
NG-1843045,Consumer
NG-1843048,Consumer
NG-1843058,Consumer
NG-1843059,Consumer
NG-1843064,Consumer
NG-184307,Consumer
NG-184308,Consumer
NG-1843082,Consumer
NG-8355107,Corporate
NG-835523,Corporate
NG-835560,Corporate
NG-835573,Corporate
NG-835595,Corporate
NG-8430108,Consumer
NG-8430126,Consumer
NG-8430137,Consumer
NG-8430147,Consumer
NG-843023,Consumer
NG-843074,Consumer
NG-843077,Consumer
NH-18610102,Corporate
NH-186101402,Corporate
NH-186101404,Corporate
NH-186101406,Corporate
NH-186101408,Corporate
NH-1861018,Corporate
NH-1861045,Corporate
NH-1861048,Corporate
NH-1861058,Corporate
NH-1861059,Corporate
NH-186107,Corporate
NH-1861088,Corporate
NH-1861092,Corporate
NH-8610107,Corporate
NH-8610108,Corporate
NH-8610129,Corporate
NH-8610134,Corporate
NH-861023,Corporate
NH-861086,Corporate
NK-18490120,Self-Employed
NK-18490130,Self-Employed
NK-18490139,Self-Employed
NK-1849014,Self-Employed
NK-184901402,Self-Employed
NK-184901404,Self-Employed
NK-184901406,Self-Employed
NK-184901408,Self-Employed
NK-1849018,Self-Employed
NK-1849039,Self-Employed
NK-1849045,Self-Employed
NK-1849048,Self-Employed
NK-1849051,Self-Employed
NK-1849058,Self-Employed
NK-184907,Self-Employed
NK-1849088,Self-Employed
NK-1849098,Self-Employed
NK-8490129,Self-Employed
NK-849053,Self-Employed
NK-849086,Self-Employed
NL-18310124,Self-Employed
NL-18310130,Self-Employed
NL-18310139,Self-Employed
NL-183101404,Self-Employed
NL-1831027,Self-Employed
NL-1831031,Self-Employed
NL-1831036,Self-Employed
NL-1831039,Self-Employed
NL-1831045,Self-Employed
NL-1831051,Self-Employed
NL-1831058,Self-Employed
NL-1831059,Self-Employed
NL-1831062,Self-Employed
NL-1831078,Self-Employed
NL-1831091,Self-Employed
NL-1831092,Self-Employed
NL-8310134,Self-Employed
NL-831038,Self-Employed
NM-18445118,Self-Employed
NM-18445130,Self-Employed
NM-18445132,Self-Employed
NM-18445139,Self-Employed
NM-184451402,Self-Employed
NM-184451404,Self-Employed
NM-184451406,Self-Employed
NM-1844518,Self-Employed
NM-1844527,Self-Employed
NM-1844539,Self-Employed
NM-1844545,Self-Employed
NM-1844558,Self-Employed
NM-1844564,Self-Employed
NM-1844566,Self-Employed
NM-184457,Self-Employed
NM-1844582,Self-Employed
NM-1844593,Self-Employed
NM-1844597,Self-Employed
NM-18520102,Consumer
NM-18520120,Consumer
NM-185201402,Consumer
NM-185201404,Consumer
NM-185201406,Consumer
NM-18520144,Consumer
NM-1852028,Consumer
NM-1852045,Consumer
NM-1852056,Consumer
NM-1852058,Consumer
NM-1852064,Consumer
NM-185207,Consumer
NM-1852082,Consumer
NM-1852097,Consumer
NM-8445103,Self-Employed
NM-8445107,Self-Employed
NM-8445110,Self-Employed
NM-8445137,Self-Employed
NM-844523,Self-Employed
NM-844538,Self-Employed
NM-844561,Self-Employed
NM-844587,Self-Employed
NM-8520142,Consumer
NP-1832511,Consumer
NP-18325120,Consumer
NP-183251404,Consumer
NP-183251406,Consumer
NP-183251408,Consumer
NP-1832527,Consumer
NP-1832531,Consumer
NP-1832545,Consumer
NP-1832548,Consumer
NP-183255,Consumer
NP-1832558,Consumer
NP-1832564,Consumer
NP-183257,Consumer
NP-1832582,Consumer
NP-1832591,Consumer
NP-1832592,Consumer
NP-1832593,Consumer
NP-18670120,Consumer
NP-18670139,Consumer
NP-186701402,Consumer
NP-186701404,Consumer
NP-186701406,Consumer
NP-1867045,Consumer
NP-1867048,Consumer
NP-1867059,Consumer
NP-186707,Consumer
NP-1867082,Consumer
NP-18685101,Self-Employed
NP-18685102,Self-Employed
NP-18685120,Self-Employed
NP-18685139,Self-Employed
NP-1868514,Self-Employed
NP-186851402,Self-Employed
NP-186851404,Self-Employed
NP-186851406,Self-Employed
NP-186851408,Self-Employed
NP-18685144,Self-Employed
NP-1868518,Self-Employed
NP-1868534,Self-Employed
NP-1868545,Self-Employed
NP-1868555,Self-Employed
NP-1868558,Self-Employed
NP-1868565,Self-Employed
NP-1868582,Self-Employed
NP-1868588,Self-Employed
NP-1868593,Self-Employed
NP-18700120,Consumer
NP-187001402,Consumer
NP-187001404,Consumer
NP-187001406,Consumer
NP-1870018,Consumer
NP-1870026,Consumer
NP-1870028,Consumer
NP-1870034,Consumer
NP-1870036,Consumer
NP-1870045,Consumer
NP-1870048,Consumer
NP-1870058,Consumer
NP-1870059,Consumer
NP-187007,Consumer
NP-1870082,Consumer
NP-1870091,Consumer
NP-8325122,Consumer
NP-8325134,Consumer
NP-8325137,Consumer
NP-832523,Consumer
NP-832533,Consumer
NP-832560,Consumer
NP-832568,Consumer
NP-832595,Consumer
NP-8670107,Consumer
NP-8670117,Consumer
NP-8670137,Consumer
NP-867038,Consumer
NP-867047,Consumer
NP-867061,Consumer
NP-8685117,Self-Employed
NP-8685137,Self-Employed
NP-868579,Self-Employed
NP-8700117,Consumer
NP-8700134,Consumer
NP-870038,Consumer
NP-870060,Consumer
NP-870077,Consumer
NP-870095,Consumer
NR-18550102,Consumer
NR-18550139,Consumer
NR-185501402,Consumer
NR-185501404,Consumer
NR-185501406,Consumer
NR-185501408,Consumer
NR-18550143,Consumer
NR-18550144,Consumer
NR-1855027,Consumer
NR-1855031,Consumer
NR-1855036,Consumer
NR-1855039,Consumer
NR-1855045,Consumer
NR-1855051,Consumer
NR-1855055,Consumer
NR-1855064,Consumer
NR-185507,Consumer
NR-1855082,Consumer
NR-1855092,Consumer
NR-8550103,Consumer
NR-8550110,Consumer
NR-855013,Consumer
NR-8550134,Consumer
NR-8550142,Consumer
NR-855079,Consumer
NR-855086,Consumer
NR-855095,Consumer
NS-18505101,Consumer
NS-18505102,Consumer
NS-18505139,Consumer
NS-185051402,Consumer
NS-185051404,Consumer
NS-185051406,Consumer
NS-18505144,Consumer
NS-1850528,Consumer
NS-1850531,Consumer
NS-1850536,Consumer
NS-1850545,Consumer
NS-1850562,Consumer
NS-1850564,Consumer
NS-185057,Consumer
NS-1850582,Consumer
NS-18640102,Corporate
NS-18640104,Corporate
NS-18640120,Corporate
NS-18640124,Corporate
NS-18640139,Corporate
NS-186401402,Corporate
NS-186401404,Corporate
NS-186401406,Corporate
NS-186401408,Corporate
NS-1864027,Corporate
NS-1864045,Corporate
NS-1864048,Corporate
NS-186405,Corporate
NS-1864051,Corporate
NS-1864055,Corporate
NS-1864064,Corporate
NS-186407,Corporate
NS-1864082,Corporate
NS-1864092,Corporate
NS-1864093,Corporate
NS-8505103,Consumer
NS-8505117,Consumer
NS-8505131,Consumer
NS-850575,Consumer
NS-850595,Consumer
NS-8640131,Corporate
NS-8640134,Corporate
NS-8640136,Corporate
NS-864060,Corporate
NS-864075,Corporate
NS-864086,Corporate
NW-18400139,Consumer
NW-184001402,Consumer
NW-184001404,Consumer
NW-184001406,Consumer
NW-184001408,Consumer
NW-1840018,Consumer
NW-1840027,Consumer
NW-1840036,Consumer
NW-1840039,Consumer
NW-1840045,Consumer
NW-1840048,Consumer
NW-1840058,Consumer
NW-1840059,Consumer
NW-184007,Consumer
NW-1840078,Consumer
NW-1840082,Consumer
NW-1840088,Consumer
NW-1840098,Consumer
NW-8400134,Consumer
NW-840017,Consumer
NW-840023,Consumer
NW-840029,Consumer
NW-840061,Consumer
NZ-1856511,Self-Employed
NZ-18565139,Self-Employed
NZ-185651402,Self-Employed
NZ-185651404,Self-Employed
NZ-185651406,Self-Employed
NZ-1856518,Self-Employed
NZ-1856527,Self-Employed
NZ-1856528,Self-Employed
NZ-1856531,Self-Employed
NZ-1856545,Self-Employed
NZ-1856558,Self-Employed
NZ-1856564,Self-Employed
NZ-185657,Self-Employed
NZ-1856582,Self-Employed
NZ-8565110,Self-Employed
NZ-8565134,Self-Employed
NZ-856561,Self-Employed
ON-18715120,Corporate
ON-18715139,Corporate
ON-187151402,Corporate
ON-187151404,Corporate
ON-187151406,Corporate
ON-187151408,Corporate
ON-1871527,Corporate
ON-1871528,Corporate
ON-1871539,Corporate
ON-1871545,Corporate
ON-1871548,Corporate
ON-1871558,Corporate
ON-1871559,Corporate
ON-1871564,Corporate
ON-187157,Corporate
ON-1871582,Corporate
ON-1871593,Corporate
ON-8715110,Corporate
ON-8715134,Corporate
ON-8715137,Corporate
ON-8715147,Corporate
ON-871533,Corporate
OT-18730120,Consumer
OT-18730139,Consumer
OT-187301402,Consumer
OT-187301404,Consumer
OT-187301406,Consumer
OT-187301408,Consumer
OT-18730144,Consumer
OT-1873026,Consumer
OT-1873027,Consumer
OT-1873031,Consumer
OT-1873036,Consumer
OT-1873045,Consumer
OT-1873048,Consumer
OT-1873058,Consumer
OT-1873059,Consumer
OT-187307,Consumer
OT-1873082,Consumer
OT-1873088,Consumer
OT-1873090,Consumer
OT-1873091,Consumer
OT-1873092,Consumer
OT-1873093,Consumer
OT-8730107,Consumer
OT-87303,Consumer
OT-873033,Consumer
OT-873068,Consumer
PA-19060102,Self-Employed
PA-19060139,Self-Employed
PA-190601402,Self-Employed
PA-190601404,Self-Employed
PA-190601408,Self-Employed
PA-1906028,Self-Employed
PA-1906036,Self-Employed
PA-1906048,Self-Employed
PA-190605,Self-Employed
PA-1906055,Self-Employed
PA-1906059,Self-Employed
PA-190607,Self-Employed
PA-1906078,Self-Employed
PA-1906082,Self-Employed
PA-9060103,Self-Employed
PA-9060117,Self-Employed
PA-9060134,Self-Employed
PA-906061,Self-Employed
PA-906086,Self-Employed
PA-906095,Self-Employed
PB-18805120,Self-Employed
PB-18805130,Self-Employed
PB-188051404,Self-Employed
PB-18805144,Self-Employed
PB-1880539,Self-Employed
PB-1880545,Self-Employed
PB-1880548,Self-Employed
PB-188055,Self-Employed
PB-1880555,Self-Employed
PB-1880558,Self-Employed
PB-1880559,Self-Employed
PB-1880562,Self-Employed
PB-1880582,Self-Employed
PB-1880593,Self-Employed
PB-19105139,Consumer
PB-191051402,Consumer
PB-191051406,Consumer
PB-191051408,Consumer
PB-1910518,Consumer
PB-1910527,Consumer
PB-1910528,Consumer
PB-1910564,Consumer
PB-191057,Consumer
PB-1910582,Consumer
PB-1910591,Consumer
PB-19150120,Consumer
PB-19150130,Consumer
PB-19150139,Consumer
PB-191501404,Consumer
PB-191501406,Consumer
PB-191501408,Consumer
PB-1915018,Consumer
PB-1915027,Consumer
PB-1915028,Consumer
PB-1915034,Consumer
PB-1915045,Consumer
PB-1915048,Consumer
PB-191505,Consumer
PB-1915051,Consumer
PB-1915054,Consumer
PB-1915055,Consumer
PB-1915078,Consumer
PB-1915082,Consumer
PB-1915098,Consumer
PB-19210124,Corporate
PB-19210127,Corporate
PB-19210130,Corporate
PB-19210139,Corporate
PB-192101402,Corporate
PB-192101406,Corporate
PB-1921018,Corporate
PB-1921027,Corporate
PB-1921031,Corporate
PB-1921045,Corporate
PB-1921048,Corporate
PB-1921055,Corporate
PB-1921059,Corporate
PB-1921064,Corporate
PB-192107,Corporate
PB-1921082,Corporate
PB-1921091,Corporate
PB-1921098,Corporate
PB-8805103,Self-Employed
PB-8805108,Self-Employed
PB-8805110,Self-Employed
PB-8805134,Self-Employed
PB-880523,Self-Employed
PB-880532,Self-Employed
PB-880595,Self-Employed
PB-9105108,Consumer
PB-910513,Consumer
PB-9105134,Consumer
PB-910530,Consumer
PB-9150103,Consumer
PB-9150108,Consumer
PB-915013,Consumer
PB-9150134,Consumer
PB-915049,Consumer
PB-915061,Consumer
PB-915084,Consumer
PB-915095,Consumer
PB-9210107,Corporate
PB-9210108,Corporate
PB-9210129,Corporate
PB-9210145,Corporate
PB-921019,Corporate
PB-921063,Corporate
PB-921095,Corporate
PC-18745102,Corporate
PC-18745120,Corporate
PC-187451404,Corporate
PC-187451406,Corporate
PC-18745144,Corporate
PC-1874527,Corporate
PC-1874531,Corporate
PC-1874536,Corporate
PC-1874548,Corporate
PC-1874555,Corporate
PC-1874558,Corporate
PC-1874564,Corporate
PC-187457,Corporate
PC-1874582,Corporate
PC-1874588,Corporate
PC-1874597,Corporate
PC-19000102,Self-Employed
PC-19000120,Self-Employed
PC-19000139,Self-Employed
PC-190001404,Self-Employed
PC-1900027,Self-Employed
PC-1900045,Self-Employed
PC-1900048,Self-Employed
PC-1900058,Self-Employed
PC-1900059,Self-Employed
PC-1900064,Self-Employed
PC-190007,Self-Employed
PC-1900078,Self-Employed
PC-1900082,Self-Employed
PC-1900092,Self-Employed
PC-8745131,Corporate
PC-8745137,Corporate
PC-874519,Corporate
PC-874538,Corporate
PC-900023,Self-Employed
PC-900038,Self-Employed
PC-900069,Self-Employed
PC-900095,Self-Employed
PF-19120102,Consumer
PF-19120120,Consumer
PF-19120124,Consumer
PF-19120132,Consumer
PF-191201402,Consumer
PF-191201404,Consumer
PF-191201406,Consumer
PF-191201408,Consumer
PF-19120143,Consumer
PF-1912027,Consumer
PF-1912028,Consumer
PF-1912031,Consumer
PF-1912039,Consumer
PF-1912045,Consumer
PF-1912048,Consumer
PF-1912064,Consumer
PF-191207,Consumer
PF-1912082,Consumer
PF-1912092,Consumer
PF-19165139,Consumer
PF-191651402,Consumer
PF-191651404,Consumer
PF-191651406,Consumer
PF-191651408,Consumer
PF-19165143,Consumer
PF-1916518,Consumer
PF-1916536,Consumer
PF-1916545,Consumer
PF-1916548,Consumer
PF-191655,Consumer
PF-1916558,Consumer
PF-1916559,Consumer
PF-1916566,Consumer
PF-191657,Consumer
PF-1916582,Consumer
PF-1916597,Consumer
PF-19225102,Consumer
PF-1922511,Consumer
PF-19225120,Consumer
PF-19225125,Consumer
PF-19225139,Consumer
PF-192251404,Consumer
PF-192251408,Consumer
PF-1922518,Consumer
PF-1922521,Consumer
PF-1922527,Consumer
PF-1922536,Consumer
PF-1922539,Consumer
PF-1922545,Consumer
PF-1922548,Consumer
PF-1922559,Consumer
PF-1922564,Consumer
PF-192257,Consumer
PF-1922582,Consumer
PF-1922592,Consumer
PF-1922596,Consumer
PF-9120108,Consumer
PF-9120117,Consumer
PF-9120134,Consumer
PF-912019,Consumer
PF-912023,Consumer
PF-912033,Consumer
PF-912060,Consumer
PF-912061,Consumer
PF-91208,Consumer
PF-912086,Consumer
PF-9165117,Consumer
PF-9165134,Consumer
PF-916515,Consumer
PF-91653,Consumer
PF-916560,Consumer
PF-916561,Consumer
PF-9225103,Consumer
PF-9225134,Consumer
PF-922522,Consumer
PF-922560,Consumer
PF-922595,Consumer
PG-18820130,Consumer
PG-188201402,Consumer
PG-188201404,Consumer
PG-188201406,Consumer
PG-188201408,Consumer
PG-18820143,Consumer
PG-1882018,Consumer
PG-1882021,Consumer
PG-1882027,Consumer
PG-1882036,Consumer
PG-1882039,Consumer
PG-1882045,Consumer
PG-1882048,Consumer
PG-1882059,Consumer
PG-188207,Consumer
PG-1882082,Consumer
PG-1882092,Consumer
PG-1882093,Consumer
PG-1882097,Consumer
PG-18895130,Consumer
PG-18895139,Consumer
PG-188951402,Consumer
PG-188951404,Consumer
PG-188951406,Consumer
PG-188951408,Consumer
PG-1889527,Consumer
PG-1889528,Consumer
PG-1889545,Consumer
PG-1889548,Consumer
PG-1889551,Consumer
PG-1889558,Consumer
PG-1889559,Consumer
PG-1889564,Consumer
PG-1889582,Consumer
PG-1889591,Consumer
PG-1889592,Consumer
PG-8820108,Consumer
PG-8820110,Consumer
PG-8820138,Consumer
PG-8820146,Consumer
PG-882017,Consumer
PG-882071,Consumer
PG-8895108,Consumer
PG-8895134,Consumer
PG-889522,Consumer
PG-889533,Consumer
PG-889561,Consumer
PG-889586,Consumer
PH-18790102,Self-Employed
PH-187901408,Self-Employed
PH-1879018,Self-Employed
PH-1879031,Self-Employed
PH-1879036,Self-Employed
PH-1879045,Self-Employed
PH-1879051,Self-Employed
PH-1879058,Self-Employed
PH-1879059,Self-Employed
PH-1879066,Self-Employed
PH-187907,Self-Employed
PH-1879092,Self-Employed
PH-1879093,Self-Employed
PH-8790103,Self-Employed
PH-8790107,Self-Employed
PH-8790108,Self-Employed
PH-8790134,Self-Employed
PH-879022,Self-Employed
PH-879033,Self-Employed
PH-879095,Self-Employed
PJ-188351402,Corporate
PJ-188351404,Corporate
PJ-188351406,Corporate
PJ-188351408,Corporate
PJ-1883527,Corporate
PJ-1883528,Corporate
PJ-1883536,Corporate
PJ-1883548,Corporate
PJ-1883564,Corporate
PJ-188357,Corporate
PJ-1883582,Corporate
PJ-1883592,Corporate
PJ-1883593,Corporate
PJ-19015139,Consumer
PJ-190151404,Consumer
PJ-190151406,Consumer
PJ-190151408,Consumer
PJ-19015143,Consumer
PJ-1901527,Consumer
PJ-190155,Consumer
PJ-1901558,Consumer
PJ-1901559,Consumer
PJ-190157,Consumer
PJ-1901582,Consumer
PJ-1901591,Consumer
PJ-1901598,Consumer
PJ-883513,Corporate
PJ-8835133,Corporate
PJ-8835134,Corporate
PJ-883586,Corporate
PJ-883595,Corporate
PJ-9015134,Consumer
PJ-9015137,Consumer
PJ-901586,Consumer
PJ-901595,Consumer
PK-18910118,Self-Employed
PK-189101404,Self-Employed
PK-189101406,Self-Employed
PK-1891018,Self-Employed
PK-1891039,Self-Employed
PK-1891048,Self-Employed
PK-1891058,Self-Employed
PK-1891059,Self-Employed
PK-1891082,Self-Employed
PK-1891093,Self-Employed
PK-19075104,Consumer
PK-19075139,Consumer
PK-190751402,Consumer
PK-190751404,Consumer
PK-190751406,Consumer
PK-190751408,Consumer
PK-1907518,Consumer
PK-1907528,Consumer
PK-1907534,Consumer
PK-1907539,Consumer
PK-1907544,Consumer
PK-1907545,Consumer
PK-1907558,Consumer
PK-190757,Consumer
PK-1907582,Consumer
PK-1907588,Consumer
PK-1907592,Consumer
PK-1907593,Consumer
PK-8910134,Self-Employed
PK-8910137,Self-Employed
PK-891060,Self-Employed
PK-891068,Self-Employed
PK-9075134,Consumer
PK-907533,Consumer
PL-18925101,Self-Employed
PL-18925102,Self-Employed
PL-18925139,Self-Employed
PL-189251402,Self-Employed
PL-189251404,Self-Employed
PL-189251406,Self-Employed
PL-1892527,Self-Employed
PL-1892545,Self-Employed
PL-1892548,Self-Employed
PL-1892551,Self-Employed
PL-189257,Self-Employed
PL-1892588,Self-Employed
PL-1892593,Self-Employed
PL-892560,Self-Employed
PL-892569,Self-Employed
PL-892586,Self-Employed
PM-18940124,Consumer
PM-18940139,Consumer
PM-189401402,Consumer
PM-189401408,Consumer
PM-18940143,Consumer
PM-1894027,Consumer
PM-1894031,Consumer
PM-1894036,Consumer
PM-1894045,Consumer
PM-1894059,Consumer
PM-1894062,Consumer
PM-189407,Consumer
PM-1894082,Consumer
PM-1894093,Consumer
PM-19135102,Self-Employed
PM-19135120,Self-Employed
PM-19135139,Self-Employed
PM-1913514,Self-Employed
PM-191351402,Self-Employed
PM-191351406,Self-Employed
PM-191351408,Self-Employed
PM-1913516,Self-Employed
PM-1913518,Self-Employed
PM-1913527,Self-Employed
PM-1913539,Self-Employed
PM-1913545,Self-Employed
PM-1913548,Self-Employed
PM-1913559,Self-Employed
PM-191357,Self-Employed
PM-1913582,Self-Employed
PM-1913596,Self-Employed
PM-8940108,Consumer
PM-8940117,Consumer
PM-8940134,Consumer
PM-8940147,Consumer
PM-894038,Consumer
PM-894060,Consumer
PM-89408,Consumer
PM-894086,Consumer
PM-9135117,Self-Employed
PM-9135129,Self-Employed
PM-9135134,Self-Employed
PM-913538,Self-Employed
PM-913560,Self-Employed
PM-913573,Self-Employed
PN-18775120,Self-Employed
PN-187751402,Self-Employed
PN-187751404,Self-Employed
PN-187751406,Self-Employed
PN-187751408,Self-Employed
PN-1877527,Self-Employed
PN-1877545,Self-Employed
PN-1877548,Self-Employed
PN-187755,Self-Employed
PN-1877558,Self-Employed
PN-1877564,Self-Employed
PN-187757,Self-Employed
PN-1877582,Self-Employed
PN-1877588,Self-Employed
PN-1877591,Self-Employed
PN-8775110,Self-Employed
PN-877529,Self-Employed
PN-877560,Self-Employed
PN-877577,Self-Employed
PN-877586,Self-Employed
PO-18850118,Consumer
PO-18850120,Consumer
PO-18850124,Consumer
PO-18850125,Consumer
PO-18850139,Consumer
PO-188501402,Consumer
PO-188501404,Consumer
PO-188501406,Consumer
PO-188501408,Consumer
PO-1885018,Consumer
PO-1885028,Consumer
PO-1885036,Consumer
PO-1885045,Consumer
PO-1885048,Consumer
PO-1885051,Consumer
PO-1885055,Consumer
PO-1885058,Consumer
PO-1885064,Consumer
PO-188507,Consumer
PO-1885082,Consumer
PO-1885092,Consumer
PO-18865102,Consumer
PO-1886511,Consumer
PO-18865139,Consumer
PO-188651402,Consumer
PO-188651404,Consumer
PO-188651406,Consumer
PO-188651408,Consumer
PO-1886527,Consumer
PO-1886536,Consumer
PO-1886539,Consumer
PO-1886545,Consumer
PO-1886548,Consumer
PO-1886555,Consumer
PO-1886564,Consumer
PO-188657,Consumer
PO-1886582,Consumer
PO-1886591,Consumer
PO-1886593,Consumer
PO-19180102,Self-Employed
PO-1918011,Self-Employed
PO-191801402,Self-Employed
PO-191801404,Self-Employed
PO-191801406,Self-Employed
PO-1918018,Self-Employed
PO-1918027,Self-Employed
PO-1918036,Self-Employed
PO-1918048,Self-Employed
PO-1918055,Self-Employed
PO-191808,Self-Employed
PO-1918082,Self-Employed
PO-1918091,Self-Employed
PO-19195120,Self-Employed
PO-19195124,Self-Employed
PO-19195130,Self-Employed
PO-191951402,Self-Employed
PO-191951404,Self-Employed
PO-191951406,Self-Employed
PO-19195143,Self-Employed
PO-1919518,Self-Employed
PO-1919527,Self-Employed
PO-1919531,Self-Employed
PO-1919544,Self-Employed
PO-1919558,Self-Employed
PO-1919566,Self-Employed
PO-191957,Self-Employed
PO-1919582,Self-Employed
PO-1919598,Self-Employed
PO-8850117,Consumer
PO-885030,Consumer
PO-885060,Consumer
PO-885095,Consumer
PO-8865138,Consumer
PO-886523,Consumer
PO-88653,Consumer
PO-886586,Consumer
PO-886595,Consumer
PO-9180108,Self-Employed
PO-918013,Self-Employed
PO-918023,Self-Employed
PO-918038,Self-Employed
PO-918060,Self-Employed
PO-918083,Self-Employed
PO-918095,Self-Employed
PO-9195134,Self-Employed
PO-919523,Self-Employed
PO-919533,Self-Employed
PO-919547,Self-Employed
PO-919575,Self-Employed
PO-919586,Self-Employed
PP-189551402,Self-Employed
PP-189551404,Self-Employed
PP-189551406,Self-Employed
PP-189551408,Self-Employed
PP-1895527,Self-Employed
PP-1895536,Self-Employed
PP-1895539,Self-Employed
PP-1895545,Self-Employed
PP-1895548,Self-Employed
PP-1895551,Self-Employed
PP-1895555,Self-Employed
PP-1895559,Self-Employed
PP-1895564,Self-Employed
PP-1895566,Self-Employed
PP-189557,Self-Employed
PP-8955108,Self-Employed
PP-895538,Self-Employed
PP-895595,Self-Employed
PR-18880101,Consumer
PR-18880102,Consumer
PR-18880120,Consumer
PR-18880139,Consumer
PR-188801402,Consumer
PR-188801404,Consumer
PR-188801408,Consumer
PR-1888018,Consumer
PR-1888027,Consumer
PR-1888045,Consumer
PR-1888048,Consumer
PR-1888055,Consumer
PR-1888058,Consumer
PR-1888059,Consumer
PR-1888064,Consumer
PR-188807,Consumer
PR-1888082,Consumer
PR-1888098,Consumer
PR-8880134,Consumer
PR-888023,Consumer
PR-888068,Consumer
PR-888095,Consumer
PS-18760102,Consumer
PS-18760120,Consumer
PS-18760124,Consumer
PS-18760139,Consumer
PS-187601402,Consumer
PS-187601404,Consumer
PS-187601406,Consumer
PS-1876018,Consumer
PS-1876048,Consumer
PS-1876051,Consumer
PS-1876058,Consumer
PS-1876059,Consumer
PS-187607,Consumer
PS-1876078,Consumer
PS-187608,Consumer
PS-1876082,Consumer
PS-18970113,Self-Employed
PS-18970118,Self-Employed
PS-18970124,Self-Employed
PS-18970139,Self-Employed
PS-189701402,Self-Employed
PS-189701404,Self-Employed
PS-189701406,Self-Employed
PS-189701408,Self-Employed
PS-1897028,Self-Employed
PS-1897039,Self-Employed
PS-1897044,Self-Employed
PS-1897045,Self-Employed
PS-1897048,Self-Employed
PS-1897051,Self-Employed
PS-1897054,Self-Employed
PS-1897058,Self-Employed
PS-1897064,Self-Employed
PS-189707,Self-Employed
PS-1897082,Self-Employed
PS-190451402,Self-Employed
PS-190451404,Self-Employed
PS-190451406,Self-Employed
PS-190451408,Self-Employed
PS-19045144,Self-Employed
PS-1904518,Self-Employed
PS-1904527,Self-Employed
PS-1904528,Self-Employed
PS-1904539,Self-Employed
PS-1904545,Self-Employed
PS-1904548,Self-Employed
PS-1904551,Self-Employed
PS-1904558,Self-Employed
PS-1904559,Self-Employed
PS-190457,Self-Employed
PS-190458,Self-Employed
PS-1904582,Self-Employed
PS-1904592,Self-Employed
PS-1904598,Self-Employed
PS-8760108,Consumer
PS-8760110,Consumer
PS-8760134,Consumer
PS-8760135,Consumer
PS-876033,Consumer
PS-8970107,Self-Employed
PS-8970116,Self-Employed
PS-8970134,Self-Employed
PS-897086,Self-Employed
PS-9045108,Self-Employed
PS-9045134,Self-Employed
PS-9045146,Self-Employed
PS-904532,Self-Employed
PS-904538,Self-Employed
PS-904587,Self-Employed
PT-19090102,Consumer
PT-19090139,Consumer
PT-190901402,Consumer
PT-190901408,Consumer
PT-1909018,Consumer
PT-1909027,Consumer
PT-1909031,Consumer
PT-1909045,Consumer
PT-1909048,Consumer
PT-1909055,Consumer
PT-1909064,Consumer
PT-190907,Consumer
PT-190908,Consumer
PT-1909082,Consumer
PT-1909092,Consumer
PT-9090134,Consumer
PT-909038,Consumer
PT-909067,Consumer
PT-909071,Consumer
PV-18985102,Self-Employed
PV-18985113,Self-Employed
PV-18985118,Self-Employed
PV-18985139,Self-Employed
PV-189851402,Self-Employed
PV-189851404,Self-Employed
PV-189851406,Self-Employed
PV-1898518,Self-Employed
PV-1898531,Self-Employed
PV-1898537,Self-Employed
PV-1898545,Self-Employed
PV-1898548,Self-Employed
PV-1898551,Self-Employed
PV-1898558,Self-Employed
PV-1898564,Self-Employed
PV-189857,Self-Employed
PV-1898582,Self-Employed
PV-1898591,Self-Employed
PV-1898597,Self-Employed
PV-1898598,Self-Employed
PV-8985108,Self-Employed
PV-8985134,Self-Employed
PV-8985146,Self-Employed
PV-898522,Self-Employed
PV-898533,Self-Employed
PV-898586,Self-Employed
PW-19030113,Corporate
PW-19030120,Corporate
PW-19030130,Corporate
PW-19030132,Corporate
PW-19030139,Corporate
PW-190301402,Corporate
PW-190301404,Corporate
PW-190301406,Corporate
PW-190301408,Corporate
PW-1903045,Corporate
PW-1903051,Corporate
PW-1903054,Corporate
PW-1903058,Corporate
PW-1903059,Corporate
PW-1903064,Corporate
PW-190307,Corporate
PW-190308,Corporate
PW-1903082,Corporate
PW-1903088,Corporate
PW-19240130,Consumer
PW-19240139,Consumer
PW-192401402,Consumer
PW-192401404,Consumer
PW-192401406,Consumer
PW-192401408,Consumer
PW-1924018,Consumer
PW-1924031,Consumer
PW-1924036,Consumer
PW-1924045,Consumer
PW-1924048,Consumer
PW-1924058,Consumer
PW-1924059,Consumer
PW-192407,Consumer
PW-1924082,Consumer
PW-1924091,Consumer
PW-1924093,Consumer
PW-1924097,Consumer
PW-1924098,Consumer
PW-9030134,Corporate
PW-9030135,Corporate
PW-903033,Corporate
PW-903057,Corporate
PW-903070,Corporate
PW-903086,Corporate
PW-903095,Corporate
PW-9240117,Consumer
PW-9240134,Consumer
PW-9240142,Consumer
PW-924033,Consumer
PW-924038,Consumer
PW-924061,Consumer
QJ-19255130,Corporate
QJ-1925514,Corporate
QJ-192551402,Corporate
QJ-192551406,Corporate
QJ-192551408,Corporate
QJ-1925527,Corporate
QJ-1925536,Corporate
QJ-1925545,Corporate
QJ-1925551,Corporate
QJ-1925555,Corporate
QJ-1925564,Corporate
QJ-1925566,Corporate
QJ-1925582,Corporate
QJ-1925592,Corporate
QJ-9255108,Corporate
QJ-9255111,Corporate
QJ-9255117,Corporate
QJ-9255134,Corporate
QJ-925575,Corporate
RA-19285120,Consumer
RA-192851402,Consumer
RA-192851404,Consumer
RA-192851406,Consumer
RA-192851408,Consumer
RA-1928518,Consumer
RA-1928531,Consumer
RA-1928545,Consumer
RA-1928548,Consumer
RA-1928551,Consumer
RA-1928558,Consumer
RA-1928566,Consumer
RA-1928582,Consumer
RA-19885139,Corporate
RA-198851404,Corporate
RA-198851408,Corporate
RA-1988527,Corporate
RA-1988531,Corporate
RA-1988545,Corporate
RA-1988548,Corporate
RA-1988551,Corporate
RA-1988558,Corporate
RA-198858,Corporate
RA-1988582,Corporate
RA-1988593,Corporate
RA-19915101,Consumer
RA-19915102,Consumer
RA-19915113,Consumer
RA-19915120,Consumer
RA-199151402,Consumer
RA-199151404,Consumer
RA-199151406,Consumer
RA-199151408,Consumer
RA-1991518,Consumer
RA-1991527,Consumer
RA-1991534,Consumer
RA-1991536,Consumer
RA-1991545,Consumer
RA-1991559,Consumer
RA-1991564,Consumer
RA-1991566,Consumer
RA-199157,Consumer
RA-1991582,Consumer
RA-19945130,Consumer
RA-199451402,Consumer
RA-199451404,Consumer
RA-199451406,Consumer
RA-199451408,Consumer
RA-1994518,Consumer
RA-1994528,Consumer
RA-1994536,Consumer
RA-1994545,Consumer
RA-1994548,Consumer
RA-1994551,Consumer
RA-1994564,Consumer
RA-199457,Consumer
RA-1994582,Consumer
RA-1994598,Consumer
RA-9285117,Consumer
RA-9285134,Consumer
RA-928523,Consumer
RA-928533,Consumer
RA-928538,Consumer
RA-928560,Consumer
RA-928563,Consumer
RA-928569,Consumer
RA-928595,Consumer
RA-9885134,Corporate
RA-9885137,Corporate
RA-988523,Corporate
RA-988595,Corporate
RA-9915131,Consumer
RA-991560,Consumer
RA-9945117,Consumer
RA-9945137,Consumer
RA-9945146,Consumer
RA-994532,Consumer
RA-994538,Consumer
RA-994549,Consumer
RA-994595,Consumer
RB-19330102,Consumer
RB-19330120,Consumer
RB-19330139,Consumer
RB-193301402,Consumer
RB-193301406,Consumer
RB-1933021,Consumer
RB-1933026,Consumer
RB-1933027,Consumer
RB-1933028,Consumer
RB-1933031,Consumer
RB-1933045,Consumer
RB-1933048,Consumer
RB-193305,Consumer
RB-1933058,Consumer
RB-1933062,Consumer
RB-193307,Consumer
RB-1933082,Consumer
RB-19360139,Consumer
RB-193601402,Consumer
RB-193601404,Consumer
RB-193601406,Consumer
RB-193601408,Consumer
RB-1936018,Consumer
RB-1936027,Consumer
RB-1936045,Consumer
RB-1936048,Consumer
RB-1936058,Consumer
RB-1936059,Consumer
RB-193607,Consumer
RB-1936082,Consumer
RB-1936092,Consumer
RB-1936098,Consumer
RB-19435102,Consumer
RB-19435139,Consumer
RB-194351402,Consumer
RB-194351404,Consumer
RB-194351406,Consumer
RB-194351408,Consumer
RB-19435143,Consumer
RB-1943518,Consumer
RB-1943527,Consumer
RB-1943528,Consumer
RB-1943534,Consumer
RB-1943545,Consumer
RB-1943551,Consumer
RB-1943555,Consumer
RB-1943558,Consumer
RB-1943559,Consumer
RB-1943582,Consumer
RB-1943598,Consumer
RB-19465125,Self-Employed
RB-19465139,Self-Employed
RB-194651402,Self-Employed
RB-194651404,Self-Employed
RB-194651406,Self-Employed
RB-194651408,Self-Employed
RB-1946518,Self-Employed
RB-1946531,Self-Employed
RB-1946536,Self-Employed
RB-1946545,Self-Employed
RB-1946548,Self-Employed
RB-194655,Self-Employed
RB-1946551,Self-Employed
RB-1946558,Self-Employed
RB-194657,Self-Employed
RB-1946582,Self-Employed
RB-1946593,Self-Employed
RB-1946597,Self-Employed
RB-19570120,Consumer
RB-19570139,Consumer
RB-1957014,Consumer
RB-195701402,Consumer
RB-195701404,Consumer
RB-195701408,Consumer
RB-1957016,Consumer
RB-1957018,Consumer
RB-1957026,Consumer
RB-1957031,Consumer
RB-1957045,Consumer
RB-1957055,Consumer
RB-1957058,Consumer
RB-1957062,Consumer
RB-1957064,Consumer
RB-195707,Consumer
RB-1957082,Consumer
RB-1957091,Consumer
RB-19645102,Corporate
RB-19645120,Corporate
RB-196451404,Corporate
RB-196451408,Corporate
RB-1964518,Corporate
RB-1964528,Corporate
RB-1964531,Corporate
RB-1964539,Corporate
RB-1964545,Corporate
RB-1964548,Corporate
RB-1964551,Corporate
RB-1964554,Corporate
RB-1964559,Corporate
RB-1964562,Corporate
RB-1964598,Corporate
RB-19705101,Self-Employed
RB-19705102,Self-Employed
RB-19705120,Self-Employed
RB-197051402,Self-Employed
RB-197051404,Self-Employed
RB-197051406,Self-Employed
RB-19705144,Self-Employed
RB-1970527,Self-Employed
RB-1970531,Self-Employed
RB-1970539,Self-Employed
RB-1970545,Self-Employed
RB-1970555,Self-Employed
RB-1970559,Self-Employed
RB-1970562,Self-Employed
RB-19795139,Self-Employed
RB-197951402,Self-Employed
RB-197951404,Self-Employed
RB-197951406,Self-Employed
RB-197951408,Self-Employed
RB-1979518,Self-Employed
RB-1979527,Self-Employed
RB-1979531,Self-Employed
RB-1979536,Self-Employed
RB-1979545,Self-Employed
RB-1979548,Self-Employed
RB-1979551,Self-Employed
RB-1979558,Self-Employed
RB-1979559,Self-Employed
RB-197957,Self-Employed
RB-197958,Self-Employed
RB-1979582,Self-Employed
RB-1979593,Self-Employed
RB-9330110,Consumer
RB-9330117,Consumer
RB-9330137,Consumer
RB-933038,Consumer
RB-933049,Consumer
RB-933067,Consumer
RB-933086,Consumer
RB-933095,Consumer
RB-9360134,Consumer
RB-936038,Consumer
RB-936069,Consumer
RB-9435117,Consumer
RB-9435134,Consumer
RB-9435137,Consumer
RB-9435142,Consumer
RB-943533,Consumer
RB-943575,Consumer
RB-9465108,Self-Employed
RB-946561,Self-Employed
RB-946569,Self-Employed
RB-957013,Consumer
RB-9570147,Consumer
RB-95703,Consumer
RB-957032,Consumer
RB-957068,Consumer
RB-9645134,Corporate
RB-96453,Corporate
RB-964560,Corporate
RB-9705110,Self-Employed
RB-9705111,Self-Employed
RB-9705117,Self-Employed
RB-9705134,Self-Employed
RB-9705146,Self-Employed
RB-970523,Self-Employed
RB-970533,Self-Employed
RB-970538,Self-Employed
RB-970568,Self-Employed
RB-970569,Self-Employed
RB-970595,Self-Employed
RB-9795137,Self-Employed
RB-979529,Self-Employed
RB-979560,Self-Employed
RB-979583,Self-Employed
RB-979595,Self-Employed
RC-19825101,Consumer
RC-19825102,Consumer
RC-19825139,Consumer
RC-198251402,Consumer
RC-198251404,Consumer
RC-198251406,Consumer
RC-198251408,Consumer
RC-1982528,Consumer
RC-1982536,Consumer
RC-1982545,Consumer
RC-1982548,Consumer
RC-1982555,Consumer
RC-198257,Consumer
RC-1982578,Consumer
RC-1982582,Consumer
RC-1982588,Consumer
RC-1982598,Consumer
RC-19960139,Consumer
RC-199601402,Consumer
RC-199601404,Consumer
RC-199601406,Consumer
RC-199601408,Consumer
RC-1996018,Consumer
RC-1996027,Consumer
RC-1996039,Consumer
RC-1996045,Consumer
RC-1996048,Consumer
RC-1996055,Consumer
RC-1996059,Consumer
RC-199607,Consumer
RC-1996092,Consumer
RC-982557,Consumer
RC-9960108,Consumer
RC-9960146,Consumer
RC-99603,Consumer
RC-996038,Consumer
RC-996095,Consumer
RD-1948011,Consumer
RD-19480120,Consumer
RD-19480139,Consumer
RD-194801402,Consumer
RD-194801404,Consumer
RD-194801406,Consumer
RD-1948026,Consumer
RD-1948037,Consumer
RD-1948039,Consumer
RD-1948045,Consumer
RD-1948048,Consumer
RD-194805,Consumer
RD-1948064,Consumer
RD-194807,Consumer
RD-1948082,Consumer
RD-1948093,Consumer
RD-19585102,Consumer
RD-1958511,Consumer
RD-19585120,Consumer
RD-19585139,Consumer
RD-1958514,Consumer
RD-195851402,Consumer
RD-195851404,Consumer
RD-195851406,Consumer
RD-195851408,Consumer
RD-19585143,Consumer
RD-1958518,Consumer
RD-1958527,Consumer
RD-1958544,Consumer
RD-1958548,Consumer
RD-1958555,Consumer
RD-1958558,Consumer
RD-1958559,Consumer
RD-195857,Consumer
RD-1958578,Consumer
RD-1958582,Consumer
RD-1958593,Consumer
RD-19660102,Self-Employed
RD-19660139,Self-Employed
RD-196601402,Self-Employed
RD-196601404,Self-Employed
RD-196601406,Self-Employed
RD-19660144,Self-Employed
RD-1966027,Self-Employed
RD-1966039,Self-Employed
RD-1966048,Self-Employed
RD-1966059,Self-Employed
RD-1966064,Self-Employed
RD-1966066,Self-Employed
RD-196607,Self-Employed
RD-1966082,Self-Employed
RD-1966092,Self-Employed
RD-1966093,Self-Employed
RD-19720113,Consumer
RD-19720124,Consumer
RD-19720139,Consumer
RD-197201402,Consumer
RD-197201404,Consumer
RD-197201406,Consumer
RD-197201408,Consumer
RD-1972018,Consumer
RD-1972027,Consumer
RD-1972031,Consumer
RD-1972036,Consumer
RD-1972045,Consumer
RD-1972048,Consumer
RD-1972054,Consumer
RD-1972059,Consumer
RD-1972064,Consumer
RD-1972066,Consumer
RD-197207,Consumer
RD-1972082,Consumer
RD-19810120,Self-Employed
RD-19810139,Self-Employed
RD-198101402,Self-Employed
RD-198101404,Self-Employed
RD-198101406,Self-Employed
RD-198101408,Self-Employed
RD-1981018,Self-Employed
RD-1981027,Self-Employed
RD-1981028,Self-Employed
RD-1981031,Self-Employed
RD-1981036,Self-Employed
RD-1981048,Self-Employed
RD-198107,Self-Employed
RD-1981082,Self-Employed
RD-1981092,Self-Employed
RD-1981093,Self-Employed
RD-1990011,Consumer
RD-199001402,Consumer
RD-199001404,Consumer
RD-199001406,Consumer
RD-1990018,Consumer
RD-1990027,Consumer
RD-1990028,Consumer
RD-1990031,Consumer
RD-1990036,Consumer
RD-1990058,Consumer
RD-1990064,Consumer
RD-1990066,Consumer
RD-199007,Consumer
RD-1990082,Consumer
RD-1990092,Consumer
RD-19930120,Consumer
RD-19930125,Consumer
RD-199301402,Consumer
RD-199301404,Consumer
RD-1993026,Consumer
RD-1993027,Consumer
RD-1993031,Consumer
RD-1993051,Consumer
RD-1993055,Consumer
RD-199307,Consumer
RD-1993082,Consumer
RD-1993090,Consumer
RD-1993092,Consumer
RD-9480108,Consumer
RD-948023,Consumer
RD-948038,Consumer
RD-948049,Consumer
RD-948060,Consumer
RD-948086,Consumer
RD-9585122,Consumer
RD-958523,Consumer
RD-95853,Consumer
RD-95854,Consumer
RD-958549,Consumer
RD-958594,Consumer
RD-966013,Self-Employed
RD-9660134,Self-Employed
RD-966023,Self-Employed
RD-96603,Self-Employed
RD-966038,Self-Employed
RD-966047,Self-Employed
RD-966086,Self-Employed
RD-966095,Self-Employed
RD-9720134,Consumer
RD-972019,Consumer
RD-972033,Consumer
RD-972038,Consumer
RD-972061,Consumer
RD-97209,Consumer
RD-972095,Consumer
RD-9810117,Self-Employed
RD-9810134,Self-Employed
RD-9810147,Self-Employed
RD-981081,Self-Employed
RD-9900108,Consumer
RD-9900117,Consumer
RD-9900134,Consumer
RD-9900137,Consumer
RD-990033,Consumer
RD-990038,Consumer
RD-990061,Consumer
RD-990074,Consumer
RD-990095,Consumer
RD-9930111,Consumer
RD-9930117,Consumer
RD-9930134,Consumer
RD-9930137,Consumer
RD-99303,Consumer
RD-993038,Consumer
RD-993060,Consumer
RD-993067,Consumer
RD-993087,Consumer
RD-993095,Consumer
RE-19405102,Consumer
RE-19405139,Consumer
RE-194051406,Consumer
RE-1940518,Consumer
RE-1940527,Consumer
RE-1940531,Consumer
RE-1940536,Consumer
RE-1940537,Consumer
RE-1940539,Consumer
RE-1940559,Consumer
RE-194057,Consumer
RE-1940582,Consumer
RE-19450104,Consumer
RE-19450113,Consumer
RE-194501402,Consumer
RE-194501404,Consumer
RE-194501406,Consumer
RE-1945031,Consumer
RE-1945036,Consumer
RE-1945048,Consumer
RE-1945058,Consumer
RE-1945059,Consumer
RE-1945064,Consumer
RE-194507,Consumer
RE-9405108,Consumer
RE-9405136,Consumer
RE-940519,Consumer
RE-94054,Consumer
RE-940560,Consumer
RE-940586,Consumer
RE-9450107,Consumer
RE-9450110,Consumer
RE-9450116,Consumer
RE-9450117,Consumer
RE-9450134,Consumer
RE-9450137,Consumer
RE-945049,Consumer
RE-945060,Consumer
RE-945095,Consumer
RF-19345102,Corporate
RF-19345120,Corporate
RF-193451402,Corporate
RF-193451404,Corporate
RF-193451406,Corporate
RF-193451408,Corporate
RF-1934521,Corporate
RF-1934526,Corporate
RF-1934527,Corporate
RF-1934528,Corporate
RF-1934531,Corporate
RF-1934536,Corporate
RF-1934545,Corporate
RF-1934555,Corporate
RF-1934558,Corporate
RF-1934564,Corporate
RF-1934566,Corporate
RF-193457,Corporate
RF-193458,Corporate
RF-1934582,Corporate
RF-19735102,Consumer
RF-19735139,Consumer
RF-197351402,Consumer
RF-197351404,Consumer
RF-197351406,Consumer
RF-197351408,Consumer
RF-1973526,Consumer
RF-1973531,Consumer
RF-1973545,Consumer
RF-1973559,Consumer
RF-1973565,Consumer
RF-197357,Consumer
RF-1973582,Consumer
RF-1973588,Consumer
RF-1973593,Consumer
RF-1973597,Consumer
RF-19840120,Consumer
RF-19840139,Consumer
RF-1984014,Consumer
RF-198401402,Consumer
RF-198401404,Consumer
RF-198401406,Consumer
RF-198401408,Consumer
RF-1984018,Consumer
RF-1984027,Consumer
RF-1984031,Consumer
RF-1984045,Consumer
RF-1984048,Consumer
RF-1984055,Consumer
RF-1984058,Consumer
RF-198407,Consumer
RF-1984082,Consumer
RF-1984091,Consumer
RF-1984092,Consumer
RF-1984093,Consumer
RF-1984098,Consumer
RF-9345108,Corporate
RF-9345110,Corporate
RF-9345146,Corporate
RF-934523,Corporate
RF-934595,Corporate
RF-9735142,Consumer
RF-973560,Consumer
RF-973563,Consumer
RF-9840110,Consumer
RF-9840134,Consumer
RF-9840137,Consumer
RF-9840142,Consumer
RF-984085,Consumer
RF-984095,Consumer
RH-19495120,Consumer
RH-194951402,Consumer
RH-194951404,Consumer
RH-194951406,Consumer
RH-194951408,Consumer
RH-19495144,Consumer
RH-1949518,Consumer
RH-1949527,Consumer
RH-1949531,Consumer
RH-1949536,Consumer
RH-1949539,Consumer
RH-1949545,Consumer
RH-1949551,Consumer
RH-1949554,Consumer
RH-1949555,Consumer
RH-1949559,Consumer
RH-194957,Consumer
RH-1949582,Consumer
RH-1951011,Self-Employed
RH-19510120,Self-Employed
RH-19510139,Self-Employed
RH-195101402,Self-Employed
RH-195101404,Self-Employed
RH-195101406,Self-Employed
RH-1951018,Self-Employed
RH-1951036,Self-Employed
RH-195105,Self-Employed
RH-1951051,Self-Employed
RH-1951058,Self-Employed
RH-1951064,Self-Employed
RH-195107,Self-Employed
RH-1951082,Self-Employed
RH-1951091,Self-Employed
RH-19555102,Consumer
RH-19555120,Consumer
RH-19555139,Consumer
RH-195551408,Consumer
RH-1955518,Consumer
RH-1955536,Consumer
RH-1955545,Consumer
RH-1955548,Consumer
RH-1955551,Consumer
RH-1955558,Consumer
RH-1955559,Consumer
RH-1955564,Consumer
RH-1955582,Consumer
RH-1955592,Consumer
RH-19600101,Consumer
RH-196001402,Consumer
RH-196001408,Consumer
RH-19600144,Consumer
RH-1960039,Consumer
RH-1960045,Consumer
RH-196005,Consumer
RH-1960055,Consumer
RH-1960062,Consumer
RH-196007,Consumer
RH-196008,Consumer
RH-1960082,Consumer
RH-1960088,Consumer
RH-1960093,Consumer
RH-9495111,Consumer
RH-9495137,Consumer
RH-949561,Consumer
RH-9510108,Self-Employed
RH-9510134,Self-Employed
RH-951029,Self-Employed
RH-951038,Self-Employed
RH-951067,Self-Employed
RH-951095,Self-Employed
RH-9555110,Consumer
RH-9555117,Consumer
RH-9555129,Consumer
RH-955519,Consumer
RH-955569,Consumer
RH-955570,Consumer
RH-955595,Consumer
RH-9600103,Consumer
RH-9600107,Consumer
RH-9600110,Consumer
RH-9600129,Consumer
RH-960023,Consumer
RH-960038,Consumer
RH-960087,Consumer
RK-19300139,Consumer
RK-193001402,Consumer
RK-193001406,Consumer
RK-19300143,Consumer
RK-1930018,Consumer
RK-1930027,Consumer
RK-1930036,Consumer
RK-1930039,Consumer
RK-1930045,Consumer
RK-1930048,Consumer
RK-1930055,Consumer
RK-1930058,Consumer
RK-1930064,Consumer
RK-193007,Consumer
RK-1930082,Consumer
RK-1930098,Consumer
RK-9300137,Consumer
RK-930060,Consumer
RK-930069,Consumer
RK-930079,Consumer
RL-19615139,Consumer
RL-196151402,Consumer
RL-196151404,Consumer
RL-196151406,Consumer
RL-196151408,Consumer
RL-1961518,Consumer
RL-1961527,Consumer
RL-1961536,Consumer
RL-1961539,Consumer
RL-1961548,Consumer
RL-1961558,Consumer
RL-1961564,Consumer
RL-196157,Consumer
RL-1961582,Consumer
RL-9615103,Consumer
RL-9615110,Consumer
RL-9615117,Consumer
RL-9615134,Consumer
RL-9615137,Consumer
RL-961538,Consumer
RL-961568,Consumer
RL-961595,Consumer
RM-19375130,Consumer
RM-19375139,Consumer
RM-193751402,Consumer
RM-193751404,Consumer
RM-193751406,Consumer
RM-193751408,Consumer
RM-1937526,Consumer
RM-1937539,Consumer
RM-1937545,Consumer
RM-1937548,Consumer
RM-1937551,Consumer
RM-1937558,Consumer
RM-193757,Consumer
RM-1937591,Consumer
RM-19675102,Self-Employed
RM-19675120,Self-Employed
RM-19675130,Self-Employed
RM-19675139,Self-Employed
RM-196751404,Self-Employed
RM-196751406,Self-Employed
RM-196751408,Self-Employed
RM-19675144,Self-Employed
RM-1967518,Self-Employed
RM-1967528,Self-Employed
RM-1967539,Self-Employed
RM-1967545,Self-Employed
RM-1967564,Self-Employed
RM-196758,Self-Employed
RM-19750102,Consumer
RM-197501406,Consumer
RM-19750143,Consumer
RM-1975018,Consumer
RM-1975027,Consumer
RM-1975036,Consumer
RM-1975048,Consumer
RM-197505,Consumer
RM-1975058,Consumer
RM-1975059,Consumer
RM-1975064,Consumer
RM-197507,Consumer
RM-1975082,Consumer
RM-1975093,Consumer
RM-1975098,Consumer
RM-9375122,Consumer
RM-9375134,Consumer
RM-937519,Consumer
RM-937533,Consumer
RM-937538,Consumer
RM-93754,Consumer
RM-937563,Consumer
RM-9675108,Self-Employed
RM-9675134,Self-Employed
RM-9675137,Self-Employed
RM-967523,Self-Employed
RM-967552,Self-Employed
RM-967557,Self-Employed
RM-967570,Self-Employed
RM-9750103,Consumer
RM-9750110,Consumer
RM-9750134,Consumer
RM-975061,Consumer
RM-975068,Consumer
RM-975087,Consumer
RO-19780139,Consumer
RO-197801402,Consumer
RO-197801404,Consumer
RO-197801408,Consumer
RO-1978016,Consumer
RO-1978018,Consumer
RO-1978027,Consumer
RO-1978045,Consumer
RO-1978048,Consumer
RO-1978055,Consumer
RO-1978058,Consumer
RO-1978059,Consumer
RO-1978064,Consumer
RO-197807,Consumer
RO-1978078,Consumer
RO-1978082,Consumer
RO-1978092,Consumer
RO-9780134,Consumer
RO-97803,Consumer
RO-978033,Consumer
RO-978038,Consumer
RO-97804,Consumer
RO-978070,Consumer
RO-978086,Consumer
RP-19270102,Corporate
RP-19270118,Corporate
RP-19270120,Corporate
RP-19270124,Corporate
RP-19270139,Corporate
RP-192701402,Corporate
RP-192701404,Corporate
RP-1927018,Corporate
RP-1927027,Corporate
RP-1927045,Corporate
RP-1927048,Corporate
RP-192705,Corporate
RP-1927058,Corporate
RP-1927059,Corporate
RP-1927065,Corporate
RP-192707,Corporate
RP-1927082,Corporate
RP-1927093,Corporate
RP-19390102,Consumer
RP-19390120,Consumer
RP-19390139,Consumer
RP-193901402,Consumer
RP-193901404,Consumer
RP-193901406,Consumer
RP-19390143,Consumer
RP-1939016,Consumer
RP-1939018,Consumer
RP-1939045,Consumer
RP-193905,Consumer
RP-1939055,Consumer
RP-1939058,Consumer
RP-1939064,Consumer
RP-193907,Consumer
RP-1939082,Consumer
RP-1939092,Consumer
RP-1939097,Consumer
RP-19855102,Corporate
RP-19855120,Corporate
RP-19855124,Corporate
RP-19855130,Corporate
RP-19855139,Corporate
RP-198551402,Corporate
RP-198551404,Corporate
RP-198551408,Corporate
RP-1985531,Corporate
RP-1985536,Corporate
RP-1985545,Corporate
RP-1985548,Corporate
RP-1985558,Corporate
RP-1985564,Corporate
RP-198557,Corporate
RP-1985582,Corporate
RP-1985588,Corporate
RP-1985591,Corporate
RP-9270108,Corporate
RP-9270129,Corporate
RP-927061,Corporate
RP-927070,Corporate
RP-927086,Corporate
RP-92709,Corporate
RP-9390110,Consumer
RP-9390111,Consumer
RP-9390117,Consumer
RP-9390146,Consumer
RP-939029,Consumer
RP-939060,Consumer
RP-9855110,Corporate
RP-9855134,Corporate
RP-98554,Corporate
RP-985575,Corporate
RP-985586,Corporate
RR-19315118,Consumer
RR-19315120,Consumer
RR-193151402,Consumer
RR-193151404,Consumer
RR-1931526,Consumer
RR-1931527,Consumer
RR-1931539,Consumer
RR-1931548,Consumer
RR-1931551,Consumer
RR-1931558,Consumer
RR-1931559,Consumer
RR-1931564,Consumer
RR-1931566,Consumer
RR-193157,Consumer
RR-1931582,Consumer
RR-19525102,Corporate
RR-19525120,Corporate
RR-19525130,Corporate
RR-19525139,Corporate
RR-195251402,Corporate
RR-195251406,Corporate
RR-195251408,Corporate
RR-1952518,Corporate
RR-1952527,Corporate
RR-1952531,Corporate
RR-1952536,Corporate
RR-1952545,Corporate
RR-1952548,Corporate
RR-1952555,Corporate
RR-1952559,Corporate
RR-195257,Corporate
RR-1952582,Corporate
RR-1952598,Corporate
RR-9315103,Consumer
RR-9315117,Consumer
RR-931532,Consumer
RR-931560,Consumer
RR-9525103,Corporate
RR-9525108,Corporate
RR-9525134,Corporate
RR-952523,Corporate
RR-952530,Corporate
RS-194201,Corporate
RS-19420124,Corporate
RS-19420139,Corporate
RS-194201404,Corporate
RS-194201406,Corporate
RS-194201408,Corporate
RS-1942018,Corporate
RS-1942027,Corporate
RS-1942039,Corporate
RS-1942045,Corporate
RS-1942048,Corporate
RS-1942059,Corporate
RS-1942064,Corporate
RS-194207,Corporate
RS-1942082,Corporate
RS-1942090,Corporate
RS-1942098,Corporate
RS-19765102,Corporate
RS-1976511,Corporate
RS-19765113,Corporate
RS-19765124,Corporate
RS-19765139,Corporate
RS-197651402,Corporate
RS-197651404,Corporate
RS-197651406,Corporate
RS-197651408,Corporate
RS-1976518,Corporate
RS-1976528,Corporate
RS-1976536,Corporate
RS-1976545,Corporate
RS-1976555,Corporate
RS-197657,Corporate
RS-197658,Corporate
RS-1976582,Corporate
RS-1976592,Corporate
RS-1976593,Corporate
RS-19870139,Self-Employed
RS-198701402,Self-Employed
RS-198701406,Self-Employed
RS-1987018,Self-Employed
RS-1987027,Self-Employed
RS-1987036,Self-Employed
RS-1987039,Self-Employed
RS-1987045,Self-Employed
RS-1987048,Self-Employed
RS-1987058,Self-Employed
RS-198707,Self-Employed
RS-1987082,Self-Employed
RS-1987091,Self-Employed
RS-1987098,Self-Employed
RS-9420117,Corporate
RS-9420142,Corporate
RS-942015,Corporate
RS-942023,Corporate
RS-94203,Corporate
RS-942086,Corporate
RS-9765108,Corporate
RS-9765117,Corporate
RS-9765137,Corporate
RS-97653,Corporate
RS-976549,Corporate
RS-9870117,Self-Employed
RS-9870134,Self-Employed
RS-9870137,Self-Employed
RS-987017,Self-Employed
RS-987022,Self-Employed
RS-987038,Self-Employed
RS-987061,Self-Employed
RS-987086,Self-Employed
RW-19540120,Corporate
RW-19540139,Corporate
RW-195401402,Corporate
RW-195401404,Corporate
RW-1954027,Corporate
RW-1954039,Corporate
RW-1954045,Corporate
RW-1954048,Corporate
RW-1954055,Corporate
RW-195407,Corporate
RW-1954082,Corporate
RW-1954096,Corporate
RW-1954097,Corporate
RW-19630120,Corporate
RW-196301402,Corporate
RW-196301404,Corporate
RW-196301406,Corporate
RW-1963018,Corporate
RW-1963045,Corporate
RW-1963048,Corporate
RW-1963058,Corporate
RW-1963059,Corporate
RW-1963062,Corporate
RW-1963066,Corporate
RW-196307,Corporate
RW-1963082,Corporate
RW-1963093,Corporate
RW-19690120,Consumer
RW-19690125,Consumer
RW-19690139,Consumer
RW-196901402,Consumer
RW-196901404,Consumer
RW-196901406,Consumer
RW-196901408,Consumer
RW-1969018,Consumer
RW-1969027,Consumer
RW-1969031,Consumer
RW-1969039,Consumer
RW-1969058,Consumer
RW-1969059,Consumer
RW-1969064,Consumer
RW-1969066,Consumer
RW-196907,Consumer
RW-1969082,Consumer
RW-9540103,Corporate
RW-9540117,Corporate
RW-9540134,Corporate
RW-954032,Corporate
RW-954033,Corporate
RW-95404,Corporate
RW-954049,Corporate
RW-963015,Corporate
RW-963023,Corporate
RW-9690108,Consumer
RW-9690129,Consumer
RW-9690134,Consumer
RW-9690135,Consumer
RW-969038,Consumer
RW-969060,Consumer
RW-969061,Consumer
SA-10830107,Consumer
SA-10830108,Consumer
SA-10830117,Consumer
SA-10830134,Consumer
SA-1083023,Consumer
SA-1083049,Consumer
SA-1083074,Consumer
SA-1083095,Consumer
SA-20830102,Consumer
SA-20830118,Consumer
SA-20830139,Consumer
SA-208301402,Consumer
SA-208301404,Consumer
SA-208301406,Consumer
SA-208301408,Consumer
SA-2083018,Consumer
SA-2083027,Consumer
SA-2083031,Consumer
SA-2083036,Consumer
SA-2083039,Consumer
SA-2083048,Consumer
SA-2083058,Consumer
SA-208307,Consumer
SA-208308,Consumer
SA-2083082,Consumer
SA-2083098,Consumer
SB-10170134,Consumer
SB-101703,Consumer
SB-1017086,Consumer
SB-10185108,Consumer
SB-10185110,Consumer
SB-1018538,Consumer
SB-1018569,Consumer
SB-1018586,Consumer
SB-1018595,Consumer
SB-10290108,Corporate
SB-10290110,Corporate
SB-10290134,Corporate
SB-201701402,Consumer
SB-201701404,Consumer
SB-201701406,Consumer
SB-2017018,Consumer
SB-2017027,Consumer
SB-2017031,Consumer
SB-2017045,Consumer
SB-201707,Consumer
SB-2017088,Consumer
SB-2017091,Consumer
SB-20185118,Consumer
SB-20185120,Consumer
SB-20185139,Consumer
SB-201851402,Consumer
SB-201851404,Consumer
SB-201851406,Consumer
SB-2018518,Consumer
SB-2018531,Consumer
SB-2018536,Consumer
SB-2018539,Consumer
SB-2018545,Consumer
SB-2018548,Consumer
SB-2018559,Consumer
SB-2018562,Consumer
SB-2018564,Consumer
SB-2018593,Consumer
SB-20290139,Corporate
SB-202901402,Corporate
SB-202901404,Corporate
SB-202901406,Corporate
SB-202901408,Corporate
SB-20290144,Corporate
SB-2029018,Corporate
SB-2029027,Corporate
SB-2029039,Corporate
SB-2029045,Corporate
SB-202905,Corporate
SB-2029058,Corporate
SB-2029064,Corporate
SB-202907,Corporate
SB-2029082,Corporate
SC-10020107,Consumer
SC-10020134,Consumer
SC-100204,Consumer
SC-1002061,Consumer
SC-10050108,Self-Employed
SC-10050129,Self-Employed
SC-10050134,Self-Employed
SC-1005060,Self-Employed
SC-1005061,Self-Employed
SC-1005074,Self-Employed
SC-1005087,Self-Employed
SC-10095134,Consumer
SC-1009522,Consumer
SC-1009538,Consumer
SC-1009561,Consumer
SC-1009595,Consumer
SC-102302,Corporate
SC-1023086,Corporate
SC-1023095,Corporate
SC-10260110,Corporate
SC-10260134,Corporate
SC-1026023,Corporate
SC-1026057,Corporate
SC-1026060,Corporate
SC-1030533,Consumer
SC-103054,Consumer
SC-1030560,Consumer
SC-1030563,Consumer
SC-1030595,Consumer
SC-10380126,Consumer
SC-1038060,Consumer
SC-1038077,Consumer
SC-1038086,Consumer
SC-10440134,Corporate
SC-1044038,Corporate
SC-1044095,Corporate
SC-10575137,Consumer
SC-1057561,Consumer
SC-10680103,Self-Employed
SC-10680134,Self-Employed
SC-1068022,Self-Employed
SC-1068094,Self-Employed
SC-10695117,Corporate
SC-1069568,Corporate
SC-1069595,Corporate
SC-10725108,Consumer
SC-10725116,Consumer
SC-10725126,Consumer
SC-10725134,Consumer
SC-1072524,Consumer
SC-1072560,Consumer
SC-1072595,Consumer
SC-10770134,Corporate
SC-10770135,Corporate
SC-1077023,Corporate
SC-1077033,Corporate
SC-1077060,Corporate
SC-1077061,Corporate
SC-1080060,Consumer
SC-1080095,Consumer
SC-10845137,Consumer
SC-1084561,Consumer
SC-1084581,Consumer
SC-20020139,Consumer
SC-200201402,Consumer
SC-200201406,Consumer
SC-2002018,Consumer
SC-2002021,Consumer
SC-2002027,Consumer
SC-2002031,Consumer
SC-2002036,Consumer
SC-2002044,Consumer
SC-2002045,Consumer
SC-2002048,Consumer
SC-2002051,Consumer
SC-2002055,Consumer
SC-2002058,Consumer
SC-2002059,Consumer
SC-2002066,Consumer
SC-200207,Consumer
SC-200208,Consumer
SC-2002082,Consumer
SC-20050102,Self-Employed
SC-20050120,Self-Employed
SC-20050139,Self-Employed
SC-200501402,Self-Employed
SC-200501404,Self-Employed
SC-200501406,Self-Employed
SC-200501408,Self-Employed
SC-2005018,Self-Employed
SC-2005027,Self-Employed
SC-2005028,Self-Employed
SC-200505,Self-Employed
SC-2005055,Self-Employed
SC-2005058,Self-Employed
SC-2005066,Self-Employed
SC-200507,Self-Employed
SC-2005082,Self-Employed
SC-2005091,Self-Employed
SC-2005097,Self-Employed
SC-20095120,Consumer
SC-20095127,Consumer
SC-20095139,Consumer
SC-200951402,Consumer
SC-200951404,Consumer
SC-200951406,Consumer
SC-200951408,Consumer
SC-2009528,Consumer
SC-2009539,Consumer
SC-2009545,Consumer
SC-2009548,Consumer
SC-2009555,Consumer
SC-2009559,Consumer
SC-200957,Consumer
SC-2009592,Consumer
SC-2009593,Consumer
SC-2009597,Consumer
SC-20230120,Corporate
SC-20230124,Corporate
SC-20230139,Corporate
SC-202301402,Corporate
SC-202301404,Corporate
SC-202301406,Corporate
SC-2023027,Corporate
SC-2023031,Corporate
SC-2023048,Corporate
SC-2023058,Corporate
SC-2023064,Corporate
SC-202307,Corporate
SC-2023082,Corporate
SC-2023092,Corporate
SC-2023097,Corporate
SC-20260102,Corporate
SC-20260130,Corporate
SC-20260139,Corporate
SC-202601402,Corporate
SC-202601404,Corporate
SC-202601406,Corporate
SC-202601408,Corporate
SC-20260144,Corporate
SC-2026028,Corporate
SC-2026059,Corporate
SC-2026064,Corporate
SC-202607,Corporate
SC-2026082,Corporate
SC-2026092,Corporate
SC-2026097,Corporate
SC-20305120,Consumer
SC-20305139,Consumer
SC-203051402,Consumer
SC-203051404,Consumer
SC-203051406,Consumer
SC-2030531,Consumer
SC-2030545,Consumer
SC-2030548,Consumer
SC-2030558,Consumer
SC-2030559,Consumer
SC-203057,Consumer
SC-2030582,Consumer
SC-2030588,Consumer
SC-2030592,Consumer
SC-2030593,Consumer
SC-20380102,Consumer
SC-20380124,Consumer
SC-20380130,Consumer
SC-20380139,Consumer
SC-203801402,Consumer
SC-203801404,Consumer
SC-203801406,Consumer
SC-203801408,Consumer
SC-20380143,Consumer
SC-20380144,Consumer
SC-2038027,Consumer
SC-2038045,Consumer
SC-2038048,Consumer
SC-2038051,Consumer
SC-2038058,Consumer
SC-2038059,Consumer
SC-2038064,Consumer
SC-203807,Consumer
SC-2038082,Consumer
SC-2038093,Consumer
SC-2038098,Consumer
SC-20440120,Corporate
SC-20440139,Corporate
SC-204401404,Corporate
SC-204401406,Corporate
SC-2044018,Corporate
SC-2044027,Corporate
SC-2044031,Corporate
SC-2044039,Corporate
SC-2044059,Corporate
SC-204407,Corporate
SC-2044082,Corporate
SC-2044092,Corporate
SC-2044097,Corporate
SC-20575113,Consumer
SC-20575124,Consumer
SC-20575139,Consumer
SC-2057514,Consumer
SC-205751402,Consumer
SC-205751404,Consumer
SC-205751406,Consumer
SC-205751408,Consumer
SC-2057518,Consumer
SC-2057527,Consumer
SC-2057531,Consumer
SC-2057545,Consumer
SC-2057548,Consumer
SC-2057555,Consumer
SC-2057559,Consumer
SC-2057566,Consumer
SC-205757,Consumer
SC-2057582,Consumer
SC-2057592,Consumer
SC-20680102,Self-Employed
SC-206801402,Self-Employed
SC-206801404,Self-Employed
SC-206801408,Self-Employed
SC-20680144,Self-Employed
SC-2068018,Self-Employed
SC-2068021,Self-Employed
SC-2068027,Self-Employed
SC-2068045,Self-Employed
SC-2068048,Self-Employed
SC-206805,Self-Employed
SC-2068055,Self-Employed
SC-2068058,Self-Employed
SC-2068059,Self-Employed
SC-2068064,Self-Employed
SC-206807,Self-Employed
SC-206808,Self-Employed
SC-2068082,Self-Employed
SC-2068091,Self-Employed
SC-20695102,Corporate
SC-20695120,Corporate
SC-20695139,Corporate
SC-206951402,Corporate
SC-206951406,Corporate
SC-206951408,Corporate
SC-20695144,Corporate
SC-2069518,Corporate
SC-2069527,Corporate
SC-2069536,Corporate
SC-2069539,Corporate
SC-2069545,Corporate
SC-206955,Corporate
SC-2069558,Corporate
SC-2069559,Corporate
SC-2069564,Corporate
SC-206957,Corporate
SC-2069578,Corporate
SC-206958,Corporate
SC-2069582,Corporate
SC-2069597,Corporate
SC-2069598,Corporate
SC-20725139,Consumer
SC-2072514,Consumer
SC-207251402,Consumer
SC-207251404,Consumer
SC-207251406,Consumer
SC-2072518,Consumer
SC-2072526,Consumer
SC-2072527,Consumer
SC-2072545,Consumer
SC-2072548,Consumer
SC-2072555,Consumer
SC-2072558,Consumer
SC-2072564,Consumer
SC-207258,Consumer
SC-2072582,Consumer
SC-2072593,Consumer
SC-20770102,Corporate
SC-20770130,Corporate
SC-20770139,Corporate
SC-207701402,Corporate
SC-207701404,Corporate
SC-207701406,Corporate
SC-207701408,Corporate
SC-2077018,Corporate
SC-2077026,Corporate
SC-2077028,Corporate
SC-2077048,Corporate
SC-2077058,Corporate
SC-2077059,Corporate
SC-2077064,Corporate
SC-2077066,Corporate
SC-207707,Corporate
SC-2077082,Corporate
SC-2077088,Corporate
SC-2077091,Corporate
SC-2077093,Corporate
SC-2080011,Consumer
SC-20800120,Consumer
SC-20800124,Consumer
SC-20800125,Consumer
SC-20800139,Consumer
SC-208001402,Consumer
SC-208001404,Consumer
SC-208001408,Consumer
SC-2080018,Consumer
SC-2080045,Consumer
SC-2080048,Consumer
SC-208005,Consumer
SC-2080058,Consumer
SC-2080059,Consumer
SC-208007,Consumer
SC-2080082,Consumer
SC-20845102,Consumer
SC-208451402,Consumer
SC-208451404,Consumer
SC-2084518,Consumer
SC-2084527,Consumer
SC-2084528,Consumer
SC-2084531,Consumer
SC-2084539,Consumer
SC-2084545,Consumer
SC-2084548,Consumer
SC-208455,Consumer
SC-2084558,Consumer
SC-2084564,Consumer
SC-208457,Consumer
SC-208458,Consumer
SC-2084582,Consumer
SC-2084592,Consumer
SD-10485122,Self-Employed
SD-10485134,Self-Employed
SD-10485137,Self-Employed
SD-1048535,Self-Employed
SD-1048563,Self-Employed
SD-1048586,Self-Employed
SD-1048595,Self-Employed
SD-20485102,Self-Employed
SD-20485118,Self-Employed
SD-20485130,Self-Employed
SD-20485139,Self-Employed
SD-204851402,Self-Employed
SD-204851404,Self-Employed
SD-204851406,Self-Employed
SD-204851408,Self-Employed
SD-20485143,Self-Employed
SD-2048527,Self-Employed
SD-2048531,Self-Employed
SD-2048534,Self-Employed
SD-2048545,Self-Employed
SD-2048548,Self-Employed
SD-2048559,Self-Employed
SD-2048562,Self-Employed
SD-2048564,Self-Employed
SD-204857,Self-Employed
SD-2048582,Self-Employed
SE-10110107,Consumer
SE-1011033,Consumer
SE-1011060,Consumer
SE-20110113,Consumer
SE-20110120,Consumer
SE-20110139,Consumer
SE-201101402,Consumer
SE-201101404,Consumer
SE-201101406,Consumer
SE-201101408,Consumer
SE-2011026,Consumer
SE-2011027,Consumer
SE-2011028,Consumer
SE-2011031,Consumer
SE-2011045,Consumer
SE-2011048,Consumer
SE-2011058,Consumer
SE-2011059,Consumer
SE-2011064,Consumer
SE-2011066,Consumer
SE-201108,Consumer
SE-2011082,Consumer
SE-2011098,Consumer
SF-10065107,Consumer
SF-10065137,Consumer
SF-1006552,Consumer
SF-1006587,Consumer
SF-1006595,Consumer
SF-10200134,Consumer
SF-10200146,Consumer
SF-1020029,Consumer
SF-1020032,Consumer
SF-102004,Consumer
SF-1020095,Consumer
SF-10965111,Corporate
SF-10965122,Corporate
SF-10965134,Corporate
SF-1096538,Corporate
SF-1096560,Corporate
SF-20065139,Consumer
SF-2006514,Consumer
SF-200651402,Consumer
SF-200651404,Consumer
SF-200651406,Consumer
SF-200651408,Consumer
SF-2006518,Consumer
SF-2006527,Consumer
SF-2006528,Consumer
SF-2006548,Consumer
SF-2006558,Consumer
SF-200657,Consumer
SF-2006582,Consumer
SF-2006592,Consumer
SF-20200139,Consumer
SF-202001402,Consumer
SF-202001404,Consumer
SF-202001406,Consumer
SF-2020018,Consumer
SF-2020027,Consumer
SF-2020039,Consumer
SF-2020045,Consumer
SF-2020048,Consumer
SF-2020058,Consumer
SF-2020059,Consumer
SF-2020064,Consumer
SF-202007,Consumer
SF-2020093,Consumer
SF-20965118,Corporate
SF-20965139,Corporate
SF-209651402,Corporate
SF-209651404,Corporate
SF-209651406,Corporate
SF-2096518,Corporate
SF-2096528,Corporate
SF-2096548,Corporate
SF-2096559,Corporate
SF-209657,Corporate
SG-10080129,Consumer
SG-10080142,Consumer
SG-1008023,Consumer
SG-1008061,Consumer
SG-1008095,Consumer
SG-1047029,Consumer
SG-1047030,Consumer
SG-1047047,Consumer
SG-10605107,Consumer
SG-10605134,Consumer
SG-10605136,Consumer
SG-1060529,Consumer
SG-1060560,Consumer
SG-1060595,Consumer
SG-10890109,Corporate
SG-1089060,Corporate
SG-1089067,Corporate
SG-108909,Corporate
SG-1089095,Corporate
SG-20080113,Consumer
SG-20080120,Consumer
SG-200801402,Consumer
SG-200801404,Consumer
SG-2008031,Consumer
SG-2008039,Consumer
SG-2008045,Consumer
SG-2008054,Consumer
SG-2008055,Consumer
SG-2008058,Consumer
SG-2008059,Consumer
SG-200807,Consumer
SG-2008082,Consumer
SG-20470104,Consumer
SG-20470120,Consumer
SG-204701404,Consumer
SG-204701406,Consumer
SG-204701408,Consumer
SG-2047018,Consumer
SG-2047027,Consumer
SG-2047031,Consumer
SG-2047044,Consumer
SG-2047045,Consumer
SG-2047058,Consumer
SG-2047059,Consumer
SG-2047082,Consumer
SG-2047091,Consumer
SG-2047093,Consumer
SG-20605120,Consumer
SG-20605130,Consumer
SG-206051402,Consumer
SG-206051404,Consumer
SG-206051406,Consumer
SG-206051408,Consumer
SG-20605144,Consumer
SG-2060518,Consumer
SG-2060527,Consumer
SG-2060536,Consumer
SG-2060539,Consumer
SG-2060545,Consumer
SG-2060548,Consumer
SG-2060551,Consumer
SG-2060566,Consumer
SG-206057,Consumer
SG-2060582,Consumer
SG-2060591,Consumer
SG-2060592,Consumer
SG-2060593,Consumer
SG-20890130,Corporate
SG-20890139,Corporate
SG-208901402,Corporate
SG-208901406,Corporate
SG-2089027,Corporate
SG-2089048,Corporate
SG-208905,Corporate
SG-2089051,Corporate
SG-2089059,Corporate
SG-208907,Corporate
SG-2089082,Corporate
SG-2089093,Corporate
SG-2089097,Corporate
SG-2089098,Corporate
SH-1039523,Consumer
SH-1039533,Consumer
SH-1039570,Consumer
SH-1039595,Consumer
SH-10635103,Corporate
SH-10635108,Corporate
SH-1063583,Corporate
SH-19975130,Corporate
SH-19975139,Corporate
SH-199751402,Corporate
SH-199751404,Corporate
SH-199751406,Corporate
SH-199751408,Corporate
SH-1997527,Corporate
SH-1997528,Corporate
SH-1997544,Corporate
SH-1997545,Corporate
SH-1997548,Corporate
SH-1997555,Corporate
SH-199757,Corporate
SH-1997582,Corporate
SH-20395102,Consumer
SH-203951404,Consumer
SH-203951406,Consumer
SH-203951408,Consumer
SH-20395143,Consumer
SH-2039527,Consumer
SH-2039539,Consumer
SH-2039545,Consumer
SH-2039548,Consumer
SH-2039559,Consumer
SH-203957,Consumer
SH-2039582,Consumer
SH-2039591,Consumer
SH-2039592,Consumer
SH-2039599,Consumer
SH-20635101,Corporate
SH-20635102,Corporate
SH-20635124,Corporate
SH-20635139,Corporate
SH-206351404,Corporate
SH-206351408,Corporate
SH-2063518,Corporate
SH-2063527,Corporate
SH-2063539,Corporate
SH-2063545,Corporate
SH-2063548,Corporate
SH-206355,Corporate
SH-2063554,Corporate
SH-2063555,Corporate
SH-2063558,Corporate
SH-2063559,Corporate
SH-2063564,Corporate
SH-206358,Corporate
SH-2063582,Corporate
SH-9975110,Corporate
SH-9975112,Corporate
SH-997557,Corporate
SH-997560,Corporate
SH-997561,Corporate
SH-997584,Corporate
SH-99759,Corporate
SH-997595,Corporate
SJ-10125110,Self-Employed
SJ-10125117,Self-Employed
SJ-10125134,Self-Employed
SJ-10125137,Self-Employed
SJ-1012523,Self-Employed
SJ-1012538,Self-Employed
SJ-1012568,Self-Employed
SJ-10215107,Consumer
SJ-10215108,Consumer
SJ-10215134,Consumer
SJ-1021523,Consumer
SJ-1021538,Consumer
SJ-1021543,Consumer
SJ-1021547,Consumer
SJ-1021560,Consumer
SJ-10500108,Consumer
SJ-10500134,Consumer
SJ-1050047,Consumer
SJ-20125102,Self-Employed
SJ-20125120,Self-Employed
SJ-20125139,Self-Employed
SJ-201251402,Self-Employed
SJ-201251404,Self-Employed
SJ-201251406,Self-Employed
SJ-201251408,Self-Employed
SJ-2012536,Self-Employed
SJ-2012539,Self-Employed
SJ-2012545,Self-Employed
SJ-2012548,Self-Employed
SJ-2012551,Self-Employed
SJ-201257,Self-Employed
SJ-2012578,Self-Employed
SJ-2012582,Self-Employed
SJ-2012591,Self-Employed
SJ-2012597,Self-Employed
SJ-20215118,Consumer
SJ-20215120,Consumer
SJ-20215125,Consumer
SJ-20215127,Consumer
SJ-20215139,Consumer
SJ-202151402,Consumer
SJ-202151404,Consumer
SJ-202151408,Consumer
SJ-2021518,Consumer
SJ-2021527,Consumer
SJ-2021548,Consumer
SJ-202155,Consumer
SJ-2021551,Consumer
SJ-2021554,Consumer
SJ-2021558,Consumer
SJ-2021559,Consumer
SJ-202157,Consumer
SJ-202158,Consumer
SJ-2021582,Consumer
SJ-2021591,Consumer
SJ-20500104,Consumer
SJ-2050011,Consumer
SJ-20500113,Consumer
SJ-205001402,Consumer
SJ-205001404,Consumer
SJ-205001406,Consumer
SJ-20500141,Consumer
SJ-2050031,Consumer
SJ-2050045,Consumer
SJ-2050048,Consumer
SJ-2050051,Consumer
SJ-2050058,Consumer
SJ-2050064,Consumer
SJ-205007,Consumer
SJ-2050082,Consumer
SJ-2050092,Consumer
SJ-2050093,Consumer
SJ-2050097,Consumer
SJ-2050098,Consumer
SK-199901406,Consumer
SK-19990144,Consumer
SK-1999018,Consumer
SK-1999027,Consumer
SK-1999045,Consumer
SK-1999048,Consumer
SK-1999051,Consumer
SK-1999055,Consumer
SK-1999059,Consumer
SK-199907,Consumer
SK-1999082,Consumer
SK-9990134,Consumer
SK-99903,Consumer
SK-999038,Consumer
SK-99904,Consumer
SK-99908,Consumer
SL-10155108,Self-Employed
SL-10155116,Self-Employed
SL-10155117,Self-Employed
SL-10155134,Self-Employed
SL-10155137,Self-Employed
SL-1015523,Self-Employed
SL-1015529,Self-Employed
SL-101553,Self-Employed
SL-1015533,Self-Employed
SL-1015561,Self-Employed
SL-20155102,Self-Employed
SL-20155120,Self-Employed
SL-20155139,Self-Employed
SL-201551402,Self-Employed
SL-201551404,Self-Employed
SL-201551406,Self-Employed
SL-201551408,Self-Employed
SL-2015518,Self-Employed
SL-2015527,Self-Employed
SL-2015539,Self-Employed
SL-2015545,Self-Employed
SL-2015548,Self-Employed
SL-2015555,Self-Employed
SL-2015558,Self-Employed
SL-2015564,Self-Employed
SL-2015566,Self-Employed
SL-2015582,Self-Employed
SL-2015592,Self-Employed
SL-2015593,Self-Employed
SM-10005108,Consumer
SM-10005115,Consumer
SM-10005116,Consumer
SM-10005117,Consumer
SM-10005137,Consumer
SM-10005146,Consumer
SM-1000563,Consumer
SM-10320134,Self-Employed
SM-1032025,Self-Employed
SM-1032029,Self-Employed
SM-1032063,Self-Employed
SM-1032086,Self-Employed
SM-1032095,Self-Employed
SM-10905112,Consumer
SM-10905116,Consumer
SM-10905117,Consumer
SM-1090560,Consumer
SM-1090595,Consumer
SM-10950108,Corporate
SM-10950110,Corporate
SM-10950129,Corporate
SM-10950134,Corporate
SM-1095038,Corporate
SM-1095060,Corporate
SM-20005102,Consumer
SM-20005139,Consumer
SM-200051402,Consumer
SM-200051404,Consumer
SM-200051406,Consumer
SM-2000518,Consumer
SM-2000536,Consumer
SM-2000539,Consumer
SM-2000545,Consumer
SM-2000558,Consumer
SM-2000564,Consumer
SM-200057,Consumer
SM-2000582,Consumer
SM-2000591,Consumer
SM-20320124,Self-Employed
SM-20320130,Self-Employed
SM-20320139,Self-Employed
SM-2032014,Self-Employed
SM-203201402,Self-Employed
SM-203201404,Self-Employed
SM-203201406,Self-Employed
SM-203201408,Self-Employed
SM-2032018,Self-Employed
SM-2032036,Self-Employed
SM-2032045,Self-Employed
SM-2032048,Self-Employed
SM-2032058,Self-Employed
SM-2032059,Self-Employed
SM-2032082,Self-Employed
SM-2032093,Self-Employed
SM-2032097,Self-Employed
SM-20905102,Consumer
SM-20905113,Consumer
SM-20905130,Consumer
SM-209051406,Consumer
SM-2090527,Consumer
SM-2090539,Consumer
SM-2090545,Consumer
SM-2090548,Consumer
SM-2090558,Consumer
SM-209057,Consumer
SM-2090582,Consumer
SM-20950101,Corporate
SM-20950139,Corporate
SM-209501402,Corporate
SM-209501404,Corporate
SM-209501406,Corporate
SM-209501408,Corporate
SM-2095018,Corporate
SM-2095027,Corporate
SM-2095031,Corporate
SM-2095036,Corporate
SM-2095045,Corporate
SM-2095048,Corporate
SM-2095054,Corporate
SM-2095059,Corporate
SM-2095064,Corporate
SM-209507,Corporate
SM-2095082,Corporate
SN-10560134,Self-Employed
SN-10560137,Self-Employed
SN-1056023,Self-Employed
SN-1056033,Self-Employed
SN-1056060,Self-Employed
SN-1056095,Self-Employed
SN-10710117,Self-Employed
SN-10710134,Self-Employed
SN-107108,Self-Employed
SN-1071095,Self-Employed
SN-20560118,Self-Employed
SN-20560120,Self-Employed
SN-20560139,Self-Employed
SN-205601402,Self-Employed
SN-205601404,Self-Employed
SN-205601406,Self-Employed
SN-2056018,Self-Employed
SN-2056027,Self-Employed
SN-2056031,Self-Employed
SN-2056045,Self-Employed
SN-2056048,Self-Employed
SN-2056055,Self-Employed
SN-2056058,Self-Employed
SN-2056082,Self-Employed
SN-2056097,Self-Employed
SN-20710139,Self-Employed
SN-2071014,Self-Employed
SN-207101402,Self-Employed
SN-207101404,Self-Employed
SN-207101408,Self-Employed
SN-2071018,Self-Employed
SN-2071027,Self-Employed
SN-2071036,Self-Employed
SN-2071045,Self-Employed
SN-2071048,Self-Employed
SN-2071055,Self-Employed
SN-207107,Self-Employed
SN-2071082,Self-Employed
SN-2071091,Self-Employed
SN-2071093,Self-Employed
SO-10335108,Consumer
SO-1033533,Consumer
SO-1033561,Consumer
SO-1033568,Consumer
SO-20335102,Consumer
SO-20335120,Consumer
SO-20335139,Consumer
SO-2033514,Consumer
SO-203351404,Consumer
SO-203351406,Consumer
SO-203351408,Consumer
SO-20335144,Consumer
SO-2033518,Consumer
SO-2033526,Consumer
SO-2033527,Consumer
SO-2033531,Consumer
SO-2033548,Consumer
SO-2033551,Consumer
SO-2033555,Consumer
SO-2033558,Consumer
SO-2033559,Consumer
SO-203357,Consumer
SO-203358,Consumer
SO-2033582,Consumer
SP-1054538,Corporate
SP-1054569,Corporate
SP-1054586,Corporate
SP-10620110,Corporate
SP-10620134,Corporate
SP-1062049,Corporate
SP-1062068,Corporate
SP-1062095,Corporate
SP-10650107,Corporate
SP-10650134,Corporate
SP-10650146,Corporate
SP-1065060,Corporate
SP-1065095,Corporate
SP-1086086,Corporate
SP-1086095,Corporate
SP-10920108,Consumer
SP-1092038,Consumer
SP-1092061,Consumer
SP-1092095,Consumer
SP-205451402,Corporate
SP-205451406,Corporate
SP-2054518,Corporate
SP-2054527,Corporate
SP-2054534,Corporate
SP-2054545,Corporate
SP-2054551,Corporate
SP-2054555,Corporate
SP-2054558,Corporate
SP-2054559,Corporate
SP-2054564,Corporate
SP-205457,Corporate
SP-2054582,Corporate
SP-20620101,Corporate
SP-20620102,Corporate
SP-2062011,Corporate
SP-20620120,Corporate
SP-20620139,Corporate
SP-206201402,Corporate
SP-206201404,Corporate
SP-206201406,Corporate
SP-206201408,Corporate
SP-2062018,Corporate
SP-2062045,Corporate
SP-2062048,Corporate
SP-2062055,Corporate
SP-2062058,Corporate
SP-2062059,Corporate
SP-2062064,Corporate
SP-2062082,Corporate
SP-2062093,Corporate
SP-2062096,Corporate
SP-2062097,Corporate
SP-20650120,Corporate
SP-20650139,Corporate
SP-206501402,Corporate
SP-206501404,Corporate
SP-206501406,Corporate
SP-206501408,Corporate
SP-2065018,Corporate
SP-2065027,Corporate
SP-2065028,Corporate
SP-2065045,Corporate
SP-2065059,Corporate
SP-2065082,Corporate
SP-2065097,Corporate
SP-20860124,Corporate
SP-20860139,Corporate
SP-208601402,Corporate
SP-208601404,Corporate
SP-208601406,Corporate
SP-208601408,Corporate
SP-2086018,Corporate
SP-2086036,Corporate
SP-2086045,Corporate
SP-208605,Corporate
SP-2086058,Corporate
SP-208607,Corporate
SP-2086082,Corporate
SP-2086091,Corporate
SP-20920120,Consumer
SP-20920125,Consumer
SP-20920130,Consumer
SP-20920139,Consumer
SP-209201402,Consumer
SP-209201404,Consumer
SP-209201406,Consumer
SP-2092018,Consumer
SP-2092027,Consumer
SP-2092045,Consumer
SP-2092048,Consumer
SP-209205,Consumer
SP-2092055,Consumer
SP-2092058,Consumer
SP-2092064,Consumer
SP-2092082,Consumer
SR-10425117,Self-Employed
SR-10425137,Self-Employed
SR-1042523,Self-Employed
SR-1042538,Self-Employed
SR-1042595,Self-Employed
SR-10740108,Self-Employed
SR-10740116,Self-Employed
SR-1074049,Self-Employed
SR-1074060,Self-Employed
SR-20425118,Self-Employed
SR-20425139,Self-Employed
SR-204251402,Self-Employed
SR-204251404,Self-Employed
SR-204251406,Self-Employed
SR-204251408,Self-Employed
SR-2042536,Self-Employed
SR-2042539,Self-Employed
SR-2042548,Self-Employed
SR-204255,Self-Employed
SR-2042564,Self-Employed
SR-2042566,Self-Employed
SR-204257,Self-Employed
SR-204258,Self-Employed
SR-2042592,Self-Employed
SR-20740120,Self-Employed
SR-20740139,Self-Employed
SR-207401402,Self-Employed
SR-207401404,Self-Employed
SR-207401406,Self-Employed
SR-207401408,Self-Employed
SR-2074027,Self-Employed
SR-2074028,Self-Employed
SR-2074039,Self-Employed
SR-2074045,Self-Employed
SR-2074055,Self-Employed
SR-2074058,Self-Employed
SR-2074059,Self-Employed
SR-207407,Self-Employed
SR-2074082,Self-Employed
SR-2074091,Self-Employed
SR-2074093,Self-Employed
SS-10140129,Corporate
SS-10140147,Corporate
SS-1014023,Corporate
SS-1014060,Corporate
SS-1014061,Corporate
SS-1014084,Corporate
SS-1014095,Corporate
SS-10410103,Consumer
SS-10410108,Consumer
SS-10410117,Consumer
SS-10410134,Consumer
SS-1041023,Consumer
SS-1041061,Consumer
SS-1041087,Consumer
SS-10515122,Self-Employed
SS-1051560,Self-Employed
SS-1059013,Consumer
SS-10590131,Consumer
SS-1059049,Consumer
SS-10875134,Consumer
SS-1087595,Consumer
SS-201401,Corporate
SS-20140102,Corporate
SS-20140104,Corporate
SS-201401402,Corporate
SS-201401404,Corporate
SS-201401406,Corporate
SS-201401408,Corporate
SS-20140143,Corporate
SS-20140144,Corporate
SS-2014018,Corporate
SS-2014027,Corporate
SS-2014031,Corporate
SS-2014036,Corporate
SS-2014045,Corporate
SS-2014059,Corporate
SS-2014064,Corporate
SS-201407,Corporate
SS-2014082,Corporate
SS-2014093,Corporate
SS-2014098,Corporate
SS-20410125,Consumer
SS-204101402,Consumer
SS-204101404,Consumer
SS-204101406,Consumer
SS-204101408,Consumer
SS-20410143,Consumer
SS-2041016,Consumer
SS-2041018,Consumer
SS-2041027,Consumer
SS-2041036,Consumer
SS-2041037,Consumer
SS-2041039,Consumer
SS-2041045,Consumer
SS-2041048,Consumer
SS-2041058,Consumer
SS-2041059,Consumer
SS-2041078,Consumer
SS-2041082,Consumer
SS-2041091,Consumer
SS-2041093,Consumer
SS-20515100,Self-Employed
SS-20515102,Self-Employed
SS-20515120,Self-Employed
SS-20515139,Self-Employed
SS-205151402,Self-Employed
SS-205151406,Self-Employed
SS-205151408,Self-Employed
SS-2051527,Self-Employed
SS-2051536,Self-Employed
SS-2051539,Self-Employed
SS-2051545,Self-Employed
SS-2051555,Self-Employed
SS-2051559,Self-Employed
SS-2051564,Self-Employed
SS-2051578,Self-Employed
SS-2051582,Self-Employed
SS-2051591,Self-Employed
SS-20590102,Consumer
SS-20590139,Consumer
SS-205901402,Consumer
SS-205901404,Consumer
SS-2059018,Consumer
SS-2059031,Consumer
SS-2059036,Consumer
SS-2059045,Consumer
SS-2059048,Consumer
SS-2059058,Consumer
SS-2059059,Consumer
SS-2059062,Consumer
SS-205907,Consumer
SS-2059078,Consumer
SS-2059090,Consumer
SS-2059093,Consumer
SS-2059098,Consumer
SS-20875120,Consumer
SS-208751402,Consumer
SS-208751404,Consumer
SS-208751406,Consumer
SS-208751408,Consumer
SS-2087518,Consumer
SS-2087527,Consumer
SS-2087531,Consumer
SS-2087545,Consumer
SS-2087548,Consumer
SS-208755,Consumer
SS-2087558,Consumer
SS-2087559,Consumer
SS-2087566,Consumer
SS-208757,Consumer
SS-208758,Consumer
SS-2087582,Consumer
SS-2087591,Consumer
SS-2087593,Consumer
ST-10530131,Consumer
ST-10530137,Consumer
ST-1053038,Consumer
ST-1053060,Consumer
ST-1053086,Consumer
ST-20530120,Consumer
ST-20530139,Consumer
ST-205301402,Consumer
ST-205301404,Consumer
ST-205301406,Consumer
ST-205301408,Consumer
ST-2053016,Consumer
ST-2053018,Consumer
ST-2053031,Consumer
ST-2053036,Consumer
ST-2053039,Consumer
ST-2053045,Consumer
ST-2053048,Consumer
ST-2053058,Consumer
ST-2053059,Consumer
ST-2053064,Consumer
ST-205307,Consumer
ST-2053082,Consumer
ST-2053093,Consumer
SU-10665108,Self-Employed
SU-10665110,Self-Employed
SU-10665136,Self-Employed
SU-1066538,Self-Employed
SU-1066569,Self-Employed
SU-106658,Self-Employed
SU-206651,Self-Employed
SU-20665101,Self-Employed
SU-20665120,Self-Employed
SU-206651402,Self-Employed
SU-206651404,Self-Employed
SU-206651406,Self-Employed
SU-206651408,Self-Employed
SU-20665143,Self-Employed
SU-2066516,Self-Employed
SU-2066527,Self-Employed
SU-2066536,Self-Employed
SU-2066545,Self-Employed
SU-2066548,Self-Employed
SU-2066555,Self-Employed
SU-2066558,Self-Employed
SU-2066562,Self-Employed
SU-2066591,Self-Employed
SU-2066598,Self-Employed
SV-10365110,Consumer
SV-10365134,Consumer
SV-1036523,Consumer
SV-1036557,Consumer
SV-1036563,Consumer
SV-10785110,Consumer
SV-10785134,Consumer
SV-10785137,Consumer
SV-1078529,Consumer
SV-1078577,Consumer
SV-1078587,Consumer
SV-10815126,Corporate
SV-10815134,Corporate
SV-1081523,Corporate
SV-1081543,Corporate
SV-1081561,Corporate
SV-108158,Corporate
SV-1081595,Corporate
SV-1093559,Consumer
SV-1093595,Consumer
SV-20365118,Consumer
SV-20365120,Consumer
SV-20365130,Consumer
SV-20365139,Consumer
SV-203651402,Consumer
SV-203651404,Consumer
SV-203651406,Consumer
SV-203651408,Consumer
SV-2036527,Consumer
SV-2036545,Consumer
SV-2036551,Consumer
SV-2036555,Consumer
SV-2036559,Consumer
SV-2036566,Consumer
SV-203657,Consumer
SV-2036582,Consumer
SV-2036597,Consumer
SV-2036598,Consumer
SV-20785120,Consumer
SV-20785139,Consumer
SV-207851402,Consumer
SV-207851404,Consumer
SV-207851406,Consumer
SV-207851408,Consumer
SV-20785144,Consumer
SV-2078527,Consumer
SV-2078528,Consumer
SV-2078531,Consumer
SV-2078539,Consumer
SV-2078545,Consumer
SV-2078551,Consumer
SV-2078559,Consumer
SV-2078564,Consumer
SV-207857,Consumer
SV-2078582,Consumer
SV-20815139,Corporate
SV-208151402,Corporate
SV-208151404,Corporate
SV-208151408,Corporate
SV-2081518,Corporate
SV-2081527,Corporate
SV-2081531,Corporate
SV-2081536,Corporate
SV-2081545,Corporate
SV-208155,Corporate
SV-2081558,Corporate
SV-2081559,Corporate
SV-2081564,Corporate
SV-2081566,Corporate
SV-208157,Corporate
SV-2081582,Corporate
SV-2081593,Corporate
SV-20935102,Consumer
SV-20935120,Consumer
SV-20935139,Consumer
SV-209351402,Consumer
SV-209351404,Consumer
SV-209351406,Consumer
SV-2093518,Consumer
SV-2093527,Consumer
SV-2093536,Consumer
SV-2093544,Consumer
SV-2093545,Consumer
SV-209355,Consumer
SV-2093555,Consumer
SV-2093558,Consumer
SV-2093559,Consumer
SV-2093566,Consumer
SV-209357,Consumer
SV-2093582,Consumer
SW-10245110,Consumer
SW-10245116,Consumer
SW-10245117,Consumer
SW-1024567,Consumer
SW-10275107,Consumer
SW-10275134,Consumer
SW-1027523,Consumer
SW-1027569,Consumer
SW-1027575,Consumer
SW-10350110,Self-Employed
SW-10350112,Self-Employed
SW-10350134,Self-Employed
SW-10350137,Self-Employed
SW-10350146,Self-Employed
SW-1035061,Self-Employed
SW-1035069,Self-Employed
SW-1035083,Self-Employed
SW-1035095,Self-Employed
SW-10455107,Consumer
SW-10455110,Consumer
SW-10455129,Consumer
SW-1045515,Consumer
SW-1045538,Consumer
SW-104554,Consumer
SW-1045560,Consumer
SW-1045595,Consumer
SW-10755110,Corporate
SW-10755116,Corporate
SW-10755134,Corporate
SW-1075523,Corporate
SW-1075529,Corporate
SW-1075549,Corporate
SW-1075560,Corporate
SW-20245102,Consumer
SW-20245139,Consumer
SW-2024514,Consumer
SW-202451402,Consumer
SW-202451404,Consumer
SW-202451406,Consumer
SW-202451408,Consumer
SW-2024531,Consumer
SW-2024536,Consumer
SW-2024545,Consumer
SW-2024548,Consumer
SW-2024550,Consumer
SW-2024558,Consumer
SW-2024559,Consumer
SW-202457,Consumer
SW-202458,Consumer
SW-2024582,Consumer
SW-2024584,Consumer
SW-20275102,Consumer
SW-20275139,Consumer
SW-202751402,Consumer
SW-202751404,Consumer
SW-202751406,Consumer
SW-202751408,Consumer
SW-20275141,Consumer
SW-2027518,Consumer
SW-2027527,Consumer
SW-2027536,Consumer
SW-2027539,Consumer
SW-2027545,Consumer
SW-2027548,Consumer
SW-202755,Consumer
SW-2027555,Consumer
SW-2027558,Consumer
SW-2027559,Consumer
SW-2027564,Consumer
SW-202757,Consumer
SW-2027582,Consumer
SW-2027592,Consumer
SW-2027598,Consumer
SW-20350102,Self-Employed
SW-20350104,Self-Employed
SW-20350132,Self-Employed
SW-20350139,Self-Employed
SW-203501402,Self-Employed
SW-203501406,Self-Employed
SW-20350143,Self-Employed
SW-2035027,Self-Employed
SW-2035031,Self-Employed
SW-2035045,Self-Employed
SW-2035048,Self-Employed
SW-2035058,Self-Employed
SW-2035059,Self-Employed
SW-203507,Self-Employed
SW-2035091,Self-Employed
SW-2035098,Self-Employed
SW-20455118,Consumer
SW-20455127,Consumer
SW-20455139,Consumer
SW-204551404,Consumer
SW-204551406,Consumer
SW-204551408,Consumer
SW-2045518,Consumer
SW-2045545,Consumer
SW-2045548,Consumer
SW-2045559,Consumer
SW-2045564,Consumer
SW-2045582,Consumer
SW-2045592,Consumer
SW-20755102,Corporate
SW-20755113,Corporate
SW-20755124,Corporate
SW-20755139,Corporate
SW-207551404,Corporate
SW-207551406,Corporate
SW-2075516,Corporate
SW-2075527,Corporate
SW-2075528,Corporate
SW-2075531,Corporate
SW-2075537,Corporate
SW-2075545,Corporate
SW-2075548,Corporate
SW-2075555,Corporate
SW-2075558,Corporate
SW-2075559,Corporate
SW-207557,Corporate
SW-2075582,Corporate
SW-2075591,Corporate
SW-2075593,Corporate
SZ-100353,Self-Employed
SZ-1003560,Self-Employed
SZ-1003561,Self-Employed
SZ-20035102,Self-Employed
SZ-20035130,Self-Employed
SZ-200351402,Self-Employed
SZ-200351404,Self-Employed
SZ-200351406,Self-Employed
SZ-2003516,Self-Employed
SZ-2003518,Self-Employed
SZ-2003527,Self-Employed
SZ-2003531,Self-Employed
SZ-2003536,Self-Employed
SZ-2003539,Self-Employed
SZ-2003545,Self-Employed
SZ-2003551,Self-Employed
SZ-2003558,Self-Employed
SZ-2003559,Self-Employed
SZ-200357,Self-Employed
SZ-2003580,Self-Employed
SZ-2003582,Self-Employed
SZ-2003593,Self-Employed
SZ-2003598,Self-Employed
TA-11385134,Self-Employed
TA-11385146,Self-Employed
TA-1138533,Self-Employed
TA-1138570,Self-Employed
TA-1138595,Self-Employed
TA-21385102,Self-Employed
TA-21385120,Self-Employed
TA-213851402,Self-Employed
TA-213851406,Self-Employed
TA-21385143,Self-Employed
TA-2138518,Self-Employed
TA-2138526,Self-Employed
TA-2138527,Self-Employed
TA-2138544,Self-Employed
TA-2138545,Self-Employed
TA-2138548,Self-Employed
TA-2138558,Self-Employed
TA-213857,Self-Employed
TA-2138582,Self-Employed
TB-1105561,Consumer
TB-1105568,Consumer
TB-1105595,Consumer
TB-11175129,Corporate
TB-11175134,Corporate
TB-1117567,Corporate
TB-1117575,Corporate
TB-11190137,Self-Employed
TB-1119049,Self-Employed
TB-1119061,Self-Employed
TB-1119086,Self-Employed
TB-11250108,Consumer
TB-11250109,Consumer
TB-11250134,Consumer
TB-112503,Consumer
TB-1125033,Consumer
TB-1125038,Consumer
TB-1125060,Consumer
TB-1125061,Consumer
TB-1125086,Consumer
TB-11280108,Consumer
TB-11280134,Consumer
TB-1128023,Consumer
TB-112803,Consumer
TB-1128060,Consumer
TB-1128076,Consumer
TB-1128079,Consumer
TB-11355103,Corporate
TB-11355134,Corporate
TB-11355137,Corporate
TB-1135515,Corporate
TB-113554,Corporate
TB-1135595,Corporate
TB-11400110,Consumer
TB-11400134,Consumer
TB-11400137,Consumer
TB-11400145,Consumer
TB-1140032,Consumer
TB-1140052,Consumer
TB-1140060,Consumer
TB-1140087,Consumer
TB-11520108,Consumer
TB-11520110,Consumer
TB-11520134,Consumer
TB-1152069,Consumer
TB-1152089,Consumer
TB-1152095,Consumer
TB-11595108,Consumer
TB-11595137,Consumer
TB-1159549,Consumer
TB-1159561,Consumer
TB-11625134,Consumer
TB-1162533,Consumer
TB-1162595,Consumer
TB-21055113,Consumer
TB-21055139,Consumer
TB-210551406,Consumer
TB-2105518,Consumer
TB-2105526,Consumer
TB-2105527,Consumer
TB-2105531,Consumer
TB-2105539,Consumer
TB-2105545,Consumer
TB-2105548,Consumer
TB-2105558,Consumer
TB-2105562,Consumer
TB-2105566,Consumer
TB-210557,Consumer
TB-2105582,Consumer
TB-2105592,Consumer
TB-2105593,Consumer
TB-21175139,Corporate
TB-211751402,Corporate
TB-211751406,Corporate
TB-211751408,Corporate
TB-2117518,Corporate
TB-2117528,Corporate
TB-2117531,Corporate
TB-2117539,Corporate
TB-2117545,Corporate
TB-2117551,Corporate
TB-2117558,Corporate
TB-2117559,Corporate
TB-2117564,Corporate
TB-211757,Corporate
TB-211758,Corporate
TB-2117582,Corporate
TB-2117592,Corporate
TB-2117598,Corporate
TB-21190139,Self-Employed
TB-211901404,Self-Employed
TB-211901406,Self-Employed
TB-211901408,Self-Employed
TB-2119018,Self-Employed
TB-2119039,Self-Employed
TB-2119045,Self-Employed
TB-2119058,Self-Employed
TB-2119059,Self-Employed
TB-2119066,Self-Employed
TB-211907,Self-Employed
TB-2119082,Self-Employed
TB-2119091,Self-Employed
TB-21250120,Consumer
TB-212501402,Consumer
TB-212501404,Consumer
TB-212501406,Consumer
TB-21250144,Consumer
TB-2125018,Consumer
TB-2125031,Consumer
TB-2125045,Consumer
TB-2125048,Consumer
TB-2125055,Consumer
TB-2125058,Consumer
TB-2125059,Consumer
TB-2125064,Consumer
TB-212507,Consumer
TB-2125082,Consumer
TB-2125093,Consumer
TB-21280101,Consumer
TB-21280130,Consumer
TB-21280139,Consumer
TB-212801402,Consumer
TB-212801404,Consumer
TB-212801406,Consumer
TB-212801408,Consumer
TB-21280143,Consumer
TB-2128018,Consumer
TB-2128026,Consumer
TB-2128028,Consumer
TB-2128031,Consumer
TB-2128036,Consumer
TB-2128039,Consumer
TB-2128044,Consumer
TB-2128048,Consumer
TB-2128055,Consumer
TB-2128059,Consumer
TB-2128082,Consumer
TB-21355139,Corporate
TB-213551402,Corporate
TB-213551406,Corporate
TB-213551408,Corporate
TB-2135518,Corporate
TB-2135531,Corporate
TB-2135555,Corporate
TB-2135564,Corporate
TB-213557,Corporate
TB-2135582,Corporate
TB-2135592,Corporate
TB-2135598,Corporate
TB-21400101,Consumer
TB-21400102,Consumer
TB-21400130,Consumer
TB-21400139,Consumer
TB-214001402,Consumer
TB-214001404,Consumer
TB-214001406,Consumer
TB-214001408,Consumer
TB-2140018,Consumer
TB-2140031,Consumer
TB-2140048,Consumer
TB-2140055,Consumer
TB-2140058,Consumer
TB-2140059,Consumer
TB-2140066,Consumer
TB-214007,Consumer
TB-2140082,Consumer
TB-2140091,Consumer
TB-2140093,Consumer
TB-2140098,Consumer
TB-21520120,Consumer
TB-21520139,Consumer
TB-215201402,Consumer
TB-215201404,Consumer
TB-215201406,Consumer
TB-2152026,Consumer
TB-2152039,Consumer
TB-2152045,Consumer
TB-2152048,Consumer
TB-215205,Consumer
TB-2152058,Consumer
TB-2152059,Consumer
TB-2152064,Consumer
TB-215207,Consumer
TB-2152082,Consumer
TB-2152088,Consumer
TB-2152097,Consumer
TB-21595101,Consumer
TB-21595113,Consumer
TB-21595120,Consumer
TB-215951402,Consumer
TB-215951404,Consumer
TB-215951406,Consumer
TB-2159518,Consumer
TB-2159527,Consumer
TB-2159536,Consumer
TB-2159539,Consumer
TB-2159545,Consumer
TB-2159558,Consumer
TB-215957,Consumer
TB-215958,Consumer
TB-2159582,Consumer
TB-2159592,Consumer
TB-2159593,Consumer
TB-2159597,Consumer
TB-21625124,Consumer
TB-21625139,Consumer
TB-216251402,Consumer
TB-216251404,Consumer
TB-216251406,Consumer
TB-2162539,Consumer
TB-2162545,Consumer
TB-2162548,Consumer
TB-2162551,Consumer
TB-2162558,Consumer
TB-2162559,Consumer
TB-216257,Consumer
TB-216258,Consumer
TB-2162582,Consumer
TB-2162588,Consumer
TB-2162592,Consumer
TB-2162598,Consumer
TC-10980105,Corporate
TC-10980110,Corporate
TC-10980115,Corporate
TC-10980117,Corporate
TC-10980134,Corporate
TC-10980137,Corporate
TC-109809,Corporate
TC-1098095,Corporate
TC-11145107,Corporate
TC-11145108,Corporate
TC-1114513,Corporate
TC-11145134,Corporate
TC-1114529,Corporate
TC-1114560,Corporate
TC-1114561,Corporate
TC-1114586,Corporate
TC-11295111,Consumer
TC-11295117,Consumer
TC-11295134,Consumer
TC-1129523,Consumer
TC-1129595,Consumer
TC-11475105,Self-Employed
TC-11475110,Self-Employed
TC-11475122,Self-Employed
TC-11475126,Self-Employed
TC-11475134,Self-Employed
TC-1147523,Self-Employed
TC-1147532,Self-Employed
TC-1147533,Self-Employed
TC-1153533,Self-Employed
TC-1153584,Self-Employed
TC-1153595,Self-Employed
TC-20980120,Corporate
TC-20980139,Corporate
TC-209801402,Corporate
TC-209801404,Corporate
TC-209801406,Corporate
TC-209801408,Corporate
TC-2098018,Corporate
TC-2098027,Corporate
TC-2098028,Corporate
TC-2098039,Corporate
TC-2098045,Corporate
TC-2098048,Corporate
TC-2098051,Corporate
TC-2098055,Corporate
TC-2098058,Corporate
TC-209807,Corporate
TC-2098078,Corporate
TC-209808,Corporate
TC-2098082,Corporate
TC-2098098,Corporate
TC-21145101,Corporate
TC-21145102,Corporate
TC-21145120,Corporate
TC-21145125,Corporate
TC-211451406,Corporate
TC-2114518,Corporate
TC-2114527,Corporate
TC-2114528,Corporate
TC-2114545,Corporate
TC-2114548,Corporate
TC-2114555,Corporate
TC-2114559,Corporate
TC-2114566,Corporate
TC-211457,Corporate
TC-2114582,Corporate
TC-2114592,Corporate
TC-2114593,Corporate
TC-2114597,Corporate
TC-21295102,Consumer
TC-21295130,Consumer
TC-21295139,Consumer
TC-212951402,Consumer
TC-212951404,Consumer
TC-212951406,Consumer
TC-212951408,Consumer
TC-2129518,Consumer
TC-2129527,Consumer
TC-2129539,Consumer
TC-2129545,Consumer
TC-2129548,Consumer
TC-2129558,Consumer
TC-2129559,Consumer
TC-2129582,Consumer
TC-2129591,Consumer
TC-2129593,Consumer
TC-2147512,Self-Employed
TC-21475120,Self-Employed
TC-21475130,Self-Employed
TC-214751402,Self-Employed
TC-214751404,Self-Employed
TC-214751406,Self-Employed
TC-214751408,Self-Employed
TC-2147518,Self-Employed
TC-2147528,Self-Employed
TC-2147536,Self-Employed
TC-2147548,Self-Employed
TC-2147558,Self-Employed
TC-2147559,Self-Employed
TC-214757,Self-Employed
TC-2147582,Self-Employed
TC-2147592,Self-Employed
TC-21535101,Self-Employed
TC-21535120,Self-Employed
TC-21535130,Self-Employed
TC-21535132,Self-Employed
TC-215351404,Self-Employed
TC-215351406,Self-Employed
TC-215351408,Self-Employed
TC-2153518,Self-Employed
TC-2153526,Self-Employed
TC-2153527,Self-Employed
TC-2153531,Self-Employed
TC-2153536,Self-Employed
TC-2153545,Self-Employed
TC-215355,Self-Employed
TC-2153551,Self-Employed
TC-2153564,Self-Employed
TC-2153566,Self-Employed
TC-215357,Self-Employed
TC-2153582,Self-Employed
TC-2153593,Self-Employed
TC-2153598,Self-Employed
TD-10995134,Consumer
TD-1099523,Consumer
TD-1099595,Consumer
TD-20995120,Consumer
TD-20995130,Consumer
TD-209951402,Consumer
TD-209951404,Consumer
TD-209951406,Consumer
TD-209951408,Consumer
TD-2099527,Consumer
TD-2099548,Consumer
TD-2099558,Consumer
TD-2099562,Consumer
TD-209957,Consumer
TD-2099582,Consumer
TD-2099598,Consumer
TG-1131023,Consumer
TG-1131070,Consumer
TG-1131095,Consumer
TG-11640122,Consumer
TG-11640129,Consumer
TG-11640134,Consumer
TG-1164023,Consumer
TG-1164038,Consumer
TG-1164060,Consumer
TG-1164063,Consumer
TG-1164068,Consumer
TG-1164075,Consumer
TG-21310139,Consumer
TG-213101404,Consumer
TG-213101406,Consumer
TG-213101408,Consumer
TG-2131018,Consumer
TG-2131027,Consumer
TG-2131036,Consumer
TG-2131039,Consumer
TG-2131045,Consumer
TG-2131048,Consumer
TG-2131055,Consumer
TG-2131058,Consumer
TG-2131059,Consumer
TG-2131062,Consumer
TG-2131066,Consumer
TG-213107,Consumer
TG-213108,Consumer
TG-2131082,Consumer
TG-21640102,Consumer
TG-21640120,Consumer
TG-21640124,Consumer
TG-21640139,Consumer
TG-2164014,Consumer
TG-216401402,Consumer
TG-216401404,Consumer
TG-216401408,Consumer
TG-2164018,Consumer
TG-2164026,Consumer
TG-2164027,Consumer
TG-2164045,Consumer
TG-2164048,Consumer
TG-216405,Consumer
TG-2164058,Consumer
TG-2164059,Consumer
TG-2164064,Consumer
TG-2164066,Consumer
TG-216407,Consumer
TG-2164078,Consumer
TG-216408,Consumer
TG-2164082,Consumer
TG-2164093,Consumer
TH-11100108,Consumer
TH-1110019,Consumer
TH-1110033,Consumer
TH-1110063,Consumer
TH-11115117,Corporate
TH-11115129,Corporate
TH-1111515,Corporate
TH-1111523,Corporate
TH-1111533,Corporate
TH-1111547,Corporate
TH-11235107,Corporate
TH-11235108,Corporate
TH-11235134,Corporate
TH-11235147,Corporate
TH-112353,Corporate
TH-1123561,Corporate
TH-1123573,Corporate
TH-1123595,Corporate
TH-11550137,Self-Employed
TH-1155023,Self-Employed
TH-1155033,Self-Employed
TH-1155095,Self-Employed
TH-21100102,Consumer
TH-21100118,Consumer
TH-21100125,Consumer
TH-211001404,Consumer
TH-211001406,Consumer
TH-211001408,Consumer
TH-2110018,Consumer
TH-2110036,Consumer
TH-2110039,Consumer
TH-2110045,Consumer
TH-2110048,Consumer
TH-2110054,Consumer
TH-2110058,Consumer
TH-2110059,Consumer
TH-2110064,Consumer
TH-211007,Consumer
TH-2110078,Consumer
TH-2110082,Consumer
TH-2110092,Consumer
TH-2110099,Consumer
TH-211151,Corporate
TH-21115102,Corporate
TH-2111512,Corporate
TH-211151402,Corporate
TH-211151406,Corporate
TH-2111518,Corporate
TH-2111526,Corporate
TH-2111527,Corporate
TH-2111545,Corporate
TH-2111555,Corporate
TH-2111558,Corporate
TH-211157,Corporate
TH-2111578,Corporate
TH-211158,Corporate
TH-2111582,Corporate
TH-21235125,Corporate
TH-212351402,Corporate
TH-212351404,Corporate
TH-212351406,Corporate
TH-2123527,Corporate
TH-2123536,Corporate
TH-2123539,Corporate
TH-2123544,Corporate
TH-2123545,Corporate
TH-2123555,Corporate
TH-2123564,Corporate
TH-212357,Corporate
TH-2123582,Corporate
TH-2123597,Corporate
TH-2123598,Corporate
TH-21550101,Self-Employed
TH-21550130,Self-Employed
TH-21550139,Self-Employed
TH-215501402,Self-Employed
TH-215501406,Self-Employed
TH-215501408,Self-Employed
TH-2155018,Self-Employed
TH-2155026,Self-Employed
TH-2155027,Self-Employed
TH-2155036,Self-Employed
TH-2155045,Self-Employed
TH-2155051,Self-Employed
TH-2155054,Self-Employed
TH-2155055,Self-Employed
TH-2155059,Self-Employed
TH-2155064,Self-Employed
TH-2155066,Self-Employed
TH-215507,Self-Employed
TH-2155082,Self-Employed
TM-11010128,Consumer
TM-1101038,Consumer
TM-1101095,Consumer
TM-11490108,Consumer
TM-11490110,Consumer
TM-11490134,Consumer
TM-11490135,Consumer
TM-1149042,Consumer
TM-1149060,Consumer
TM-1149079,Consumer
TM-1149086,Consumer
TM-21010120,Consumer
TM-21010124,Consumer
TM-21010125,Consumer
TM-21010139,Consumer
TM-210101402,Consumer
TM-210101404,Consumer
TM-210101406,Consumer
TM-210101408,Consumer
TM-2101018,Consumer
TM-2101044,Consumer
TM-2101045,Consumer
TM-2101048,Consumer
TM-2101055,Consumer
TM-2101058,Consumer
TM-2101059,Consumer
TM-2101064,Consumer
TM-2101066,Consumer
TM-210107,Consumer
TM-2101082,Consumer
TM-2101096,Consumer
TM-2149011,Consumer
TM-21490139,Consumer
TM-214901402,Consumer
TM-214901404,Consumer
TM-214901406,Consumer
TM-2149018,Consumer
TM-2149027,Consumer
TM-2149031,Consumer
TM-2149039,Consumer
TM-2149045,Consumer
TM-2149048,Consumer
TM-2149051,Consumer
TM-2149058,Consumer
TM-2149059,Consumer
TM-2149064,Consumer
TM-214907,Consumer
TM-2149082,Consumer
TN-11040129,Self-Employed
TN-1104086,Self-Employed
TN-21040139,Self-Employed
TN-210401402,Self-Employed
TN-210401404,Self-Employed
TN-210401406,Self-Employed
TN-210401408,Self-Employed
TN-2104018,Self-Employed
TN-2104027,Self-Employed
TN-2104028,Self-Employed
TN-2104031,Self-Employed
TN-2104034,Self-Employed
TN-2104039,Self-Employed
TN-2104045,Self-Employed
TN-210405,Self-Employed
TN-2104058,Self-Employed
TN-2104064,Self-Employed
TN-210407,Self-Employed
TN-2104082,Self-Employed
TN-2104091,Self-Employed
TN-2104092,Self-Employed
TN-2104097,Self-Employed
TP-11130103,Consumer
TP-11130117,Consumer
TP-11130134,Consumer
TP-1113038,Consumer
TP-1113095,Consumer
TP-1141523,Consumer
TP-1141538,Consumer
TP-1141569,Consumer
TP-1141595,Consumer
TP-11565107,Corporate
TP-11565108,Corporate
TP-11565134,Corporate
TP-1156515,Corporate
TP-1156522,Corporate
TP-21130118,Consumer
TP-21130120,Consumer
TP-21130130,Consumer
TP-21130139,Consumer
TP-211301402,Consumer
TP-211301404,Consumer
TP-211301406,Consumer
TP-211301408,Consumer
TP-21130144,Consumer
TP-2113026,Consumer
TP-2113027,Consumer
TP-2113036,Consumer
TP-2113039,Consumer
TP-2113045,Consumer
TP-2113048,Consumer
TP-2113058,Consumer
TP-2113059,Consumer
TP-2113064,Consumer
TP-211307,Consumer
TP-2113082,Consumer
TP-2113091,Consumer
TP-2113093,Consumer
TP-2113099,Consumer
TP-21415118,Consumer
TP-21415130,Consumer
TP-21415139,Consumer
TP-214151402,Consumer
TP-214151404,Consumer
TP-214151406,Consumer
TP-2141516,Consumer
TP-2141518,Consumer
TP-2141521,Consumer
TP-2141531,Consumer
TP-2141545,Consumer
TP-2141555,Consumer
TP-2141558,Consumer
TP-2141559,Consumer
TP-214157,Consumer
TP-2141582,Consumer
TP-2141592,Consumer
TP-2141597,Consumer
TP-21565120,Corporate
TP-21565125,Corporate
TP-21565139,Corporate
TP-215651402,Corporate
TP-215651404,Corporate
TP-2156518,Corporate
TP-2156527,Corporate
TP-2156531,Corporate
TP-2156536,Corporate
TP-2156539,Corporate
TP-2156545,Corporate
TP-2156548,Corporate
TP-2156559,Corporate
TP-2156564,Corporate
TP-215657,Corporate
TP-2156582,Corporate
TP-2156591,Corporate
TP-2156597,Corporate
TR-11325129,Consumer
TR-11325134,Consumer
TR-1132560,Consumer
TR-1132586,Consumer
TR-21325102,Consumer
TR-21325139,Consumer
TR-213251402,Consumer
TR-213251404,Consumer
TR-213251406,Consumer
TR-213251408,Consumer
TR-2132518,Consumer
TR-2132526,Consumer
TR-2132527,Consumer
TR-2132539,Consumer
TR-2132545,Consumer
TR-2132548,Consumer
TR-2132558,Consumer
TR-2132559,Consumer
TR-2132564,Consumer
TR-213257,Consumer
TS-11085110,Consumer
TS-1108523,Consumer
TS-1108533,Consumer
TS-1108549,Consumer
TS-1108560,Consumer
TS-1108561,Consumer
TS-1108563,Consumer
TS-1108586,Consumer
TS-11160103,Corporate
TS-11160108,Corporate
TS-1116030,Corporate
TS-1116049,Corporate
TS-11205134,Corporate
TS-11205146,Corporate
TS-1120560,Corporate
TS-11340134,Consumer
TS-11340137,Consumer
TS-1134023,Consumer
TS-1134053,Consumer
TS-11370103,Corporate
TS-11370108,Corporate
TS-11370110,Corporate
TS-11370129,Corporate
TS-11370134,Corporate
TS-11370137,Corporate
TS-1137024,Corporate
TS-1137060,Corporate
TS-1137094,Corporate
TS-1137095,Corporate
TS-11430117,Corporate
TS-1143015,Corporate
TS-1143033,Corporate
TS-1143060,Corporate
TS-1143085,Corporate
TS-1143094,Corporate
TS-115053,Consumer
TS-1150568,Consumer
TS-1150586,Consumer
TS-1150595,Consumer
TS-11610134,Consumer
TS-11610137,Consumer
TS-1161060,Consumer
TS-1161083,Consumer
TS-1161087,Consumer
TS-11655108,Consumer
TS-11655110,Consumer
TS-11655111,Consumer
TS-1165513,Consumer
TS-11655134,Consumer
TS-11655137,Consumer
TS-21085120,Consumer
TS-210851404,Consumer
TS-210851408,Consumer
TS-21085144,Consumer
TS-2108518,Consumer
TS-2108536,Consumer
TS-2108539,Consumer
TS-2108545,Consumer
TS-2108551,Consumer
TS-2108555,Consumer
TS-2108559,Consumer
TS-2108564,Consumer
TS-210857,Consumer
TS-210858,Consumer
TS-2108593,Consumer
TS-21160102,Corporate
TS-21160120,Corporate
TS-211601402,Corporate
TS-211601404,Corporate
TS-211601406,Corporate
TS-211601408,Corporate
TS-2116027,Corporate
TS-2116039,Corporate
TS-2116045,Corporate
TS-2116051,Corporate
TS-211607,Corporate
TS-211608,Corporate
TS-2116082,Corporate
TS-212051,Corporate
TS-21205120,Corporate
TS-21205139,Corporate
TS-212051402,Corporate
TS-212051404,Corporate
TS-212051406,Corporate
TS-212051408,Corporate
TS-2120518,Corporate
TS-2120527,Corporate
TS-2120534,Corporate
TS-2120536,Corporate
TS-2120537,Corporate
TS-2120545,Corporate
TS-2120548,Corporate
TS-2120559,Corporate
TS-2120564,Corporate
TS-212057,Corporate
TS-2120582,Corporate
TS-2120591,Corporate
TS-2120592,Corporate
TS-213401,Consumer
TS-21340139,Consumer
TS-213401402,Consumer
TS-213401404,Consumer
TS-213401406,Consumer
TS-21340143,Consumer
TS-2134018,Consumer
TS-2134027,Consumer
TS-2134039,Consumer
TS-2134045,Consumer
TS-2134051,Consumer
TS-2134055,Consumer
TS-2134058,Consumer
TS-2134059,Consumer
TS-2134066,Consumer
TS-213407,Consumer
TS-2134082,Consumer
TS-2134088,Consumer
TS-2134092,Consumer
TS-21370101,Corporate
TS-21370120,Corporate
TS-21370124,Corporate
TS-21370139,Corporate
TS-213701402,Corporate
TS-213701404,Corporate
TS-213701406,Corporate
TS-2137027,Corporate
TS-2137039,Corporate
TS-2137045,Corporate
TS-2137048,Corporate
TS-2137051,Corporate
TS-2137055,Corporate
TS-2137058,Corporate
TS-213707,Corporate
TS-213708,Corporate
TS-2137092,Corporate
TS-2137093,Corporate
TS-2137097,Corporate
TS-21430102,Corporate
TS-21430113,Corporate
TS-21430120,Corporate
TS-214301402,Corporate
TS-214301404,Corporate
TS-214301406,Corporate
TS-2143027,Corporate
TS-2143028,Corporate
TS-2143045,Corporate
TS-2143048,Corporate
TS-2143051,Corporate
TS-2143058,Corporate
TS-2143059,Corporate
TS-2143064,Corporate
TS-214307,Corporate
TS-2143098,Corporate
TS-21505113,Consumer
TS-21505125,Consumer
TS-215051404,Consumer
TS-215051406,Consumer
TS-215051408,Consumer
TS-2150518,Consumer
TS-2150527,Consumer
TS-2150536,Consumer
TS-2150539,Consumer
TS-2150545,Consumer
TS-2150555,Consumer
TS-2150558,Consumer
TS-2150559,Consumer
TS-2150564,Consumer
TS-215057,Consumer
TS-2150582,Consumer
TS-2150592,Consumer
TS-2150598,Consumer
TS-21610118,Consumer
TS-21610139,Consumer
TS-216101402,Consumer
TS-216101404,Consumer
TS-216101406,Consumer
TS-21610141,Consumer
TS-21610144,Consumer
TS-2161031,Consumer
TS-2161036,Consumer
TS-2161045,Consumer
TS-2161048,Consumer
TS-2161058,Consumer
TS-216107,Consumer
TS-2161082,Consumer
TS-2161091,Consumer
TS-2161092,Consumer
TS-2161093,Consumer
TS-21655101,Consumer
TS-21655124,Consumer
TS-21655139,Consumer
TS-216551402,Consumer
TS-216551404,Consumer
TS-216551408,Consumer
TS-2165516,Consumer
TS-2165518,Consumer
TS-2165527,Consumer
TS-2165545,Consumer
TS-2165548,Consumer
TS-2165551,Consumer
TS-2165558,Consumer
TS-2165559,Consumer
TS-216558,Consumer
TS-2165588,Consumer
TS-2165591,Consumer
TT-110703,Consumer
TT-1107049,Consumer
TT-11220103,Consumer
TT-11220110,Consumer
TT-11220129,Consumer
TT-11220134,Consumer
TT-1122019,Consumer
TT-1122038,Consumer
TT-1122061,Consumer
TT-1122095,Consumer
TT-11265103,Corporate
TT-11265117,Corporate
TT-11265134,Corporate
TT-1126538,Corporate
TT-1126560,Corporate
TT-1126586,Corporate
TT-1126587,Corporate
TT-11460107,Self-Employed
TT-11460129,Self-Employed
TT-11460134,Self-Employed
TT-114602,Self-Employed
TT-1146049,Self-Employed
TT-1146086,Self-Employed
TT-1146095,Self-Employed
TT-21070102,Consumer
TT-21070120,Consumer
TT-21070139,Consumer
TT-2107014,Consumer
TT-210701404,Consumer
TT-210701406,Consumer
TT-210701408,Consumer
TT-21070143,Consumer
TT-2107018,Consumer
TT-2107027,Consumer
TT-2107036,Consumer
TT-2107045,Consumer
TT-2107058,Consumer
TT-2107059,Consumer
TT-2107064,Consumer
TT-2107066,Consumer
TT-210707,Consumer
TT-2107082,Consumer
TT-2107092,Consumer
TT-2107099,Consumer
TT-21220120,Consumer
TT-21220139,Consumer
TT-212201402,Consumer
TT-212201404,Consumer
TT-212201406,Consumer
TT-212201408,Consumer
TT-2122036,Consumer
TT-2122045,Consumer
TT-2122048,Consumer
TT-2122051,Consumer
TT-2122055,Consumer
TT-212207,Consumer
TT-2122088,Consumer
TT-21265102,Corporate
TT-21265139,Corporate
TT-212651402,Corporate
TT-212651404,Corporate
TT-212651406,Corporate
TT-21265143,Corporate
TT-2126518,Corporate
TT-2126527,Corporate
TT-2126531,Corporate
TT-2126536,Corporate
TT-2126539,Corporate
TT-212655,Corporate
TT-212657,Corporate
TT-2126582,Corporate
TT-2126592,Corporate
TT-21460120,Self-Employed
TT-21460139,Self-Employed
TT-2146014,Self-Employed
TT-214601402,Self-Employed
TT-214601404,Self-Employed
TT-214601408,Self-Employed
TT-21460143,Self-Employed
TT-2146018,Self-Employed
TT-2146031,Self-Employed
TT-2146036,Self-Employed
TT-2146045,Self-Employed
TT-2146048,Self-Employed
TT-2146055,Self-Employed
TT-2146058,Self-Employed
TT-2146059,Self-Employed
TT-2146064,Self-Employed
TT-214607,Self-Employed
TT-2146078,Self-Employed
TT-2146082,Self-Employed
TT-2146093,Self-Employed
TW-11025107,Self-Employed
TW-1102513,Self-Employed
TW-11025134,Self-Employed
TW-1102549,Self-Employed
TW-1102560,Self-Employed
TW-1102568,Self-Employed
TW-1102595,Self-Employed
TW-21025139,Self-Employed
TW-210251404,Self-Employed
TW-210251406,Self-Employed
TW-210251408,Self-Employed
TW-21025144,Self-Employed
TW-2102527,Self-Employed
TW-2102528,Self-Employed
TW-2102531,Self-Employed
TW-2102545,Self-Employed
TW-2102548,Self-Employed
TW-2102559,Self-Employed
TW-2102564,Self-Employed
TW-210257,Self-Employed
TW-2102578,Self-Employed
TW-2102582,Self-Employed
TW-2102593,Self-Employed
TZ-11445107,Corporate
TZ-11445111,Corporate
TZ-1144513,Corporate
TZ-11445134,Corporate
TZ-1144523,Corporate
TZ-1144577,Corporate
TZ-11580108,Consumer
TZ-11580122,Consumer
TZ-11580135,Consumer
TZ-1158086,Consumer
TZ-1158095,Consumer
TZ-21445113,Corporate
TZ-21445139,Corporate
TZ-2144518,Corporate
TZ-2144527,Corporate
TZ-2144531,Corporate
TZ-2144536,Corporate
TZ-2144539,Corporate
TZ-2144545,Corporate
TZ-2144551,Corporate
TZ-2144554,Corporate
TZ-214457,Corporate
TZ-2144582,Corporate
TZ-21580130,Consumer
TZ-21580139,Consumer
TZ-215801404,Consumer
TZ-21580143,Consumer
TZ-2158018,Consumer
TZ-2158036,Consumer
TZ-2158048,Consumer
TZ-2158055,Consumer
TZ-2158058,Consumer
TZ-215807,Consumer
TZ-2158082,Consumer
TZ-2158093,Consumer
VB-11745106,Corporate
VB-1174583,Corporate
VB-1174584,Corporate
VB-1174586,Corporate
VB-217451,Corporate
VB-21745102,Corporate
VB-21745120,Corporate
VB-21745139,Corporate
VB-217451402,Corporate
VB-217451406,Corporate
VB-217451408,Corporate
VB-21745143,Corporate
VB-2174518,Corporate
VB-2174527,Corporate
VB-2174545,Corporate
VB-2174559,Corporate
VB-2174597,Corporate
VB-2174598,Corporate
VD-11670116,Consumer
VD-11670134,Consumer
VD-11670137,Consumer
VD-11670142,Consumer
VD-1167060,Consumer
VD-1167061,Consumer
VD-1167095,Consumer
VD-21670102,Consumer
VD-21670124,Consumer
VD-21670130,Consumer
VD-21670139,Consumer
VD-216701402,Consumer
VD-216701404,Consumer
VD-216701406,Consumer
VD-216701408,Consumer
VD-2167027,Consumer
VD-2167036,Consumer
VD-2167039,Consumer
VD-2167048,Consumer
VD-2167055,Consumer
VD-2167059,Consumer
VD-2167082,Consumer
VD-2167088,Consumer
VF-11715134,Self-Employed
VF-1171533,Self-Employed
VF-1171538,Self-Employed
VF-21715102,Self-Employed
VF-21715120,Self-Employed
VF-217151402,Self-Employed
VF-217151404,Self-Employed
VF-2171518,Self-Employed
VF-2171527,Self-Employed
VF-2171539,Self-Employed
VF-2171545,Self-Employed
VF-2171551,Self-Employed
VF-2171555,Self-Employed
VF-2171558,Self-Employed
VF-2171564,Self-Employed
VF-2171566,Self-Employed
VF-217157,Self-Employed
VF-2171582,Self-Employed
VF-2171598,Self-Employed
VG-1179013,Consumer
VG-11790134,Consumer
VG-1179033,Consumer
VG-1179038,Consumer
VG-11805110,Corporate
VG-1180538,Corporate
VG-1180561,Corporate
VG-1180595,Corporate
VG-217901404,Consumer
VG-217901408,Consumer
VG-2179018,Consumer
VG-2179039,Consumer
VG-2179045,Consumer
VG-217905,Consumer
VG-2179051,Consumer
VG-2179054,Consumer
VG-2179058,Consumer
VG-2179064,Consumer
VG-217907,Consumer
VG-2179078,Consumer
VG-2179082,Consumer
VG-2179096,Consumer
VG-218051402,Corporate
VG-218051406,Corporate
VG-218051408,Corporate
VG-2180518,Corporate
VG-2180526,Corporate
VG-2180527,Corporate
VG-2180531,Corporate
VG-2180534,Corporate
VG-2180539,Corporate
VG-2180548,Corporate
VG-2180558,Corporate
VG-2180559,Corporate
VG-2180564,Corporate
VG-2180582,Corporate
VG-2180591,Corporate
VG-2180593,Corporate
VM-11685134,Self-Employed
VM-11685137,Self-Employed
VM-1168522,Self-Employed
VM-1168538,Self-Employed
VM-1168570,Self-Employed
VM-1183523,Consumer
VM-1183533,Consumer
VM-1183538,Consumer
VM-21685102,Self-Employed
VM-2168511,Self-Employed
VM-21685118,Self-Employed
VM-216851402,Self-Employed
VM-216851404,Self-Employed
VM-216851406,Self-Employed
VM-216851408,Self-Employed
VM-2168518,Self-Employed
VM-2168527,Self-Employed
VM-2168531,Self-Employed
VM-2168536,Self-Employed
VM-2168539,Self-Employed
VM-2168545,Self-Employed
VM-2168555,Self-Employed
VM-2168558,Self-Employed
VM-2168559,Self-Employed
VM-216857,Self-Employed
VM-2168582,Self-Employed
VM-2168591,Self-Employed
VM-2168593,Self-Employed
VM-21835130,Consumer
VM-21835139,Consumer
VM-218351402,Consumer
VM-218351404,Consumer
VM-218351406,Consumer
VM-218351408,Consumer
VM-2183545,Consumer
VM-2183548,Consumer
VM-2183551,Consumer
VM-2183558,Consumer
VM-218357,Consumer
VP-11730134,Self-Employed
VP-1173060,Self-Employed
VP-1173095,Self-Employed
VP-11760108,Corporate
VP-11760129,Corporate
VP-1176095,Corporate
VP-21730120,Self-Employed
VP-21730139,Self-Employed
VP-217301402,Self-Employed
VP-217301404,Self-Employed
VP-217301406,Self-Employed
VP-21730144,Self-Employed
VP-2173026,Self-Employed
VP-2173027,Self-Employed
VP-2173028,Self-Employed
VP-2173045,Self-Employed
VP-2173048,Self-Employed
VP-2173058,Self-Employed
VP-2173059,Self-Employed
VP-217307,Self-Employed
VP-2173082,Self-Employed
VP-2173090,Self-Employed
VP-2173091,Self-Employed
VP-2173092,Self-Employed
VP-2173093,Self-Employed
VP-2173098,Self-Employed
VP-21760113,Corporate
VP-21760120,Corporate
VP-21760139,Corporate
VP-217601402,Corporate
VP-217601404,Corporate
VP-217601406,Corporate
VP-217601408,Corporate
VP-2176018,Corporate
VP-2176039,Corporate
VP-2176048,Corporate
VP-2176058,Corporate
VP-2176059,Corporate
VP-2176066,Corporate
VP-217608,Corporate
VP-2176082,Corporate
VP-2176088,Corporate
VP-2176098,Corporate
VS-11820108,Consumer
VS-11820117,Consumer
VS-11820134,Consumer
VS-1182019,Consumer
VS-1182033,Consumer
VS-1182069,Consumer
VS-21820139,Consumer
VS-218201402,Consumer
VS-218201404,Consumer
VS-218201408,Consumer
VS-2182018,Consumer
VS-2182027,Consumer
VS-2182045,Consumer
VS-2182048,Consumer
VS-218207,Consumer
VS-2182082,Consumer
VT-11700110,Self-Employed
VT-11700117,Self-Employed
VT-1170019,Self-Employed
VT-1170060,Self-Employed
VT-1170095,Self-Employed
VT-21700118,Self-Employed
VT-21700120,Self-Employed
VT-2170014,Self-Employed
VT-217001402,Self-Employed
VT-217001406,Self-Employed
VT-2170018,Self-Employed
VT-2170027,Self-Employed
VT-2170036,Self-Employed
VT-2170045,Self-Employed
VT-2170048,Self-Employed
VT-2170058,Self-Employed
VT-2170059,Self-Employed
VT-2170064,Self-Employed
VT-2170088,Self-Employed
VT-2170092,Self-Employed
VT-2170097,Self-Employed
VW-11775134,Corporate
VW-11775137,Corporate
VW-1177532,Corporate
VW-1177538,Corporate
VW-217751,Corporate
VW-21775120,Corporate
VW-217751402,Corporate
VW-217751404,Corporate
VW-217751406,Corporate
VW-217751408,Corporate
VW-21775143,Corporate
VW-2177518,Corporate
VW-2177527,Corporate
VW-2177544,Corporate
VW-2177545,Corporate
VW-2177554,Corporate
VW-2177559,Corporate
VW-2177566,Corporate
VW-217757,Corporate
VW-2177582,Corporate
VW-2177592,Corporate
WB-11850133,Consumer
WB-11850134,Consumer
WB-2185011,Consumer
WB-21850130,Consumer
WB-21850139,Consumer
WB-218501402,Consumer
WB-218501404,Consumer
WB-218501406,Consumer
WB-2185018,Consumer
WB-2185027,Consumer
WB-2185031,Consumer
WB-2185039,Consumer
WB-2185044,Consumer
WB-2185045,Consumer
WB-2185058,Consumer
WB-2185059,Consumer
WB-2185062,Consumer
WB-2185064,Consumer
WB-218507,Consumer
WB-2185082,Consumer
WB-2185093,Consumer
XP-11865129,Consumer
XP-11865137,Consumer
XP-1186586,Consumer
XP-21865130,Consumer
XP-218651402,Consumer
XP-218651404,Consumer
XP-218651406,Consumer
XP-218651408,Consumer
XP-21865143,Consumer
XP-2186527,Consumer
XP-2186531,Consumer
XP-2186534,Consumer
XP-2186539,Consumer
XP-2186545,Consumer
XP-2186548,Consumer
XP-2186564,Consumer
XP-218657,Consumer
XP-2186582,Consumer
XP-2186592,Consumer
XP-2186593,Consumer
YC-1189522,Corporate
YC-1189523,Corporate
YC-1189587,Corporate
YC-1189595,Corporate
YC-21895120,Corporate
YC-21895139,Corporate
YC-2189514,Corporate
YC-218951402,Corporate
YC-218951404,Corporate
YC-218951406,Corporate
YC-2189518,Corporate
YC-2189527,Corporate
YC-2189539,Corporate
YC-2189545,Corporate
YC-2189548,Corporate
YC-2189558,Corporate
YC-2189559,Corporate
YC-2189564,Corporate
YC-2189582,Corporate
YC-2189592,Corporate
YS-11880110,Corporate
YS-11880117,Corporate
YS-11880134,Corporate
YS-118803,Corporate
YS-1188060,Corporate
YS-21880139,Corporate
YS-218801404,Corporate
YS-218801406,Corporate
YS-218801408,Corporate
YS-2188018,Corporate
YS-2188027,Corporate
YS-2188031,Corporate
YS-2188044,Corporate
YS-2188045,Corporate
YS-2188048,Corporate
YS-218805,Corporate
YS-2188051,Corporate
YS-2188055,Corporate
YS-2188058,Corporate
YS-218807,Corporate
YS-2188082,Corporate
YS-2188093,Corporate
ZC-1191095,Consumer
ZC-21910104,Consumer
ZC-21910124,Consumer
ZC-21910139,Consumer
ZC-219101402,Consumer
ZC-219101404,Consumer
ZC-219101406,Consumer
ZC-219101408,Consumer
ZC-2191018,Consumer
ZC-2191027,Consumer
ZC-2191039,Consumer
ZC-2191045,Consumer
ZC-2191048,Consumer
ZC-2191055,Consumer
ZC-2191058,Consumer
ZC-2191059,Consumer
ZC-2191064,Consumer
ZC-219107,Consumer
ZC-2191082,Consumer
ZC-2191098,Consumer
ZD-11925110,Consumer
ZD-11925111,Consumer
ZD-11925134,Consumer
ZD-11925137,Consumer
ZD-1192538,Consumer
ZD-1192560,Consumer
ZD-1192561,Consumer
ZD-1192583,Consumer
ZD-1192595,Consumer
ZD-21925102,Consumer
ZD-2192511,Consumer
ZD-219251402,Consumer
ZD-219251404,Consumer
ZD-219251408,Consumer
ZD-2192518,Consumer
ZD-2192527,Consumer
ZD-2192545,Consumer
ZD-2192548,Consumer
ZD-2192564,Consumer
ZD-219257,Consumer
ZD-2192582,Consumer
ZD-2192596,Consumer
